{"stats":{"minecraft:crafted":{"minecraft:smooth_stone":17,"minecraft:oak_planks":92,"minecraft:barrel":1,"minecraft:cobblestone_slab":114,"minecraft:cherry_wood":9,"inmis:baby_backpack":1,"minecraft:cherry_slab":198,"handcrafted:cherry_bench":4,"minecraft:pink_bed":2,"minecraft:cherry_boat":1,"minecraft:stone":8,"minecraft:diamond_shovel":1,"minecraft:glass":86,"minecraft:iron_boots":1,"minecraft:chest":21,"minecraft:oak_button":1,"minecraft:birch_door":3,"minecraft:cherry_fence":447,"minecraft:diamond_axe":1,"minecraft:crafting_table":3,"minecraft:wooden_pickaxe":1,"minecraft:iron_helmet":1,"minecraft:cherry_button":1,"regions_unexplored:magnolia_stairs":20,"minecraft:birch_planks":224,"minecraft:pumpkin_seeds":4,"minecraft:tnt":1,"minecraft:iron_chestplate":1,"minecraft:wooden_hoe":1,"minecraft:diamond_pickaxe":1,"minecraft:pink_wool":6,"inmis:plated_backpack":2,"minecraft:stick":440,"minecraft:stone_slab":6,"minecraft:iron_ingot":62,"minecraft:iron_pickaxe":2,"minecraft:stone_sword":2,"inmis:frayed_backpack":2,"minecraft:redstone_torch":1,"minecraft:cherry_planks":1792,"horseexpert:monocle":1,"minecraft:stone_shovel":5,"minecraft:smooth_stone_slab":12,"minecraft:iron_nugget":18,"minecraft:diamond_hoe":1,"inmis:gilded_backpack":1,"minecraft:furnace":2,"minecraft:piston":1,"hearth_and_home:cherry_parquet":1,"minecraft:bone_meal":18,"regions_unexplored:magnolia_slab":126,"minecraft:pink_dye":6,"minecraft:glass_pane":80,"regions_unexplored:pine_stairs":28,"minecraft:cherry_trapdoor":88,"minecraft:lantern":2,"minecraft:leather":38,"regions_unexplored:magnolia_trapdoor":8,"minecraft:iron_axe":2,"minecraft:ladder":12,"minecraft:cherry_stairs":192,"minecraft:stone_pickaxe":3,"chipped:tinkering_table":1,"minecraft:dark_oak_planks":192,"regions_unexplored:magnolia_planks":132,"minecraft:cherry_fence_gate":1,"minecraft:wheat":36,"minecraft:diamond_sword":1,"regions_unexplored:pine_trapdoor":4,"minecraft:bucket":2,"minecraft:stone_axe":5,"minecraft:bread":16,"minecraft:air":0,"candlelight:cherry_drawer":1,"minecraft:golden_apple":1,"minecraft:birch_trapdoor":4,"minecraft:wooden_axe":2,"minecraft:iron_shovel":1,"minecraft:cherry_door":3,"minecraft:iron_leggings":1,"minecraft:stonecutter":1,"minecraft:armor_stand":6,"minecraft:torch":68},"minecraft:killed":{"minecraft:spider":4,"minecraft:skeleton":9,"minecraft:pig":3,"minecraft:zombie_villager":1,"naturalist:firefly":1,"minecraft:creeper":2,"minecraft:sheep":1,"minecraft:zombie":14,"minecraft:cow":2},"minecraft:mined":{"minecraft:dark_oak_planks":1,"regions_unexplored:blue_lupine":14,"minecraft:pink_bed":3,"minecraft:cherry_log":64,"handcrafted:cherry_bench":3,"regions_unexplored:magnolia_log":10,"minecraft:cherry_trapdoor":12,"minecraft:granite":84,"minecraft:grass_block":489,"regions_unexplored:magnolia_stairs":1,"regions_unexplored:magnolia_trapdoor":8,"chipped:wooden_cage_lantern":1,"minecraft:iron_ore":84,"regions_unexplored:purple_lupine":11,"minecraft:pumpkin":27,"minecraft:deepslate_lapis_ore":3,"supplementaries:stick":23,"minecraft:water_cauldron":1,"amendments:wall_lantern":5,"minecraft:red_bed":2,"minecraft:stripped_cherry_wood":13,"regions_unexplored:red_lupine":1,"regions_unexplored:yellow_lupine":1,"minecraft:smoker":2,"regions_unexplored:pine_trapdoor":1,"minecraft:torch":20,"minecraft:chest":5,"minecraft:cobblestone":22,"minecraft:sugar_cane":6,"minecraft:wall_torch":16,"minecraft:cherry_slab":115,"minecraft:deepslate_copper_ore":1,"minecraft:birch_sapling":9,"minecraft:seagrass":1,"minecraft:chain":1,"minecraft:cherry_fence":77,"minecraft:wheat":20,"minecraft:birch_trapdoor":1,"minecraft:cherry_door":3,"minecraft:grass":16,"regions_unexplored:cherry_shrub":1,"minecraft:oak_log":3,"minecraft:dark_oak_sapling":1,"minecraft:sand":220,"minecraft:dirt":322,"regions_unexplored:clover":31,"minecraft:wither_skeleton_skull":1,"minecraft:stonecutter":2,"minecraft:oak_leaves":5,"minecraft:deepslate":126,"regions_unexplored:fireweed":1,"minecraft:diamond_ore":28,"minecraft:tuff":5,"minecraft:dark_oak_leaves":1,"minecraft:deepslate_diamond_ore":7,"regions_unexplored:pink_lupine":6,"minecraft:cherry_sapling":6,"minecraft:stripped_cherry_log":38,"minecraft:dark_oak_log":18,"minecraft:jack_o_lantern":7,"minecraft:spruce_leaves":5,"regions_unexplored:magnolia_slab":12,"minecraft:large_fern":1,"minecraft:hay_block":4,"hearth_and_home:cherry_parquet":1,"minecraft:furnace":3,"minecraft:carrots":20,"supplementaries:flax":1,"minecraft:andesite":37,"regions_unexplored:white_magnolia_shrub":1,"minecraft:potatoes":40,"minecraft:cobblestone_slab":43,"minecraft:deepslate_iron_ore":9,"minecraft:shroomlight":1,"minecraft:vine":4,"minecraft:lantern":25,"regions_unexplored:medium_grass":3,"chipped:big_lantern":1,"minecraft:stone":795,"minecraft:cherry_stairs":60,"regions_unexplored:windswept_grass":1,"minecraft:flowering_azalea":1,"minecraft:glass_pane":4,"minecraft:cherry_planks":32,"chipped:donut_lantern":1,"minecraft:stone_brick_slab":2,"minecraft:crafting_table":9,"minecraft:campfire":2,"minecraft:tall_grass":1,"minecraft:copper_ore":5,"minecraft:lapis_ore":3,"minecraft:diorite":87,"supplementaries:urn":1,"minecraft:birch_planks":103,"minecraft:gray_bed":1,"minecraft:spruce_log":11,"minecraft:birch_leaves":29,"chipped:white_paper_lantern":1,"chipped:dark_blue_paper_lantern":3,"minecraft:coal_ore":60,"minecraft:cherry_leaves":213,"regions_unexplored:stripped_magnolia_log":26,"minecraft:gravel":16,"minecraft:cobweb":1,"beautify:lamp_light_bulb":11},"minecraft:used":{"minecraft:cherry_sapling":74,"minecraft:iron_shovel":122,"minecraft:diamond_hoe":46,"minecraft:ladder":5,"minecraft:chest":23,"minecraft:carrot":88,"minecraft:axolotl_bucket":1,"regions_unexplored:pine_stairs":27,"minecraft:glass":15,"minecraft:lantern":5,"chipped:big_lantern":1,"chipped:wooden_cage_lantern":4,"minecraft:birch_trapdoor":5,"minecraft:oak_sapling":3,"minecraft:furnace":5,"minecraft:beetroot_seeds":6,"minecraft:potato":49,"regions_unexplored:pine_trapdoor":1,"minecraft:wither_skeleton_skull":1,"minecraft:stone_pickaxe":259,"minecraft:wooden_pickaxe":2,"minecraft:diamond_axe":138,"minecraft:sand":2,"regions_unexplored:magnolia_slab":87,"minecraft:bread":67,"candlelight:cherry_drawer":1,"hearth_and_home:cherry_parquet":1,"supplementaries:flax_seeds":2,"minecraft:diamond_sword":70,"minecraft:smooth_stone_slab":1,"minecraft:stripped_cherry_log":56,"regions_unexplored:stripped_magnolia_log":2,"minecraft:bone_meal":18,"minecraft:cherry_boat":1,"minecraft:stone_sword":61,"chipped:tinkering_table":1,"minecraft:armor_stand":7,"minecraft:stone_shovel":418,"chipped:iron_bowl_lantern":12,"minecraft:stick":43,"minecraft:torch":71,"minecraft:dirt":521,"regions_unexplored:clover":1,"regions_unexplored:magnolia_log":97,"minecraft:birch_door":1,"beautify:lamp_light_bulb":11,"minecraft:dark_oak_planks":1,"minecraft:wooden_axe":41,"minecraft:flowering_azalea":1,"minecraft:cherry_slab":201,"minecraft:iron_axe":531,"chipped:donut_lantern":1,"minecraft:cherry_trapdoor":95,"minecraft:cherry_fence_gate":1,"chipped:dark_blue_paper_lantern":3,"handcrafted:cherry_bench":7,"minecraft:cherry_fence":444,"minecraft:cherry_log":192,"minecraft:wheat_seeds":35,"minecraft:water_bucket":120,"minecraft:birch_planks":131,"minecraft:baked_potato":37,"minecraft:cherry_planks":287,"minecraft:stonecutter":3,"minecraft:cobblestone_slab":113,"chipped:white_paper_lantern":3,"minecraft:red_bed":3,"minecraft:crafting_table":11,"minecraft:smoker":2,"minecraft:oak_log":3,"chipped:purple_paper_lantern":11,"minecraft:wooden_hoe":2,"minecraft:diamond_pickaxe":735,"minecraft:apple":24,"minecraft:diamond_shovel":456,"minecraft:cherry_door":4,"minecraft:iron_pickaxe":501,"regions_unexplored:magnolia_trapdoor":8,"minecraft:pink_bed":5,"minecraft:stone_axe":96,"minecraft:cherry_stairs":234,"minecraft:cobblestone":187,"minecraft:cooked_porkchop":5,"regions_unexplored:magnolia_stairs":12,"minecraft:bucket":122,"minecraft:glass_pane":63},"minecraft:dropped":{"horseexpert:monocle":1,"minecraft:birch_planks":1,"minecraft:diamond_axe":1,"minecraft:lapis_lazuli":32,"minecraft:baked_potato":6,"minecraft:diamond":8,"minecraft:saddle":1,"minecraft:flint":2,"minecraft:dirt":189,"minecraft:cherry_trapdoor":5,"minecraft:birch_log":2,"naturalist:cooked_egg":5,"minecraft:gravel":13,"minecraft:stone_axe":3,"minecraft:cobbled_deepslate":69,"minecraft:birch_sapling":8,"minecraft:rotten_flesh":1,"minecraft:carrot":7,"minecraft:arrow":3,"minecraft:water_bucket":1,"minecraft:bread":8,"minecraft:cherry_log":1,"minecraft:iron_helmet":1,"minecraft:cobblestone":78,"regions_unexplored:yellow_lupine":2,"minecraft:coal":10,"inmis:plated_backpack":1,"minecraft:diorite":13,"minecraft:torch":1,"regions_unexplored:purple_lupine":4,"minecraft:iron_leggings":1,"minecraft:iron_shovel":1,"minecraft:bucket":1,"minecraft:stone_brick_slab":1,"regions_unexplored:pine_planks":1,"minecraft:stone_sword":2,"minecraft:raw_copper":4,"minecraft:tuff":5,"minecraft:stone_shovel":2,"minecraft:wither_skeleton_skull":2,"regions_unexplored:clover":113,"minecraft:iron_boots":1,"regions_unexplored:cherry_shrub":1,"regions_unexplored:pink_lupine":1,"minecraft:potato":26,"minecraft:iron_chestplate":1,"minecraft:andesite":4,"minecraft:oak_sapling":2,"minecraft:spider_eye":1,"minecraft:stone_pickaxe":2,"regions_unexplored:blue_lupine":7},"minecraft:broken":{"minecraft:stone_pickaxe":1,"minecraft:stone_axe":3,"minecraft:wooden_axe":1,"minecraft:stone_shovel":3,"minecraft:leather_chestplate":1,"minecraft:iron_axe":3,"minecraft:iron_pickaxe":2},"minecraft:killed_by":{"minecraft:zombie":2,"minecraft:player":2,"minecraft:skeleton":8},"minecraft:picked_up":{"minecraft:wheat":20,"regions_unexplored:magnolia_log":140,"minecraft:lead":10,"minecraft:string":6,"minecraft:raw_copper":25,"hearth_and_home:cherry_parquet":1,"minecraft:armor_stand":1,"minecraft:shroomlight":1,"minecraft:gold_nugget":5,"minecraft:cobbled_deepslate":126,"minecraft:cobblestone_slab":43,"regions_unexplored:pine_stairs":1,"minecraft:furnace":3,"minecraft:stick":215,"chipped:dark_blue_paper_lantern":3,"minecraft:birch_trapdoor":1,"minecraft:torch":41,"minecraft:porkchop":5,"minecraft:cherry_log":744,"minecraft:diorite":86,"beautify:lamp_light_bulb":11,"minecraft:cauldron":1,"regions_unexplored:magnolia_stairs":1,"minecraft:rotten_flesh":17,"supplementaries:ash":3,"chipped:wooden_cage_lantern":1,"regions_unexplored:magnolia_sapling":28,"minecraft:cobblestone":800,"minecraft:birch_log":111,"minecraft:leather_chestplate":2,"minecraft:cherry_planks":29,"minecraft:andesite":37,"regions_unexplored:cherry_shrub":1,"regions_unexplored:white_magnolia_shrub":1,"minecraft:potato":124,"minecraft:smoker":2,"handcrafted:cherry_bench":3,"minecraft:flint":2,"minecraft:tuff":5,"supplementaries:flax_seeds":1,"minecraft:cherry_fence":72,"minecraft:wither_skeleton_skull":3,"minecraft:cherry_door":3,"minecraft:lapis_lazuli":38,"minecraft:dirt":949,"minecraft:lantern":28,"minecraft:bone":18,"minecraft:stonecutter":2,"minecraft:bow":1,"regions_unexplored:magnolia_planks":1,"minecraft:wheat_seeds":60,"minecraft:cooked_porkchop":5,"regions_unexplored:pine_planks":58,"minecraft:sand":217,"minecraft:dark_oak_log":48,"regions_unexplored:pink_lupine":14,"minecraft:diamond":43,"regions_unexplored:clover":530,"minecraft:granite":84,"regions_unexplored:magnolia_trapdoor":8,"minecraft:golden_horse_armor":1,"minecraft:bread":50,"minecraft:jack_o_lantern":7,"minecraft:oak_sapling":13,"minecraft:cherry_slab":109,"chipped:white_paper_lantern":1,"minecraft:charcoal":4,"minecraft:crafting_table":9,"minecraft:stripped_cherry_log":37,"minecraft:red_bed":3,"minecraft:iron_axe":1,"minecraft:iron_shovel":1,"minecraft:beef":5,"minecraft:sugar_cane":19,"minecraft:chest":5,"minecraft:birch_sapling":29,"chipped:iron_bowl_lantern":2,"minecraft:cherry_trapdoor":12,"minecraft:egg":2,"minecraft:dark_oak_sapling":5,"minecraft:raw_iron":92,"minecraft:stone":61,"minecraft:cherry_stairs":56,"regions_unexplored:blue_lupine":32,"minecraft:carrot":88,"minecraft:dark_oak_planks":2,"chipped:big_lantern":1,"minecraft:arrow":13,"minecraft:hay_block":4,"minecraft:saddle":3,"minecraft:gold_ingot":8,"regions_unexplored:purple_lupine":13,"minecraft:mutton":2,"minecraft:leather":2,"minecraft:birch_planks":171,"minecraft:oak_log":42,"regions_unexplored:red_lupine":1,"naturalist:cooked_egg":24,"minecraft:gunpowder":7,"regions_unexplored:stripped_magnolia_log":29,"naturalist:glow_goop":1,"horseexpert:monocle":1,"minecraft:apple":50,"chipped:purple_paper_lantern":1,"regions_unexplored:magnolia_slab":14,"minecraft:iron_ingot":1,"minecraft:stone_pickaxe":1,"meadow:patched_wool":1,"minecraft:cobweb":6,"regions_unexplored:pine_trapdoor":1,"minecraft:gray_bed":1,"regions_unexplored:yellow_lupine":2,"minecraft:flowering_azalea":1,"minecraft:pink_bed":3,"minecraft:pumpkin":27,"minecraft:stone_brick_slab":1,"chipped:donut_lantern":1,"minecraft:gravel":13,"minecraft:stripped_cherry_wood":13,"minecraft:spruce_sapling":1,"minecraft:spruce_log":10,"minecraft:spider_eye":4,"regions_unexplored:fireweed":1,"minecraft:stone_axe":2,"minecraft:diamond_axe":1,"minecraft:cherry_sapling":222,"minecraft:baked_potato":38,"minecraft:coal":74},"minecraft:custom":{"minecraft:animals_bred":8,"minecraft:interact_with_crafting_table":168,"minecraft:open_barrel":23,"minecraft:bell_ring":3,"minecraft:leave_game":5,"minecraft:time_since_death":28986,"minecraft:sprint_one_cm":1597625,"minecraft:drop":97,"minecraft:play_time":599125,"minecraft:deaths":15,"minecraft:jump":9575,"minecraft:walk_on_water_one_cm":221237,"minecraft:interact_with_furnace":78,"minecraft:interact_with_loom":1,"minecraft:sleep_in_bed":12,"minecraft:damage_dealt":7304,"minecraft:crouch_one_cm":86256,"minecraft:interact_with_smoker":3,"minecraft:horse_one_cm":157063,"minecraft:interact_with_smithing_table":1,"minecraft:mob_kills":37,"minecraft:climb_one_cm":21390,"minecraft:walk_one_cm":1492014,"minecraft:sneak_time":31443,"minecraft:walk_under_water_one_cm":32235,"minecraft:boat_one_cm":7697,"minecraft:total_world_time":599125,"minecraft:interact_with_stonecutter":8,"minecraft:time_since_rest":14634,"minecraft:damage_taken":9654,"minecraft:swim_one_cm":34283,"minecraft:fly_one_cm":2219484,"minecraft:open_chest":353,"minecraft:fall_one_cm":218160}},"DataVersion":3465}