{"stats":{"minecraft:crafted":{"minecraft:oak_planks":92,"minecraft:stone_shovel":2,"minecraft:crafting_table":1,"minecraft:wooden_pickaxe":1,"minecraft:pumpkin_seeds":4,"minecraft:stone_axe":4,"minecraft:stick":24,"minecraft:stone_pickaxe":2,"minecraft:wooden_axe":2,"minecraft:stone_sword":2,"minecraft:chest":4,"minecraft:oak_button":1,"minecraft:dark_oak_planks":192},"minecraft:killed":{"minecraft:pig":3,"minecraft:zombie_villager":1,"minecraft:sheep":1,"minecraft:zombie":1,"minecraft:cow":1},"minecraft:mined":{"minecraft:dark_oak_planks":1,"regions_unexplored:blue_lupine":5,"minecraft:red_bed":2,"minecraft:stripped_cherry_wood":6,"minecraft:dark_oak_leaves":1,"regions_unexplored:yellow_lupine":1,"regions_unexplored:pink_lupine":2,"minecraft:dark_oak_log":18,"minecraft:jack_o_lantern":7,"minecraft:crafting_table":2,"minecraft:grass_block":2,"minecraft:sugar_cane":6,"minecraft:cherry_slab":1,"minecraft:birch_planks":4,"regions_unexplored:purple_lupine":3,"minecraft:birch_leaves":1,"minecraft:pumpkin":27,"minecraft:grass":2,"minecraft:oak_log":1,"minecraft:water_cauldron":1,"minecraft:dark_oak_sapling":1,"minecraft:sand":55,"minecraft:dirt":2,"regions_unexplored:clover":4,"regions_unexplored:medium_grass":1,"minecraft:stone":2,"minecraft:oak_leaves":1},"minecraft:used":{"minecraft:stone_sword":5,"minecraft:stone_shovel":56,"minecraft:stone_pickaxe":9,"minecraft:baked_potato":4,"minecraft:chest":4,"minecraft:wooden_pickaxe":2,"minecraft:dirt":1,"minecraft:crafting_table":3,"minecraft:red_bed":2,"minecraft:carrot":7,"minecraft:oak_log":1,"minecraft:dark_oak_planks":1,"minecraft:wooden_axe":41,"minecraft:apple":14,"minecraft:stone_axe":19,"minecraft:cobblestone":26,"minecraft:oak_sapling":3},"minecraft:dropped":{"minecraft:stone_axe":2,"minecraft:stone_sword":1,"minecraft:stone_shovel":1,"minecraft:stone_pickaxe":1},"minecraft:broken":{"minecraft:stone_axe":1,"minecraft:wooden_axe":1},"minecraft:killed_by":{"minecraft:zombie":1},"minecraft:picked_up":{"minecraft:birch_log":7,"minecraft:crafting_table":2,"minecraft:leather_chestplate":1,"regions_unexplored:magnolia_log":130,"minecraft:birch_planks":69,"minecraft:oak_log":37,"naturalist:cooked_egg":24,"minecraft:dirt":84,"minecraft:red_bed":2,"minecraft:bone":2,"minecraft:apple":30,"regions_unexplored:magnolia_planks":1,"minecraft:beef":3,"meadow:patched_wool":1,"minecraft:sugar_cane":19,"minecraft:birch_sapling":1,"regions_unexplored:yellow_lupine":1,"minecraft:dark_oak_sapling":5,"minecraft:stick":34,"minecraft:pumpkin":27,"regions_unexplored:blue_lupine":4,"minecraft:porkchop":5,"minecraft:sand":54,"minecraft:stripped_cherry_wood":5,"minecraft:carrot":32,"minecraft:dark_oak_log":48,"regions_unexplored:pink_lupine":2,"minecraft:cauldron":1,"minecraft:dark_oak_planks":2,"minecraft:arrow":2,"minecraft:rotten_flesh":4,"regions_unexplored:clover":81,"minecraft:bread":36,"regions_unexplored:purple_lupine":4,"minecraft:baked_potato":28,"minecraft:jack_o_lantern":7,"minecraft:oak_sapling":13,"minecraft:cherry_slab":1,"minecraft:mutton":2,"regions_unexplored:magnolia_sapling":28,"minecraft:cobblestone":2},"minecraft:custom":{"minecraft:mob_kills":7,"minecraft:interact_with_crafting_table":8,"minecraft:interact_with_loom":1,"minecraft:leave_game":1,"minecraft:time_since_death":10000,"minecraft:sleep_in_bed":1,"minecraft:time_since_rest":10036,"minecraft:sprint_one_cm":106024,"minecraft:damage_taken":1192,"minecraft:walk_one_cm":91106,"minecraft:drop":5,"minecraft:damage_dealt":741,"minecraft:swim_one_cm":10161,"minecraft:fly_one_cm":143436,"minecraft:open_chest":17,"minecraft:crouch_one_cm":4039,"minecraft:play_time":33621,"minecraft:deaths":1,"minecraft:sneak_time":2382,"minecraft:walk_under_water_one_cm":3877,"minecraft:jump":578,"minecraft:walk_on_water_one_cm":3739,"minecraft:total_world_time":33621,"minecraft:fall_one_cm":19214}},"DataVersion":3465}