{"stats":{"minecraft:crafted":{"minecraft:diamond_shovel":1,"candlelight:gold_ring":1,"bakery:cupcake_display":2,"minecraft:diamond_helmet":1,"bakery:rolling_pin":1,"meadow:can":1,"meadow:watering_can":1,"minecraft:brown_bed":1,"minecraft:stone_slab":2,"minecraft:iron_pickaxe":3,"minecraft:golden_carrot":104,"bakery:wall_display":1,"regions_unexplored:blackwood_planks":4,"minecraft:iron_nugget":630,"medievalweapons:iron_long_sword":2,"bakery:jar":2,"bakery:baker_station":1,"minecraft:spruce_fence":18,"meadow:oil_lantern":3,"minecraft:lantern":76,"minecraft:spruce_stairs":88,"regions_unexplored:mauve_planks":24,"minecraft:stone_pickaxe":5,"minecraft:lead":2,"regions_unexplored:magnolia_planks":644,"meadow:doormat":6,"meadow:cooking_cauldron":2,"minecraft:enchanting_table":2,"endrem:undead_eye":1,"minecraft:red_carpet":3,"minecraft:enchanted_book":7,"herbalbrews:jug":1,"regions_unexplored:pine_planks":156,"minecraft:iron_shovel":1,"minecraft:grindstone":1,"minecraft:barrel":100,"minecraft:cherry_slab":24,"bakery:tray":4,"minecraft:stone":64,"minecraft:stone_brick_slab":126,"minecraft:bow":4,"minecraft:chest":122,"minecraft:bricks":62,"minecraft:ender_eye":2,"minecraft:stone_bricks":380,"chipped:mason_table":1,"minecraft:iron_helmet":2,"minecraft:red_wool":1,"chipped:carpenters_table":1,"minecraft:tnt":1,"minecraft:spruce_trapdoor":88,"inmis:plated_backpack":1,"bakery:breadbox":1,"chipped:botanist_workbench":1,"minecraft:stick":284,"minecraft:iron_ingot":1632,"bakery:cake_stand":2,"medievalweapons:diamond_ninjato":1,"horseexpert:monocle":2,"minecraft:spruce_button":1,"meadow:wooden_bucket":2,"minecraft:furnace":7,"minecraft:blast_furnace":1,"minecraft:piston":1,"chipped:tinkering_table":1,"meadow:cheese_form":1,"minecraft:iron_sword":15,"bakery:cake_display":3,"minecraft:white_dye":1,"minecraft:stonecutter":1,"minecraft:torch":380,"chipped:glassblower":1,"minecraft:diamond_chestplate":1,"minecraft:ender_chest":1,"minecraft:smooth_stone":64,"minecraft:lever":1,"minecraft:bookshelf":26,"minecraft:cooked_mutton":21,"minecraft:iron_bars":32,"minecraft:glass":34,"minecraft:repeater":6,"minecraft:diamond_leggings":1,"supplementaries:flute":2,"minecraft:flower_pot":13,"endrem:witch_eye":1,"minecraft:glass_bottle":15,"minecraft:wooden_shovel":1,"minecraft:emerald":1185,"minecraft:cooked_porkchop":21,"minecraft:copper_ingot":220,"medievalweapons:iron_healing_staff":1,"minecraft:campfire":2,"bakery:crafting_bowl":1,"minecraft:gold_ingot":514,"regions_unexplored:magnolia_fence":48,"meadow:frame":1,"minecraft:stone_shovel":3,"minecraft:smooth_stone_slab":12,"comforts:sleeping_bag_white":2,"minecraft:bone_meal":402,"minecraft:white_carpet":3,"minecraft:dark_oak_fence":87,"minecraft:ladder":27,"minecraft:spruce_slab":288,"minecraft:diamond_boots":1,"herbalbrews:tea_kettle":1,"minecraft:dark_oak_planks":1150,"minecraft:coal_block":112,"handcrafted:skeleton_trophy":1,"minecraft:golden_apple":9,"supplementaries:bubble_blower":1,"minecraft:wooden_axe":2,"minecraft:iron_leggings":2,"candlelight:cooking_pot":1,"minecraft:brick":295,"candlelight:cooking_pan":1,"minecraft:oak_planks":92,"medievalweapons:diamond_healing_staff":1,"bakery:wall_cabinet":4,"inmis:ender_pouch":1,"meadow:fondue":1,"minecraft:hopper":6,"herbalbrews:cauldron":1,"minecraft:iron_boots":1,"bakery:brick_counter":8,"meadow:climbing_rope_topmount":2,"minecraft:smoker":1,"supplementaries:rope_arrow":46,"minecraft:item_frame":8,"minecraft:oak_slab":126,"minecraft:map":24,"minecraft:crafting_table":20,"minecraft:spruce_planks":1720,"minecraft:wooden_pickaxe":1,"minecraft:baked_potato":64,"minecraft:birch_planks":44,"bakery:brick_stove":1,"minecraft:dark_oak_slab":90,"minecraft:diamond_pickaxe":1,"minecraft:shield":3,"minecraft:stone_sword":8,"inmis:frayed_backpack":1,"minecraft:redstone_torch":13,"minecraft:shears":2,"minecraft:cherry_planks":480,"minecraft:wooden_sword":7,"minecraft:raw_iron":9,"minecraft:coal":342,"inmis:gilded_backpack":1,"minecraft:dark_oak_trapdoor":12,"inmis:bejeweled_backpack":1,"minecraft:glass_pane":48,"chipped:alchemy_bench":1,"minecraft:leather":17,"bakery:small_cooking_pot":1,"minecraft:polished_deepslate":64,"minecraft:iron_axe":2,"minecraft:slime_ball":18,"bakery:kitchen_sink":1,"minecraft:filled_map":3,"minecraft:cooked_beef":20,"minecraft:sugar":3,"minecraft:red_dye":4,"meadow:woodcutter":1,"minecraft:diamond_sword":1,"minecraft:dark_oak_stairs":40,"medievalweapons:iron_rapier":2,"chipped:loom_table":1,"minecraft:bucket":1,"meadow:wooden_cauldron":2,"minecraft:stone_axe":1,"minecraft:air":0,"minecraft:bread":21,"herbalbrews:copper_tea_kettle":1,"minecraft:white_wool":3,"minecraft:gold_nugget":891,"candlelight:tool_rack":3,"bakery:bread_knife":1},"minecraft:killed":{"creeperoverhaul:hills_creeper":10,"naturalist:rattlesnake":1,"minecraft:cod":1,"minecraft:guardian":15,"graveyard:acolyte":50,"minecraft:skeleton_horse":1,"deeperdarker:stalker":4,"minecraft:salmon":2,"minecraft:iron_golem":3,"minecraft:pillager":27,"minecraft:zombie":1249,"minecraft:evoker":1,"minecraft:vindicator":15,"minecraft:warden":8,"minecraft:husk":38,"graveyard:ghoul":7,"naturalist:bear":2,"minecraft:frog":1,"minecraft:ravager":2,"deeperdarker:shriek_worm":1,"minecraft:witch":21,"minecraft:spider":37,"naturalist:snail":2,"minecraft:axolotl":1,"minecraft:silverfish":1,"minecraft:piglin_brute":6,"minecraft:piglin":9,"minecraft:zombie_villager":5,"minecraft:sheep":1,"meadow:wooly_cow":3,"minecraft:vex":5,"minecraft:slime":14,"minecraft:drowned":64,"naturalist:lizard_tail":1,"endermanoverhaul:windswept_hills_enderman":1,"minecraft:hoglin":11,"minecraft:wither_skeleton":10,"minecraft:player":4,"minecraft:villager":1,"guardvillagers:guard":1,"deeperdarker:sculk_centipede":8,"minecraft:cave_spider":11,"naturalist:robin":1,"naturalist:boar":9,"minecraft:skeleton":235,"minecraft:chicken":2,"creeperoverhaul:cave_creeper":2,"minecraft:cat":1,"minecraft:magma_cube":33,"naturalist:firefly":3,"minecraft:cow":3,"graveyard:nightmare":1,"naturalist:tortoise":2,"minecraft:horse":18,"endermanoverhaul:cave_enderman":1,"naturalist:lizard":1,"minecraft:enderman":15,"graveyard:skeleton_creeper":4,"endermanoverhaul:dark_oak_enderman":2,"creeperoverhaul:dark_oak_creeper":1,"minecraft:creeper":24,"naturalist:alligator":1,"naturalist:hippo":2,"minecraft:stray":2,"minecraft:blaze":7,"minecraft:phantom":9,"deeperdarker:shattered":4,"naturalist:bass":2,"naturalist:butterfly":1,"minecraft:bat":1,"naturalist:sparrow":1},"minecraft:mined":{"minecraft:cut_sandstone_slab":2,"graveyard:gray_urn":3,"minecraft:red_nether_bricks":2,"meadow:climbing_rope":1,"minecraft:granite":27,"chipped:ornate_stone_pillar":12,"chipped:glassblower":5,"minecraft:spawner":27,"graveyard:wither_skull_with_rib_cage":3,"minecraft:polished_blackstone_bricks":5,"minecraft:magma_block":15,"minecraft:mossy_cobblestone_stairs":6,"minecraft:fire":33,"minecraft:barrel":39,"minecraft:cobbled_deepslate":220,"meadow:can":2,"minecraft:deepslate_lapis_ore":17,"bakery:baker_station":2,"minecraft:dead_tube_coral":4,"amendments:wall_lantern":14,"minecraft:tripwire":1,"minecraft:cut_sandstone":5,"regions_unexplored:yellow_lupine":4,"minecraft:smoker":10,"minecraft:crimson_nylium":1,"regions_unexplored:duckweed":1,"minecraft:powder_snow":2,"minecraft:torch":50,"minecraft:note_block":5,"regions_unexplored:bladed_tall_grass":1,"minecraft:oxidized_copper":1,"minecraft:white_stained_glass_pane":1,"minecraft:bricks":1,"minecraft:amethyst_block":215,"minecraft:cherry_slab":3,"regions_unexplored:pine_log":4,"minecraft:birch_sapling":3,"minecraft:chain":11,"regions_unexplored:hyssop":4,"minecraft:repeater":3,"graveyard:oak_coffin":1,"graveyard:wither_skeleton_hand":1,"minecraft:jukebox":1,"regions_unexplored:pine_sapling":2,"minecraft:grass":228,"minecraft:dark_oak_sapling":5,"minecraft:sandstone_wall":2,"minecraft:smooth_basalt":99,"minecraft:brown_candle":3,"minecraft:deepslate":1820,"minecraft:suspicious_gravel":1,"handcrafted:wood_plate":1,"minecraft:dark_prismarine":1,"minecraft:mossy_cobblestone":3,"regions_unexplored:dusktrap":6,"minecraft:cherry_sapling":7,"minecraft:dark_oak_log":124,"minecraft:sea_lantern":19,"minecraft:dark_oak_fence":10,"minecraft:spruce_fence":8,"graveyard:tg_deepslate":7,"minecraft:redstone_wire":8,"herbalbrews:cauldron":4,"regions_unexplored:argillite":1,"minecraft:redstone_ore":20,"minecraft:andesite":78,"minecraft:mossy_stone_brick_stairs":4,"minecraft:cobblestone_slab":1,"minecraft:vine":5,"minecraft:respawn_anchor":1,"regions_unexplored:day_lily":1,"meadow:cheese_form":4,"betterarcheology:archeology_table":4,"minecraft:chiseled_nether_bricks":3,"regions_unexplored:blackwood_planks":2,"minecraft:soul_sand":52,"bakery:breadbox":2,"deeperdarker:ancient_vase":10,"minecraft:lily_of_the_valley":3,"meadow:doormat":3,"minecraft:lightning_rod":2,"minecraft:tall_grass":100,"minecraft:copper_ore":240,"minecraft:deepslate_gold_ore":191,"minecraft:diorite":77,"minecraft:coarse_dirt":2,"minecraft:dark_prismarine_slab":2,"minecraft:gravel":146,"regions_unexplored:blackwood_shrub":1,"minecraft:cobweb":14,"minecraft:polished_blackstone":5,"minecraft:stone_bricks":97,"minecraft:chipped_anvil":6,"minecraft:gold_ore":47,"minecraft:fern":43,"meadow:cooking_cauldron":2,"minecraft:prismarine_wall":2,"minecraft:oak_sapling":2,"bakery:cupcake_display":5,"minecraft:brewing_stand":6,"regions_unexplored:pink_magnolia_shrub":4,"minecraft:spruce_trapdoor":18,"minecraft:budding_amethyst":15,"meadow:watering_can":4,"regions_unexplored:pine_shrub":1,"minecraft:cracked_polished_blackstone_bricks":5,"regions_unexplored:argillite_grass_block":3,"bakery:cake_display":4,"minecraft:mossy_cobblestone_slab":1,"supplementaries:ash":84,"regions_unexplored:purple_lupine":23,"supplementaries:stick":4,"minecraft:skeleton_wall_skull":1,"minecraft:pointed_dripstone":5,"minecraft:iron_bars":3,"minecraft:azalea":1,"chipped:tinkering_table":4,"minecraft:spruce_slab":41,"candlelight:cooking_pan":1,"minecraft:deepslate_redstone_ore":77,"chipped:botanist_workbench":9,"regions_unexplored:white_magnolia_sapling":8,"regions_unexplored:magnolia_fence":3,"minecraft:medium_amethyst_bud":2,"minecraft:wither_skeleton_wall_skull":2,"graveyard:lying_skeleton":1,"minecraft:oak_planks":11,"regions_unexplored:bamboo_log":3,"minecraft:wall_torch":76,"chipped:loom_table":5,"minecraft:warped_nylium":4,"minecraft:dark_oak_slab":11,"minecraft:blue_ice":1,"graveyard:skull_pile":5,"minecraft:oak_log":1,"regions_unexplored:peat_dirt":45,"minecraft:dirt":1383,"minecraft:ancient_debris":1,"minecraft:dark_oak_leaves":114,"chipped:mason_table":9,"regions_unexplored:pink_lupine":20,"regions_unexplored:blackwood_branch":1,"minecraft:glow_lichen":1,"minecraft:lever":1,"minecraft:ladder":2,"minecraft:decorated_pot":15,"bakery:crafting_bowl":3,"regions_unexplored:magnolia_leaves":33,"minecraft:spruce_leaves":38,"regions_unexplored:duskmelon":6,"minecraft:peony":3,"minecraft:gold_block":8,"minecraft:nether_brick_fence":2,"minecraft:bookshelf":277,"minecraft:deepslate_iron_ore":317,"minecraft:shroomlight":1,"minecraft:oxidized_cut_copper_slab":1,"meadow:woodcutter":1,"minecraft:wet_sponge":14,"regions_unexplored:redstone_bulb":1,"meadow:wooden_cauldron":3,"minecraft:scaffolding":260,"minecraft:magenta_stained_glass":4,"minecraft:stripped_dark_oak_log":61,"minecraft:basalt":15,"graveyard:small_light_gray_urn":8,"minecraft:deepslate_coal_ore":3,"regions_unexplored:daisy":1,"betterarcheology:vase":2,"minecraft:birch_planks":57,"regions_unexplored:redstone_bud":2,"meadow:climbing_rope_topmount":2,"minecraft:ice":110,"minecraft:white_wall_banner":1,"minecraft:bee_nest":5,"regions_unexplored:dark_oak_shrub":1,"minecraft:cocoa":2,"regions_unexplored:mycotoxic_mushrooms":1,"graveyard:leaning_skeleton":5,"minecraft:cracked_stone_bricks":21,"regions_unexplored:blackwood_leaves":10,"minecraft:mossy_stone_bricks":25,"meadow:alpine_poppy":2,"minecraft:dark_oak_planks":93,"chipped:curly_stone_pillar":23,"regions_unexplored:blue_lupine":22,"minecraft:cherry_log":1,"regions_unexplored:magnolia_log":8,"minecraft:obsidian":17,"minecraft:deepslate_bricks":1,"minecraft:coal_block":10,"minecraft:chiseled_stone_bricks":21,"herbalbrews:copper_tea_kettle":1,"minecraft:tall_seagrass":3,"regions_unexplored:pointed_redstone":1,"bakery:kitchen_sink":2,"minecraft:moss_carpet":1,"minecraft:enchanting_table":3,"minecraft:sculk_shrieker":7,"chipped:fine_stone_pillar":10,"minecraft:polished_deepslate_slab":11,"minecraft:oak_sign":1,"minecraft:water_cauldron":2,"minecraft:dirt_path":4,"minecraft:oak_stairs":2,"minecraft:small_amethyst_bud":1,"minecraft:smooth_sandstone_stairs":3,"betterarcheology:loot_vase":1,"bakery:tray":5,"bushierflowers:grown_poppy":1,"minecraft:piston_head":1,"meadow:frame":1,"minecraft:red_bed":10,"minecraft:soul_fire":1,"minecraft:amethyst_cluster":24,"beautify:hanging_pot":1,"minecraft:blast_furnace":5,"regions_unexplored:peat_grass_block":18,"bakery:wall_display":1,"minecraft:damaged_anvil":2,"regions_unexplored:tsubaki":4,"minecraft:skeleton_skull":1,"minecraft:wheat":5,"minecraft:lilac":1,"minecraft:birch_door":2,"minecraft:black_bed":5,"minecraft:stone_brick_stairs":9,"minecraft:prismarine_brick_stairs":4,"minecraft:loom":13,"bakery:wall_cabinet":6,"regions_unexplored:clover":296,"minecraft:stripped_birch_wood":2,"minecraft:zombie_wall_head":2,"minecraft:stonecutter":1,"regions_unexplored:fireweed":2,"minecraft:light_gray_stained_glass_pane":3,"herbalbrews:tea_kettle":2,"minecraft:cobbled_deepslate_slab":71,"meadow:oil_lantern":4,"minecraft:moss_block":16,"graveyard:tg_moss_block":2,"minecraft:diamond_block":1,"bakery:small_cooking_pot":5,"regions_unexplored:ash_vent":1,"minecraft:bamboo_sapling":1,"minecraft:bamboo":58,"regions_unexplored:windswept_grass":1,"minecraft:white_wool":3,"regions_unexplored:bladed_grass":2,"minecraft:smithing_table":1,"bakery:cake_stand":1,"minecraft:cherry_planks":9,"herbalbrews:wild_yerba_mate_plant":1,"minecraft:stone_brick_slab":21,"minecraft:cobbled_deepslate_wall":4,"minecraft:spruce_button":1,"minecraft:emerald_ore":25,"chipped:carpenters_table":5,"minecraft:cracked_deepslate_bricks":1,"graveyard:vase_block":20,"minecraft:purple_stained_glass":2,"minecraft:prismarine_brick_slab":2,"minecraft:spruce_log":12,"regions_unexplored:magnolia_shrub":1,"minecraft:dripstone_block":3,"beautify:lamp_light_bulb":9,"regions_unexplored:magnolia_planks":2,"chipped:alchemy_bench":7,"minecraft:large_amethyst_bud":4,"minecraft:spruce_planks":140,"chipped:flat_cobblestone_tiles":10,"minecraft:cobbled_deepslate_stairs":9,"minecraft:cobblestone_stairs":1,"minecraft:sculk_vein":6,"minecraft:grass_block":2149,"chipped:cracked_flat_cobblestone_tiles":1,"deeperdarker:sculk_gleam":1,"handcrafted:skeleton_trophy":2,"regions_unexplored:magnolia_sapling":9,"minecraft:raw_iron_block":1,"minecraft:iron_ore":504,"bakery:brick_stove":2,"graveyard:leaning_wither_skeleton":2,"graveyard:upper_bone_staff":15,"minecraft:anvil":5,"minecraft:dark_oak_stairs":23,"minecraft:azalea_leaves":1,"graveyard:wither_skull_pile":2,"bakery:brick_counter":7,"minecraft:blackstone":11,"minecraft:soul_lantern":19,"minecraft:clay":85,"minecraft:calcite":101,"minecraft:chest":81,"regions_unexplored:pink_magnolia_sapling":8,"minecraft:cobblestone":230,"minecraft:birch_wood":2,"graveyard:skeleton_hand":3,"minecraft:slime_block":4,"minecraft:grindstone":3,"minecraft:prismarine":1,"minecraft:iron_door":2,"minecraft:deepslate_copper_ore":14,"minecraft:seagrass":2,"minecraft:light_gray_candle":2,"minecraft:birch_log":4,"minecraft:birch_trapdoor":2,"herbalbrews:jug":1,"minecraft:yellow_stained_glass_pane":1,"graveyard:creeper_skeleton":1,"minecraft:sand":90,"graveyard:small_cyan_urn":1,"minecraft:wither_skeleton_skull":8,"minecraft:netherrack":33,"minecraft:oak_leaves":19,"minecraft:horn_coral_block":1,"minecraft:emerald_block":4,"minecraft:nether_gold_ore":5,"minecraft:diamond_ore":2,"minecraft:red_carpet":79,"minecraft:tuff":68,"minecraft:potted_wither_rose":2,"minecraft:deepslate_diamond_ore":108,"minecraft:candle":3,"bakery:jar":2,"minecraft:polished_andesite_slab":4,"regions_unexplored:pine_planks":6,"regions_unexplored:bamboo_sapling":7,"minecraft:large_fern":4,"chipped:ornate_cobblestone_pillar":8,"minecraft:spruce_sapling":13,"minecraft:furnace":9,"minecraft:carrots":4,"candlelight:wild_lettuce":11,"minecraft:chiseled_sandstone":1,"minecraft:stripped_spruce_log":6,"minecraft:dead_horn_coral_block":1,"minecraft:polished_deepslate":40,"minecraft:lantern":16,"minecraft:packed_ice":1,"regions_unexplored:medium_grass":211,"minecraft:stone":3624,"minecraft:redstone_wall_torch":1,"minecraft:podzol":3,"minecraft:red_wool":1,"regions_unexplored:mycotoxic_moss":2,"minecraft:crafting_table":28,"minecraft:sculk_sensor":12,"minecraft:lectern":5,"minecraft:lapis_ore":5,"minecraft:sculk":70,"supplementaries:urn":162,"minecraft:spruce_stairs":25,"minecraft:gray_wool":51,"minecraft:redstone_torch":2,"minecraft:coal_ore":605,"candlelight:cooking_pot":3,"meadow:fondue":2},"minecraft:used":{"minecraft:moss_block":2,"minecraft:writable_book":3,"minecraft:chiseled_deepslate":11,"graveyard:creeper_skeleton":1,"minecraft:poppy":3,"minecraft:stone":737,"minecraft:rotten_flesh":5,"minecraft:soul_sand":37,"minecraft:lily_of_the_valley":3,"minecraft:packed_ice":4,"minecraft:villager_spawn_egg":2,"chipped:cracked_flat_cobblestone_tiles":23,"minecraft:red_wool":73,"minecraft:dark_oak_slab":38,"minecraft:cherry_leaves":299,"minecraft:bow":1360,"minecraft:cooked_cod":1,"bakery:crafting_bowl":4,"chipped:loom_table":6,"minecraft:mossy_stone_bricks":67,"minecraft:damaged_anvil":2,"regions_unexplored:redstone_bulb":1,"handcrafted:yellow_crockery_combo":1,"minecraft:wooden_pickaxe":24,"minecraft:leather_chestplate":1,"minecraft:mossy_stone_brick_stairs":22,"bakery:cake_stand":2,"minecraft:golden_apple":5,"candlelight:cooking_pan":1,"minecraft:blast_furnace":7,"minecraft:gray_concrete":14,"regions_unexplored:pine_sapling":1,"minecraft:zombie_head":2,"deeperdarker:warden_sword":5,"regions_unexplored:blackwood_planks":2,"graveyard:leaning_wither_skeleton":1,"minecraft:diamond_sword":1696,"graveyard:upper_bone_staff":14,"minecraft:smithing_table":1,"chipped:carpenters_table":6,"supplementaries:soap":1,"minecraft:enchanting_table":4,"minecraft:armor_stand":2,"minecraft:cooked_salmon":11,"chipped:fine_stone_pillar":139,"bakery:breadbox":3,"candlelight:gold_ring":10,"minecraft:orange_stained_glass":40,"minecraft:torch":699,"minecraft:brewing_stand":5,"supplementaries:faucet":1,"regions_unexplored:clover":297,"meadow:oil_lantern":7,"betterarcheology:archeology_table":4,"minecraft:mossy_cobblestone_stairs":4,"minecraft:chipped_anvil":5,"minecraft:cherry_slab":3,"minecraft:barrel":133,"graveyard:leaning_skeleton":5,"minecraft:bamboo":304,"minecraft:diamond_chestplate":9,"minecraft:basalt":11,"regions_unexplored:duskmelon_slice":3,"minecraft:lime_concrete":17,"comforts:sleeping_bag_white":45,"minecraft:cherry_log":30,"minecraft:calcite":1,"minecraft:wheat_seeds":9,"minecraft:birch_planks":11,"minecraft:cherry_planks":56,"minecraft:cauldron":1,"minecraft:leather_boots":1,"minecraft:glow_ink_sac":1,"minecraft:gold_ore":4,"regions_unexplored:tsubaki":1,"minecraft:red_bed":7,"minecraft:spruce_log":29,"meadow:watering_can":5,"minecraft:diamond_pickaxe":8657,"minecraft:diamond_shovel":4139,"minecraft:leather_helmet":1,"minecraft:spruce_trapdoor":100,"minecraft:spruce_sapling":14,"bakery:strawberry_cake_slice":2,"bakery:tray":6,"minecraft:potion":2,"minecraft:cooked_porkchop":55,"medievalweapons:iron_healing_staff":10,"minecraft:diamond_leggings":1,"regions_unexplored:pink_lupine":9,"minecraft:cherry_sapling":18,"minecraft:polished_deepslate":40,"minecraft:decorated_pot":5,"minecraft:green_terracotta":5,"minecraft:spruce_leaves":4,"minecraft:obsidian":49,"minecraft:lantern":106,"minecraft:green_wool":25,"bakery:wall_display":2,"herbalbrews:cauldron":5,"candlelight:painting":1,"minecraft:item_frame":24,"minecraft:skeleton_skull":3,"handcrafted:wood_plate":2,"minecraft:dark_oak_sapling":5,"minecraft:diamond_boots":1,"minecraft:wither_skeleton_skull":9,"minecraft:stone_pickaxe":310,"beautify:hanging_pot":1,"chipped:simple_cobblestone_pillar":783,"minecraft:diamond_axe":1815,"medievalweapons:diamond_ninjato":1519,"minecraft:white_wool":5,"graveyard:small_light_gray_urn":5,"minecraft:light_blue_wool":28,"minecraft:crossbow":7,"bakery:kitchen_sink":3,"minecraft:lever":3,"meadow:wooden_cauldron":4,"minecraft:dark_oak_log":584,"minecraft:bread":355,"regions_unexplored:blackwood_sapling":1,"minecraft:brown_wool":22,"regions_unexplored:bamboo_log":4,"minecraft:iron_door":1,"minecraft:deepslate":625,"minecraft:smooth_stone_slab":3,"minecraft:bone_meal":410,"herbalbrews:copper_tea_kettle":1,"supplementaries:cog_block":1,"minecraft:orange_concrete_powder":10,"minecraft:netherite_sword":3,"chipped:tinkering_table":5,"minecraft:flint_and_steel":68,"minecraft:redstone":20,"meadow:cooking_cauldron":2,"meadow:wooden_water_bucket":2,"minecraft:dirt":3710,"minecraft:bee_nest":1,"minecraft:spruce_fence":22,"herbalbrews:tea_kettle":2,"beautify:lamp_light_bulb":5,"minecraft:wooden_axe":59,"minecraft:iron_boots":1,"bakery:misslilitu_biscuit":1,"betterarcheology:guardian_fossil":3,"minecraft:yellow_concrete_powder":21,"meadow:umbra_wool":1,"minecraft:netherite_pickaxe":301,"minecraft:cooked_beef":75,"regions_unexplored:blue_lupine":7,"minecraft:iron_leggings":1,"minecraft:cobbled_deepslate_wall":4,"minecraft:dark_oak_hanging_sign":2,"minecraft:baked_potato":65,"minecraft:red_nether_bricks":2,"regions_unexplored:bamboo_sapling":22,"regions_unexplored:pink_magnolia_sapling":25,"minecraft:flower_pot":10,"minecraft:black_wool":57,"chipped:curly_stone_pillar":150,"supplementaries:cage":1,"minecraft:command_block":2,"minecraft:yellow_wool":74,"naturalist:glow_goop":49,"minecraft:stone_axe":88,"minecraft:cobbled_deepslate_slab":1095,"handcrafted:lime_cushion":1,"chipped:ornate_cobblestone_pillar":453,"minecraft:gray_wool":78,"candlelight:tool_rack":3,"regions_unexplored:pine_planks":33,"minecraft:peony":3,"minecraft:spruce_slab":226,"minecraft:ladder":20,"minecraft:chest":173,"chipped:alchemy_bench":8,"minecraft:orange_wool":68,"medievalweapons:iron_rapier":51,"regions_unexplored:magnolia_fence":15,"bakery:cupcake_display":6,"minecraft:netherite_shovel":620,"minecraft:grass_block":352,"minecraft:birch_sapling":1,"minecraft:copper_ore":1,"minecraft:stone_brick_stairs":73,"supplementaries:bomb_blue":1,"supplementaries:ash":5,"minecraft:furnace":12,"minecraft:egg":8,"minecraft:potato":1,"minecraft:brown_concrete_powder":25,"regions_unexplored:yellow_lupine":3,"minecraft:emerald_ore":1,"minecraft:diorite":11,"naturalist:duck_egg":1,"graveyard:skeleton_hand":3,"minecraft:dark_oak_trapdoor":15,"minecraft:blue_ice":3,"chipped:ornate_stone_pillar":94,"minecraft:lightning_rod":2,"graveyard:skull_pile":5,"bakery:wall_cabinet":10,"minecraft:lectern":5,"minecraft:lilac":1,"minecraft:soul_lantern":20,"minecraft:wooden_sword":413,"minecraft:dark_oak_fence":94,"endermanoverhaul:summoner_pearl":1,"minecraft:ice":444,"bakery:jar":6,"meadow:fondue":3,"minecraft:oak_hanging_sign":1,"minecraft:iron_bars":6,"minecraft:stone_sword":1048,"minecraft:netherrack":37,"minecraft:stick":5,"minecraft:anvil":4,"regions_unexplored:magnolia_sapling":18,"chipped:flat_cobblestone_tiles":106,"regions_unexplored:pine_log":2,"minecraft:iron_axe":5,"meadow:wooden_bucket":4,"regions_unexplored:day_lily":1,"minecraft:spruce_button":2,"graveyard:wither_skull_pile":1,"minecraft:smooth_basalt":6,"minecraft:beef":5,"bakery:baker_station":3,"minecraft:cobbled_deepslate":5720,"minecraft:cherry_fence":70,"minecraft:water_bucket":1072,"minecraft:dirt_path":1,"minecraft:cartography_table":1,"minecraft:lime_wool":11,"meadow:doormat":7,"meadow:frame":2,"minecraft:horse_spawn_egg":20,"minecraft:cracked_stone_bricks":24,"deeperdarker:cobbled_sculk_stone":2,"graveyard:bone_dagger":80,"minecraft:mossy_cobblestone":3,"minecraft:vine":18,"minecraft:tnt":13,"minecraft:crafting_table":36,"supplementaries:bomb":2,"regions_unexplored:magnolia_shrub":1,"minecraft:oak_log":2,"chipped:botanist_workbench":10,"regions_unexplored:white_magnolia_sapling":14,"minecraft:iron_pickaxe":746,"minecraft:cyan_concrete":5,"regions_unexplored:white_magnolia_shrub":1,"minecraft:chiseled_stone_bricks":214,"minecraft:cobblestone":1982,"minecraft:red_concrete_powder":19,"bakery:brick_stove":3,"minecraft:glass_pane":9,"minecraft:candle":13,"minecraft:jukebox":1,"minecraft:iron_shovel":275,"minecraft:oak_sign":10,"minecraft:diamond_hoe":12,"minecraft:shield":61,"minecraft:iron_sword":3566,"minecraft:iron_chestplate":1,"minecraft:carrot":9,"minecraft:cyan_wool":25,"minecraft:axolotl_bucket":5,"medievalweapons:diamond_healing_staff":5,"regions_unexplored:purple_lupine":13,"handcrafted:skeleton_trophy":2,"minecraft:coal_ore":9,"graveyard:gray_urn":2,"meadow:climbing_rope_topmount":3,"minecraft:iron_helmet":1,"minecraft:stone_bricks":1253,"meadow:cheese_form":5,"minecraft:bedrock":21,"minecraft:repeater":6,"minecraft:red_carpet":49,"minecraft:magma_block":14,"minecraft:scaffolding":490,"minecraft:dark_oak_stairs":62,"minecraft:dark_oak_sign":6,"minecraft:birch_wood":2,"minecraft:ender_pearl":26,"naturalist:snail_bucket":3,"minecraft:loom":13,"minecraft:black_bed":5,"minecraft:note_block":5,"minecraft:cobbled_deepslate_stairs":42,"minecraft:shears":138,"minecraft:redstone_torch":3,"minecraft:green_concrete":4,"minecraft:black_concrete":3,"minecraft:firework_rocket":2,"minecraft:light_gray_concrete":3,"minecraft:string":2,"minecraft:light_gray_candle":3,"minecraft:gravel":11,"graveyard:wither_skull_with_rib_cage":1,"bakery:brick_counter":15,"herbalbrews:jug":1,"minecraft:grindstone":5,"minecraft:andesite":26,"minecraft:cobweb":2,"minecraft:experience_bottle":827,"minecraft:trident":353,"minecraft:stone_shovel":404,"minecraft:spruce_planks":1067,"minecraft:sculk":8,"minecraft:spyglass":2,"minecraft:hopper":6,"minecraft:spruce_stairs":108,"minecraft:diamond_helmet":1,"medievalweapons:thalleous_sword":32,"minecraft:granite":2,"minecraft:birch_door":1,"minecraft:dark_oak_planks":352,"minecraft:stone_brick_slab":168,"minecraft:bookshelf":259,"chipped:glassblower":6,"minecraft:yellow_stained_glass":119,"meadow:can":2,"betterarcheology:vase":2,"minecraft:light_gray_wool":15,"bakery:cake_display":5,"minecraft:golden_carrot":111,"minecraft:brown_candle":7,"minecraft:brown_bed":1,"deeperdarker:sculk_gleam":1,"candlelight:cooking_pot":4,"minecraft:cooked_mutton":21,"bakery:apple_jam":1,"minecraft:glass_bottle":3,"meadow:woodcutter":2,"regions_unexplored:peat_dirt":4,"minecraft:stonecutter":2,"minecraft:chiseled_nether_bricks":3,"supplementaries:slingshot":2,"handcrafted:spider_trophy":1,"minecraft:glow_item_frame":1,"minecraft:stripped_dark_oak_log":45,"chipped:mason_table":10,"regions_unexplored:blackwood_shrub":1,"bakery:small_cooking_pot":5,"bakery:strawberry":1,"regions_unexplored:magnolia_planks":2,"minecraft:smoker":11,"minecraft:apple":3,"minecraft:fishing_rod":13,"minecraft:white_banner":6,"medievalweapons:iron_long_sword":500,"minecraft:bucket":324,"regions_unexplored:pink_magnolia_shrub":3,"minecraft:polished_blackstone_button":7,"minecraft:splash_potion":7},"minecraft:dropped":{"chipped:ornate_stone_pillar":158,"minecraft:iron_sword":1,"minecraft:porkchop":4,"minecraft:lapis_lazuli":15,"minecraft:glow_ink_sac":3,"minecraft:glass_bottle":11,"minecraft:diamond":37,"minecraft:crafting_table":6,"minecraft:cooked_porkchop":12,"medievalweapons:diamond_long_sword":1,"minecraft:oxidized_cut_copper_slab":1,"bakery:bread_knife":1,"minecraft:cracked_stone_bricks":3,"graveyard:corruption":19,"minecraft:emerald":33,"minecraft:gold_nugget":3,"minecraft:sand":8,"minecraft:dark_oak_planks":68,"minecraft:dark_oak_door":1,"minecraft:stone_axe":1,"minecraft:lever":1,"minecraft:iron_nugget":15,"minecraft:cobbled_deepslate":207,"minecraft:wheat":3,"minecraft:obsidian":1,"minecraft:stripped_dark_oak_log":12,"minecraft:rotten_flesh":306,"minecraft:oak_planks":2,"deeperdarker:heart_of_the_deep":2,"regions_unexplored:duckweed":2,"endrem:undead_soul":1,"minecraft:echo_shard":3,"minecraft:leather_boots":1,"minecraft:leather_leggings":6,"minecraft:beef":8,"minecraft:stone_brick_stairs":3,"minecraft:wheat_seeds":211,"minecraft:deepslate_redstone_ore":3,"minecraft:dripstone_block":1,"minecraft:book":1,"minecraft:golden_apple":30,"minecraft:cobweb":87,"minecraft:diamond_horse_armor":6,"minecraft:gray_wool":1,"minecraft:wooden_axe":3,"regions_unexplored:dusktrap":4,"minecraft:cherry_planks":1,"minecraft:oak_stairs":1,"minecraft:chainmail_leggings":1,"minecraft:lily_pad":14,"regions_unexplored:clover":2,"minecraft:clay_ball":16,"minecraft:oak_sign":1,"minecraft:shears":1,"minecraft:flower_pot":2,"minecraft:spruce_trapdoor":10,"minecraft:spruce_planks":1,"minecraft:diamond_pickaxe":3,"minecraft:stone_pressure_plate":4,"minecraft:stone_bricks":5,"minecraft:bamboo":12,"minecraft:bow":20,"minecraft:magma_block":1,"minecraft:moss_block":14,"minecraft:candle":5,"minecraft:dark_oak_sapling":30,"deeperdarker:warden_carapace":7,"bakery:strawberry":1,"minecraft:leather":21,"medievalweapons:thalleous_sword":1,"minecraft:honeycomb":2,"minecraft:cracked_polished_blackstone_bricks":6,"minecraft:dark_oak_log":11,"minecraft:gold_ingot":112,"minecraft:smooth_sandstone_stairs":3,"minecraft:soul_lantern":1,"minecraft:beetroot":12,"supplementaries:antique_ink":1,"minecraft:leather_chestplate":1,"minecraft:trident":1,"minecraft:beetroot_seeds":29,"inmis:bejeweled_backpack":1,"minecraft:scaffolding":29,"minecraft:bread":82,"minecraft:lilac":2,"deeperdarker:sculk_bone":1,"endrem:cryptic_eye":1,"minecraft:tropical_fish":3,"deeperdarker:soul_crystal":1,"minecraft:mossy_cobblestone_slab":1,"minecraft:iron_door":2,"regions_unexplored:blackwood_planks":4,"minecraft:chiseled_sandstone":1,"regions_unexplored:pine_planks":6,"minecraft:flint_and_steel":1,"minecraft:deepslate_bricks":5,"minecraft:andesite":40,"minecraft:golden_leggings":3,"minecraft:birch_sign":56,"minecraft:wooden_pickaxe":3,"regions_unexplored:white_magnolia_sapling":2,"naturalist:lizard_tail":1,"minecraft:saddle":3,"minecraft:rail":1,"herbalbrews:cauldron":2,"minecraft:cut_sandstone_slab":1,"minecraft:leather_helmet":5,"minecraft:item_frame":1,"minecraft:dirt":39,"minecraft:wooden_sword":1,"minecraft:bone_block":4,"minecraft:bone_meal":83,"minecraft:phantom_membrane":1,"minecraft:bone":88,"minecraft:golden_chestplate":2,"meadow:alpine_poppy":2,"minecraft:birch_sapling":3,"minecraft:enchanted_golden_apple":2,"supplementaries:flax_seeds":9,"minecraft:egg":4,"minecraft:enchanted_book":14,"minecraft:iron_ingot":237,"regions_unexplored:blackwood_log":54,"regions_unexplored:fireweed":1,"minecraft:chiseled_nether_bricks":2,"minecraft:cobbled_deepslate_stairs":3,"minecraft:polished_blackstone":5,"endrem:witch_pupil":1,"regions_unexplored:mycotoxic_mushrooms":6,"minecraft:oak_hanging_sign":1,"minecraft:cobblestone":298,"minecraft:feather":3,"minecraft:iron_helmet":4,"minecraft:apple":3,"minecraft:granite":16,"deeperdarker:echo_soil":1,"minecraft:spruce_button":1,"graveyard:bone_dagger":4,"minecraft:chainmail_helmet":1,"regions_unexplored:argillite":8,"minecraft:coal":14,"minecraft:sculk":2,"minecraft:golden_carrot":1,"regions_unexplored:duskmelon_slice":3,"minecraft:diamond_helmet":1,"minecraft:mossy_cobblestone_stairs":4,"minecraft:iron_shovel":1,"minecraft:paper":4,"minecraft:string":158,"minecraft:spruce_sapling":9,"naturalist:duck_egg":2,"minecraft:stone_sword":1,"minecraft:deepslate":130,"regions_unexplored:hyssop":1,"supplementaries:quiver":3,"minecraft:potato":119,"deeperdarker:soul_dust":4,"minecraft:wooden_shovel":1,"minecraft:spider_eye":12,"minecraft:red_tulip":4,"supplementaries:flute":2,"horseexpert:monocle":2,"minecraft:brown_mushroom":1,"naturalist:snail_shell":1,"regions_unexplored:magnolia_log":3,"minecraft:music_disc_11":2,"minecraft:flint":2,"minecraft:spruce_leaves":2,"bakery:strawberry_cake_slice":2,"minecraft:amethyst_shard":10,"minecraft:gravel":72,"minecraft:diamond_shovel":1,"minecraft:honey_bottle":2,"minecraft:carrot":4,"minecraft:sandstone_wall":2,"minecraft:poppy":1,"supplementaries:ash":119,"regions_unexplored:peat_dirt":3,"minecraft:gunpowder":43,"minecraft:melon_seeds":7,"minecraft:chainmail_boots":2,"comforts:sleeping_bag_white":1,"minecraft:arrow":66,"minecraft:netherrack":3,"minecraft:water_bucket":1,"minecraft:oak_slab":236,"minecraft:mossy_cobblestone":3,"minecraft:smithing_table":2,"minecraft:diamond_leggings":2,"minecraft:lead":2,"minecraft:dead_horn_coral_block":2,"minecraft:grass_block":1,"minecraft:stick":75,"minecraft:diorite":33,"naturalist:bass":1,"minecraft:torch":23,"candlelight:lettuce":9,"minecraft:iron_leggings":4,"minecraft:wither_rose":1,"minecraft:iron_axe":1,"minecraft:bucket":2,"minecraft:dandelion":3,"minecraft:redstone":51,"minecraft:raw_copper":1887,"minecraft:tuff":20,"minecraft:raw_iron":17,"minecraft:wither_skeleton_skull":1,"minecraft:filled_map":1,"minecraft:shield":8,"minecraft:diamond_chestplate":2,"regions_unexplored:blackwood_sapling":13,"minecraft:mossy_stone_bricks":16,"minecraft:golden_sword":6,"supplementaries:bubble_blower":2,"minecraft:diamond_boots":3,"minecraft:slime_ball":1,"minecraft:stone_pickaxe":6,"minecraft:raw_gold":2,"minecraft:cracked_deepslate_bricks":1,"deeperdarker:cobbled_sculk_stone":1},"minecraft:broken":{"minecraft:iron_leggings":1,"minecraft:wooden_sword":7,"minecraft:shield":1,"minecraft:iron_pickaxe":2,"minecraft:stone_pickaxe":1,"medievalweapons:iron_long_sword":2,"minecraft:stone_shovel":3,"minecraft:iron_chestplate":1,"graveyard:bone_dagger":1,"minecraft:iron_sword":15,"minecraft:stone_sword":8,"minecraft:iron_helmet":1,"minecraft:wooden_axe":1,"minecraft:flint_and_steel":1},"minecraft:killed_by":{"graveyard:acolyte":5,"minecraft:zombie":9,"endermanoverhaul:dark_oak_enderman":1,"minecraft:warden":19,"minecraft:ghast":1,"minecraft:drowned":1,"minecraft:skeleton":11,"minecraft:piglin_brute":1,"minecraft:guardian":1,"graveyard:skeleton_creeper":2,"minecraft:cave_spider":2,"minecraft:player":1,"minecraft:spider":4,"minecraft:enderman":2,"minecraft:iron_golem":2,"minecraft:phantom":1},"minecraft:picked_up":{"minecraft:smithing_table":2,"minecraft:lead":3,"minecraft:enchanted_book":55,"minecraft:polished_deepslate":40,"minecraft:string":192,"minecraft:pufferfish":4,"minecraft:diamond_leggings":1,"regions_unexplored:blackwood_planks":2,"bakery:small_cooking_pot":5,"minecraft:jukebox":1,"minecraft:golden_axe":4,"minecraft:lightning_rod":2,"beautify:lamp_light_bulb":9,"minecraft:golden_chestplate":4,"minecraft:cauldron":3,"regions_unexplored:pink_magnolia_sapling":34,"minecraft:stone_sword":1,"minecraft:honey_bottle":4,"medievalweapons:thalleous_sword":1,"minecraft:red_tulip":4,"minecraft:bookshelf":236,"supplementaries:quiver":3,"supplementaries:ash":444,"minecraft:blaze_rod":12,"bakery:cake_display":4,"minecraft:iron_bars":2,"minecraft:cooked_beef":24,"minecraft:feather":15,"minecraft:water_bucket":1,"regions_unexplored:white_magnolia_shrub":3,"minecraft:copper_block":7,"exposure:aged_photograph":5,"minecraft:flint":12,"bakery:baker_station":2,"chipped:loom_table":5,"minecraft:lantern":30,"minecraft:stonecutter":1,"minecraft:diamond_helmet":7,"regions_unexplored:blackwood_shrub":1,"naturalist:snail_shell":2,"minecraft:honeycomb":4,"regions_unexplored:bamboo_log":170,"endrem:lost_eye":1,"regions_unexplored:pine_sapling":16,"minecraft:stripped_spruce_log":6,"regions_unexplored:pink_lupine":23,"naturalist:duck_egg":1,"graveyard:oak_coffin":2,"minecraft:iron_hoe":1,"minecraft:deepslate":130,"minecraft:lever":3,"regions_unexplored:clover":1545,"supplementaries:bubble_blower":2,"meadow:cooking_cauldron":2,"minecraft:granite":86,"minecraft:spruce_button":2,"minecraft:jack_o_lantern":7,"minecraft:diamond_pickaxe":3,"minecraft:bee_nest":5,"minecraft:clay_ball":328,"minecraft:leather_leggings":5,"minecraft:flint_and_steel":1,"minecraft:iron_shovel":4,"supplementaries:bomb":6,"minecraft:poppy":6,"minecraft:spruce_slab":43,"supplementaries:rope":19,"minecraft:birch_sapling":36,"minecraft:copper_ore":5,"minecraft:stone":1697,"chipped:fine_stone_pillar":11,"herbalbrews:tea_kettle":2,"minecraft:fire_charge":6,"graveyard:lying_skeleton":1,"minecraft:diamond_chestplate":1,"minecraft:decorated_pot":6,"minecraft:cracked_deepslate_bricks":1,"minecraft:totem_of_undying":2,"minecraft:polished_blackstone":7,"regions_unexplored:purple_lupine":25,"minecraft:mutton":18,"minecraft:rail":1,"minecraft:bone_block":4,"minecraft:emerald_ore":1,"minecraft:clock":1,"deeperdarker:echo_soil":1,"minecraft:paper":8,"endrem:cryptic_eye":2,"minecraft:apple":134,"minecraft:spore_blossom":1,"minecraft:stone_pickaxe":4,"minecraft:blade_pottery_sherd":1,"herbalbrews:cauldron":6,"minecraft:dark_oak_stairs":24,"meadow:frame":1,"minecraft:smooth_basalt":96,"minecraft:red_wool":1,"graveyard:skeleton_hand":3,"minecraft:leather_helmet":6,"minecraft:diamond_shovel":1,"minecraft:coal_ore":9,"minecraft:slime_ball":67,"deeperdarker:sculk_bone":12,"regions_unexplored:fireweed":3,"minecraft:deepslate_redstone_ore":3,"meadow:alpine_poppy":2,"minecraft:birch_sign":56,"regions_unexplored:magnolia_fence":3,"minecraft:baked_potato":1,"supplementaries:bomb_blue":2,"minecraft:stone_brick_stairs":4,"graveyard:wither_skull_pile":1,"regions_unexplored:magnolia_shrub":1,"minecraft:bucket":6,"comforts:sleeping_bag_white":45,"minecraft:azalea":3,"minecraft:iron_pickaxe":1,"chipped:glassblower":5,"regions_unexplored:blackwood_log":68,"meadow:cheese_form":4,"minecraft:birch_trapdoor":2,"minecraft:spruce_stairs":25,"regions_unexplored:pink_magnolia_shrub":5,"minecraft:diorite":78,"minecraft:rotten_flesh":1056,"regions_unexplored:tsubaki":9,"regions_unexplored:mauve_log":6,"minecraft:music_disc_ward":1,"minecraft:obsidian":17,"minecraft:blaze_powder":8,"minecraft:cobblestone":2279,"minecraft:enchanting_table":3,"candlelight:lettuce":9,"deeperdarker:cobbled_sculk_stone":3,"minecraft:leather_chestplate":2,"minecraft:repeater":3,"minecraft:lilac":3,"minecraft:raiser_armor_trim_smithing_template":1,"minecraft:cherry_planks":9,"minecraft:andesite":76,"minecraft:black_bed":5,"minecraft:golden_leggings":5,"minecraft:potato":59,"inmis:baby_backpack":1,"minecraft:smooth_sandstone_stairs":3,"naturalist:lizard_tail":1,"minecraft:dirt":3471,"minecraft:cut_sandstone_slab":1,"minecraft:name_tag":7,"minecraft:bone":481,"minecraft:bow":22,"minecraft:wheat_seeds":175,"betterarcheology:archeology_table":4,"minecraft:birch_wood":2,"minecraft:grindstone":3,"minecraft:mossy_stone_bricks":20,"minecraft:bamboo":590,"minecraft:prismarine":1,"regions_unexplored:mycotoxic_mushrooms":6,"minecraft:grass_block":5,"herbalbrews:copper_tea_kettle":1,"candlelight:cooking_pot":3,"minecraft:diamond_block":1,"minecraft:spectral_arrow":14,"minecraft:mossy_cobblestone":6,"graveyard:upper_bone_staff":15,"chipped:carpenters_table":5,"minecraft:sugar":3,"minecraft:slime_block":6,"bakery:brick_counter":7,"minecraft:soul_lantern":27,"minecraft:cracked_polished_blackstone_bricks":8,"bakery:wall_cabinet":6,"minecraft:crossbow":1,"minecraft:bone_meal":119,"minecraft:golden_apple":21,"minecraft:emerald":353,"minecraft:netherrack":40,"minecraft:splash_potion":24,"minecraft:ladder":9,"minecraft:brown_mushroom":1,"minecraft:chain":27,"minecraft:shield":8,"minecraft:moss_carpet":1,"minecraft:blackstone":13,"graveyard:corruption":219,"regions_unexplored:ash_vent":1,"meadow:climbing_rope_topmount":3,"minecraft:note_block":5,"minecraft:polished_blackstone_bricks":3,"minecraft:music_disc_11":1,"supplementaries:key":1,"minecraft:trident":4,"minecraft:stone_pressure_plate":4,"meadow:oil_lantern":4,"minecraft:glistering_melon_slice":18,"minecraft:skeleton_skull":5,"regions_unexplored:peat_dirt":59,"minecraft:basalt":19,"minecraft:golden_carrot":8,"herbalbrews:yerba_mate_leaf":1,"minecraft:leather":92,"minecraft:music_disc_stal":1,"minecraft:cobbled_deepslate_stairs":9,"minecraft:gunpowder":153,"minecraft:cooked_mutton":18,"minecraft:red_carpet":79,"minecraft:iron_ingot":123,"minecraft:prismarine_brick_slab":2,"minecraft:polished_andesite_slab":3,"regions_unexplored:yellow_lupine":3,"minecraft:sculk_catalyst":7,"bakery:strawberry":2,"meadow:woodcutter":1,"minecraft:emerald_block":4,"chipped:alchemy_bench":7,"minecraft:stone_brick_slab":9,"minecraft:dandelion":3,"minecraft:amethyst_shard":360,"bakery:jar":5,"minecraft:pumpkin_seeds":4,"regions_unexplored:blackwood_sapling":14,"minecraft:chainmail_leggings":1,"minecraft:cherry_sapling":108,"minecraft:mossy_cobblestone_stairs":12,"minecraft:damaged_anvil":2,"regions_unexplored:pointed_redstone":2,"handcrafted:wood_plate":2,"minecraft:wooden_axe":1,"minecraft:birch_door":2,"minecraft:iron_chestplate":8,"minecraft:prismarine_shard":86,"minecraft:flower_pot":3,"minecraft:chainmail_boots":4,"minecraft:anvil":5,"regions_unexplored:magnolia_log":239,"minecraft:oak_stairs":2,"minecraft:wither_rose":5,"minecraft:brewing_stand":6,"minecraft:golden_sword":18,"minecraft:amethyst_block":214,"minecraft:dark_oak_trapdoor":4,"minecraft:explorer_pottery_sherd":4,"minecraft:red_nether_bricks":2,"minecraft:spruce_planks":143,"chipped:tinkering_table":4,"regions_unexplored:pine_log":41,"minecraft:gold_nugget":176,"minecraft:cobbled_deepslate":1614,"bakery:brick_stove":2,"meadow:watering_can":4,"minecraft:enchanted_golden_apple":2,"minecraft:coal_block":20,"regions_unexplored:pine_shrub":2,"minecraft:dark_oak_door":1,"minecraft:golden_helmet":5,"minecraft:sandstone_wall":2,"medievalweapons:diamond_ninjato":1,"minecraft:cherry_log":148,"minecraft:rabbit_foot":33,"minecraft:chiseled_nether_bricks":5,"minecraft:tropical_fish":4,"medievalweapons:iron_rapier":2,"minecraft:blue_dye":2,"minecraft:birch_log":45,"minecraft:mossy_cobblestone_slab":2,"minecraft:magma_block":15,"minecraft:oxidized_copper":1,"minecraft:iron_door":5,"minecraft:smoker":10,"bakery:crafting_bowl":3,"regions_unexplored:peat_grass_block":1,"minecraft:brown_candle":7,"endermanoverhaul:summoner_pearl":1,"minecraft:chipped_anvil":6,"regions_unexplored:magnolia_planks":2,"minecraft:glowstone_dust":38,"minecraft:moss_block":19,"deeperdarker:soul_crystal":1,"minecraft:ink_sac":10,"minecraft:loom":13,"minecraft:fermented_spider_eye":165,"minecraft:dark_oak_log":875,"minecraft:barrel":41,"minecraft:bundle":1,"regions_unexplored:hyssop":3,"minecraft:writable_book":3,"minecraft:chainmail_helmet":2,"minecraft:bread":201,"minecraft:cherry_slab":1,"minecraft:dark_oak_fence":7,"minecraft:spruce_leaves":8,"minecraft:crafting_table":34,"minecraft:nether_wart":38,"minecraft:dead_tube_coral":4,"minecraft:dead_horn_coral_block":2,"candlelight:lettuce_seeds":4,"minecraft:red_bed":12,"minecraft:cracked_stone_bricks":8,"minecraft:respawn_anchor":1,"minecraft:beef":21,"minecraft:iron_nugget":56,"graveyard:leaning_skeleton":5,"minecraft:chest":83,"chipped:mason_table":9,"minecraft:egg":13,"regions_unexplored:duckweed":2,"regions_unexplored:day_lily":1,"minecraft:polished_deepslate_slab":2,"minecraft:glow_item_frame":1,"minecraft:spruce_fence":8,"chipped:botanist_workbench":9,"deeperdarker:sculk_tendrils":7,"minecraft:carrot":18,"minecraft:redstone":722,"minecraft:prismarine_crystals":87,"regions_unexplored:dusktrap":10,"minecraft:cooked_cod":1,"minecraft:peony":3,"minecraft:beetroot_seeds":4,"meadow:can":2,"minecraft:deepslate_bricks":5,"minecraft:shears":2,"minecraft:diamond_boots":5,"minecraft:gold_ingot":144,"minecraft:glow_berries":4,"minecraft:white_wool":3,"minecraft:filled_map":2,"graveyard:small_light_gray_urn":7,"supplementaries:rope_arrow":2,"minecraft:oak_log":23,"candlelight:cooking_pan":1,"minecraft:ancient_debris":1,"minecraft:golden_boots":1,"endrem:undead_soul":4,"minecraft:white_banner":13,"minecraft:stone_bricks":71,"minecraft:cobweb":99,"bakery:apple_jam":1,"minecraft:glass_bottle":3,"minecraft:iron_sword":6,"endrem:witch_pupil":5,"minecraft:dark_oak_slab":12,"endrem:old_eye":1,"regions_unexplored:white_magnolia_sapling":58,"minecraft:sculk":10,"minecraft:spyglass":1,"minecraft:gravel":141,"minecraft:spruce_sapling":57,"handcrafted:skeleton_trophy":2,"minecraft:spruce_log":516,"chipped:ornate_stone_pillar":76,"minecraft:firework_rocket":14,"minecraft:stone_axe":1,"bakery:strawberry_cake_slice":4,"minecraft:gray_wool":44,"minecraft:warped_roots":2,"minecraft:oak_button":1,"minecraft:warped_nylium":1,"minecraft:melon_seeds":6,"minecraft:stripped_dark_oak_log":58,"minecraft:pink_dye":7,"minecraft:ender_pearl":35,"minecraft:wheat":25,"candlelight:gold_ring":1,"minecraft:potion":19,"medievalweapons:diamond_healing_staff":1,"minecraft:raw_copper":2110,"minecraft:smooth_stone_slab":5,"bakery:bread_knife":1,"minecraft:iron_leggings":5,"minecraft:armor_stand":3,"minecraft:sticky_piston":2,"minecraft:zombie_head":3,"minecraft:oak_sign":10,"regions_unexplored:bamboo_sapling":23,"minecraft:dark_oak_leaves":88,"minecraft:redstone_torch":3,"minecraft:calcite":98,"minecraft:furnace":7,"minecraft:iron_boots":5,"minecraft:stick":444,"minecraft:torch":274,"deeperdarker:heart_of_the_deep":8,"minecraft:porkchop":14,"minecraft:pointed_dripstone":4,"bakery:breadbox":2,"regions_unexplored:argillite":8,"chipped:ornate_cobblestone_pillar":7,"meadow:doormat":3,"bakery:cake_stand":1,"supplementaries:antique_ink":2,"graveyard:gray_urn":3,"more_armor_trims:nihility_armor_trim_smithing_template":5,"regions_unexplored:magnolia_sapling":88,"minecraft:cod":1,"minecraft:nautilus_shell":13,"graveyard:skull_pile":5,"bakery:kitchen_sink":2,"minecraft:magma_cream":49,"chipped:cracked_flat_cobblestone_tiles":1,"minecraft:tuff":52,"supplementaries:flax_seeds":16,"minecraft:wither_skeleton_skull":12,"minecraft:lapis_lazuli":500,"bakery:wall_display":1,"minecraft:leather_boots":2,"minecraft:cobbled_deepslate_wall":4,"minecraft:raw_gold":519,"minecraft:cobbled_deepslate_slab":61,"graveyard:creeper_skeleton":1,"minecraft:oak_planks":11,"meadow:umbra_wool":3,"minecraft:mossy_stone_brick_stairs":4,"minecraft:ghast_tear":9,"minecraft:cooked_porkchop":51,"graveyard:bone_dagger":14,"minecraft:poisonous_potato":6,"regions_unexplored:pine_planks":8,"minecraft:sand":95,"minecraft:lily_of_the_valley":4,"minecraft:oxidized_cut_copper_slab":1,"minecraft:chiseled_sandstone":1,"minecraft:diamond":247,"minecraft:polished_blackstone_button":3,"bakery:tray":5,"minecraft:oak_sapling":18,"minecraft:fishing_rod":1,"minecraft:cocoa_beans":24,"minecraft:chicken":2,"minecraft:wooden_pickaxe":2,"minecraft:gold_block":10,"minecraft:diamond_horse_armor":5,"minecraft:iron_axe":2,"minecraft:item_frame":16,"deeperdarker:warden_carapace":16,"regions_unexplored:duskmelon_slice":6,"minecraft:candle":9,"minecraft:echo_shard":6,"minecraft:light_gray_wool":1,"minecraft:lectern":5,"minecraft:sugar_cane":20,"minecraft:phantom_membrane":11,"minecraft:spruce_trapdoor":28,"minecraft:dark_oak_sapling":51,"minecraft:raw_iron":1587,"minecraft:copper_ingot":44,"exposure:photograph":1,"regions_unexplored:blue_lupine":22,"chipped:flat_cobblestone_tiles":11,"meadow:wooden_cauldron":3,"minecraft:iron_horse_armor":1,"minecraft:dark_oak_planks":162,"minecraft:arrow":241,"deeperdarker:sculk_gleam":1,"regions_unexplored:redstone_bulb":1,"medievalweapons:iron_healing_staff":1,"graveyard:leaning_wither_skeleton":1,"minecraft:saddle":6,"minecraft:wet_sponge":14,"minecraft:glow_ink_sac":3,"minecraft:salmon":1,"minecraft:cut_sandstone":3,"minecraft:birch_planks":57,"minecraft:cobblestone_stairs":2,"naturalist:glow_goop":1,"naturalist:bass":1,"meadow:fondue":2,"minecraft:soul_sand":47,"minecraft:book":254,"minecraft:scaffolding":537,"minecraft:oak_slab":236,"minecraft:pumpkin":26,"minecraft:chiseled_stone_bricks":21,"minecraft:dripstone_block":3,"minecraft:raw_iron_block":1,"graveyard:wither_skull_with_rib_cage":1,"minecraft:blast_furnace":7,"minecraft:gold_ore":4,"bakery:cupcake_display":5,"minecraft:spider_eye":34,"minecraft:light_gray_candle":3,"chipped:curly_stone_pillar":23,"minecraft:iron_helmet":8,"betterarcheology:vase":3,"minecraft:coal":1346},"minecraft:custom":{"minecraft:interact_with_crafting_table":282,"minecraft:damage_blocked_by_shield":4283,"minecraft:play_time":3975083,"minecraft:deaths":71,"minecraft:jump":35747,"minecraft:interact_with_cartography_table":1,"minecraft:interact_with_smoker":89,"minecraft:inspect_dispenser":4,"minecraft:horse_one_cm":5122529,"minecraft:interact_with_anvil":68,"minecraft:inspect_hopper":4,"minecraft:tune_noteblock":27,"minecraft:time_since_rest":291,"minecraft:swim_one_cm":1224535,"minecraft:open_chest":2409,"minecraft:play_noteblock":9,"minecraft:talked_to_villager":39,"minecraft:interact_with_brewingstand":38,"minecraft:fill_cauldron":1,"minecraft:damage_taken":63552,"minecraft:aviate_one_cm":74028,"minecraft:open_barrel":633,"minecraft:bell_ring":8,"minecraft:eat_cake_slice":1,"minecraft:leave_game":80,"minecraft:time_since_death":134,"minecraft:enchant_item":38,"minecraft:interact_with_furnace":270,"minecraft:traded_with_villager":67,"minecraft:sleep_in_bed":87,"minecraft:damage_dealt":368398,"minecraft:use_cauldron":3,"minecraft:interact_with_smithing_table":1,"minecraft:damage_dealt_absorbed":80,"minecraft:target_hit":18,"minecraft:sneak_time":220149,"minecraft:interact_with_lectern":2,"minecraft:interact_with_blast_furnace":161,"minecraft:total_world_time":3975083,"minecraft:interact_with_stonecutter":6,"minecraft:fly_one_cm":12128683,"minecraft:fish_caught":7,"minecraft:fall_one_cm":1954534,"minecraft:animals_bred":9,"minecraft:sprint_one_cm":5456062,"minecraft:drop":735,"minecraft:walk_on_water_one_cm":627364,"minecraft:interact_with_loom":7,"minecraft:open_enderchest":6,"minecraft:player_kills":7,"minecraft:crouch_one_cm":621665,"minecraft:mob_kills":2137,"minecraft:climb_one_cm":293517,"minecraft:walk_one_cm":9669636,"minecraft:walk_under_water_one_cm":1554814,"minecraft:raid_trigger":1,"minecraft:pot_flower":10,"minecraft:interact_with_grindstone":13,"minecraft:damage_absorbed":3269,"minecraft:trigger_trapped_chest":8}},"DataVersion":3465}