{"stats":{"minecraft:crafted":{"minecraft:cooked_beef":20,"minecraft:cooked_porkchop":19,"minecraft:crafting_table":1,"minecraft:wooden_pickaxe":1,"minecraft:stone_axe":1,"minecraft:cooked_mutton":11,"minecraft:air":0,"minecraft:stick":12,"minecraft:stone_pickaxe":1,"minecraft:wooden_axe":1,"minecraft:dark_oak_planks":48,"minecraft:torch":8},"minecraft:killed":{"graveyard:ghoul":1,"minecraft:iron_golem":1,"minecraft:sheep":1,"minecraft:zombie":1,"minecraft:cow":1},"minecraft:mined":{"minecraft:dark_oak_planks":3,"minecraft:red_bed":3,"minecraft:smoker":4,"minecraft:dark_oak_log":12,"minecraft:brewing_stand":2,"minecraft:crafting_table":3,"beautify:hanging_pot":1,"minecraft:grass_block":6,"minecraft:chest":27,"minecraft:cobblestone":1,"minecraft:birch_wood":2,"minecraft:wall_torch":4,"minecraft:large_fern":1,"minecraft:furnace":1,"minecraft:jukebox":1,"minecraft:dark_oak_stairs":1,"minecraft:yellow_stained_glass_pane":1,"minecraft:bookshelf":31,"supplementaries:stick":1,"minecraft:coal_ore":39,"minecraft:shroomlight":1,"minecraft:dirt":2,"beautify:lamp_light_bulb":4,"regions_unexplored:blackwood_leaves":1,"minecraft:wither_skeleton_skull":1,"minecraft:stone":5,"minecraft:white_wool":3,"minecraft:oak_leaves":11},"minecraft:used":{"minecraft:stone_pickaxe":41,"minecraft:birch_wood":2,"minecraft:chest":6,"minecraft:wooden_pickaxe":24,"minecraft:leather_chestplate":1,"beautify:hanging_pot":1,"minecraft:leather_boots":1,"minecraft:stick":1,"minecraft:torch":8,"minecraft:dirt":2,"minecraft:crafting_table":4,"minecraft:red_bed":1,"minecraft:smoker":4,"minecraft:dark_oak_planks":13,"minecraft:wooden_axe":59,"minecraft:apple":1,"regions_unexplored:blackwood_sapling":1,"minecraft:bread":3,"minecraft:leather_helmet":1,"candlelight:painting":1,"bakery:misslilitu_biscuit":1,"betterarcheology:guardian_fossil":3,"minecraft:stone_axe":38,"minecraft:cooked_beef":3,"minecraft:jukebox":1},"minecraft:dropped":{"minecraft:crafting_table":1,"minecraft:soul_lantern":1,"minecraft:wither_skeleton_skull":1,"minecraft:wooden_axe":1,"minecraft:gold_nugget":3,"minecraft:wooden_pickaxe":1,"minecraft:dandelion":3},"minecraft:broken":{"minecraft:wooden_axe":1},"minecraft:picked_up":{"minecraft:wooden_axe":1,"minecraft:crafting_table":4,"minecraft:wheat":4,"minecraft:leather_chestplate":1,"minecraft:feather":2,"minecraft:leather_leggings":1,"minecraft:leather":4,"minecraft:smoker":4,"minecraft:potato":58,"minecraft:brewing_stand":2,"minecraft:wither_skeleton_skull":2,"minecraft:dirt":8,"minecraft:red_bed":3,"minecraft:leather_boots":2,"minecraft:apple":64,"minecraft:gold_nugget":3,"minecraft:birch_wood":2,"minecraft:iron_ingot":5,"minecraft:beef":3,"minecraft:poppy":1,"minecraft:light_gray_wool":1,"minecraft:chest":27,"minecraft:dark_oak_stairs":1,"minecraft:furnace":1,"minecraft:book":96,"minecraft:dark_oak_sapling":11,"minecraft:stick":4,"minecraft:jukebox":1,"minecraft:torch":4,"minecraft:dandelion":3,"minecraft:porkchop":3,"beautify:lamp_light_bulb":4,"minecraft:redstone":3,"minecraft:dark_oak_log":12,"minecraft:dark_oak_planks":3,"minecraft:rotten_flesh":17,"minecraft:slime_ball":1,"regions_unexplored:blackwood_sapling":1,"minecraft:emerald":12,"minecraft:bread":72,"minecraft:gold_ingot":4,"minecraft:mutton":8,"minecraft:coal":39,"minecraft:white_wool":3,"minecraft:cobblestone":6},"minecraft:custom":{"minecraft:mob_kills":5,"minecraft:interact_with_crafting_table":7,"minecraft:open_barrel":1,"minecraft:bell_ring":8,"minecraft:leave_game":4,"minecraft:time_since_death":78820,"minecraft:sleep_in_bed":3,"minecraft:climb_one_cm":4721,"minecraft:time_since_rest":19655,"minecraft:sprint_one_cm":127873,"minecraft:damage_taken":364,"minecraft:walk_one_cm":202674,"minecraft:drop":8,"minecraft:damage_dealt":1480,"minecraft:swim_one_cm":3619,"minecraft:talked_to_villager":5,"minecraft:fly_one_cm":158711,"minecraft:open_chest":65,"minecraft:play_time":78820,"minecraft:crouch_one_cm":3946,"minecraft:sneak_time":2076,"minecraft:walk_under_water_one_cm":1905,"minecraft:aviate_one_cm":74028,"minecraft:jump":522,"minecraft:walk_on_water_one_cm":74,"minecraft:total_world_time":78820,"minecraft:interact_with_smoker":26,"minecraft:fall_one_cm":11760}},"DataVersion":3465}