{"stats":{"minecraft:crafted":{"minecraft:stone":64,"minecraft:lever":1,"minecraft:bookshelf":26,"candlelight:gold_ring":1,"minecraft:cooked_mutton":11,"minecraft:glass":34,"minecraft:hopper":3,"minecraft:stone_brick_slab":126,"minecraft:repeater":6,"minecraft:iron_boots":1,"minecraft:chest":1,"supplementaries:flute":2,"supplementaries:rope_arrow":29,"minecraft:cooked_porkchop":21,"minecraft:crafting_table":3,"minecraft:iron_helmet":2,"minecraft:wooden_pickaxe":1,"minecraft:baked_potato":64,"minecraft:brown_bed":1,"minecraft:copper_ingot":12,"minecraft:birch_planks":8,"minecraft:diamond_pickaxe":1,"inmis:plated_backpack":1,"minecraft:shield":1,"minecraft:stick":53,"minecraft:iron_ingot":125,"minecraft:iron_pickaxe":2,"minecraft:gold_ingot":45,"inmis:frayed_backpack":1,"medievalweapons:diamond_ninjato":1,"minecraft:redstone_torch":12,"minecraft:shears":1,"horseexpert:monocle":2,"minecraft:stone_shovel":3,"comforts:sleeping_bag_white":1,"inmis:gilded_backpack":1,"minecraft:furnace":4,"minecraft:dark_oak_trapdoor":4,"minecraft:glass_pane":48,"regions_unexplored:mauve_planks":24,"minecraft:leather":17,"minecraft:iron_axe":1,"minecraft:stone_pickaxe":5,"minecraft:diamond_boots":1,"minecraft:dark_oak_planks":48,"regions_unexplored:magnolia_planks":68,"minecraft:cooked_beef":20,"minecraft:enchanting_table":1,"minecraft:iron_sword":1,"minecraft:bucket":1,"minecraft:stone_axe":1,"minecraft:air":0,"regions_unexplored:pine_planks":140,"minecraft:wooden_axe":1,"minecraft:iron_shovel":1,"minecraft:iron_leggings":2,"minecraft:torch":44,"minecraft:diamond_chestplate":1},"minecraft:killed":{"minecraft:cave_spider":3,"graveyard:skeleton_creeper":1,"minecraft:spider":13,"endermanoverhaul:dark_oak_enderman":1,"naturalist:robin":1,"naturalist:boar":5,"minecraft:skeleton":24,"minecraft:axolotl":1,"minecraft:silverfish":1,"minecraft:skeleton_horse":1,"minecraft:zombie_villager":1,"naturalist:firefly":2,"minecraft:iron_golem":2,"minecraft:creeper":2,"minecraft:sheep":1,"minecraft:pillager":5,"minecraft:zombie":125,"meadow:wooly_cow":2,"minecraft:cow":3,"minecraft:phantom":4,"naturalist:bass":2,"graveyard:ghoul":2,"naturalist:butterfly":1,"minecraft:bat":1,"endermanoverhaul:cave_enderman":1,"naturalist:sparrow":1,"minecraft:enderman":2},"minecraft:mined":{"minecraft:dark_oak_planks":52,"minecraft:large_amethyst_bud":4,"regions_unexplored:blue_lupine":1,"minecraft:cobblestone_stairs":1,"minecraft:brewing_stand":2,"minecraft:obsidian":4,"regions_unexplored:pink_magnolia_shrub":1,"minecraft:granite":13,"minecraft:grass_block":650,"regions_unexplored:argillite_grass_block":3,"minecraft:spawner":2,"minecraft:magma_block":2,"minecraft:mossy_cobblestone_slab":1,"minecraft:mossy_cobblestone_stairs":5,"minecraft:iron_ore":47,"minecraft:cobbled_deepslate":2,"minecraft:fire":1,"regions_unexplored:purple_lupine":1,"minecraft:moss_carpet":1,"minecraft:anvil":1,"minecraft:deepslate_lapis_ore":9,"minecraft:dark_oak_stairs":1,"supplementaries:stick":2,"minecraft:azalea":1,"minecraft:tripwire":1,"minecraft:deepslate_redstone_ore":43,"minecraft:red_bed":5,"minecraft:medium_amethyst_bud":1,"regions_unexplored:yellow_lupine":1,"minecraft:smoker":7,"minecraft:amethyst_cluster":7,"minecraft:clay":2,"minecraft:torch":8,"regions_unexplored:bladed_tall_grass":1,"beautify:hanging_pot":1,"regions_unexplored:peat_grass_block":16,"minecraft:chest":43,"regions_unexplored:pink_magnolia_sapling":1,"minecraft:cobblestone":111,"minecraft:birch_wood":2,"minecraft:wall_torch":19,"graveyard:oak_coffin":1,"minecraft:birch_log":2,"minecraft:jukebox":1,"minecraft:birch_door":1,"minecraft:stone_brick_stairs":4,"minecraft:yellow_stained_glass_pane":1,"regions_unexplored:pine_sapling":2,"minecraft:grass":14,"regions_unexplored:peat_dirt":37,"minecraft:sand":35,"minecraft:dirt":321,"regions_unexplored:clover":3,"graveyard:small_cyan_urn":1,"minecraft:wither_skeleton_skull":2,"minecraft:oak_leaves":13,"minecraft:deepslate":285,"regions_unexplored:fireweed":2,"minecraft:diamond_ore":2,"minecraft:tuff":21,"minecraft:mossy_cobblestone":3,"minecraft:dark_oak_leaves":114,"minecraft:deepslate_diamond_ore":19,"regions_unexplored:dusktrap":4,"minecraft:dark_oak_log":71,"regions_unexplored:pine_planks":6,"minecraft:moss_block":11,"regions_unexplored:duskmelon":5,"minecraft:large_fern":1,"regions_unexplored:argillite":1,"minecraft:redstone_ore":16,"minecraft:furnace":6,"minecraft:andesite":3,"minecraft:bookshelf":42,"minecraft:shroomlight":1,"minecraft:deepslate_iron_ore":59,"minecraft:cobblestone_slab":1,"regions_unexplored:ash_vent":1,"regions_unexplored:medium_grass":11,"minecraft:stone":992,"regions_unexplored:bladed_grass":1,"minecraft:white_wool":3,"minecraft:podzol":1,"minecraft:scaffolding":180,"minecraft:basalt":4,"minecraft:stone_brick_slab":17,"minecraft:crafting_table":8,"minecraft:emerald_ore":2,"minecraft:lightning_rod":2,"minecraft:copper_ore":5,"minecraft:tall_grass":2,"minecraft:lapis_ore":4,"minecraft:deepslate_gold_ore":33,"minecraft:diorite":39,"supplementaries:urn":37,"minecraft:birch_planks":10,"minecraft:coal_ore":104,"regions_unexplored:magnolia_shrub":1,"regions_unexplored:dark_oak_shrub":1,"minecraft:cocoa":2,"minecraft:gravel":4,"regions_unexplored:blackwood_shrub":1,"beautify:lamp_light_bulb":4,"minecraft:cracked_stone_bricks":11,"regions_unexplored:blackwood_leaves":6,"minecraft:stone_bricks":34,"minecraft:mossy_stone_bricks":13,"minecraft:gold_ore":4,"regions_unexplored:magnolia_planks":2,"minecraft:fern":7},"minecraft:used":{"minecraft:writable_book":1,"minecraft:iron_shovel":157,"minecraft:poppy":1,"minecraft:shield":52,"minecraft:chest":38,"minecraft:iron_sword":263,"minecraft:rotten_flesh":5,"minecraft:iron_chestplate":1,"minecraft:carrot":2,"regions_unexplored:purple_lupine":1,"minecraft:netherite_shovel":465,"minecraft:iron_helmet":1,"candlelight:painting":1,"minecraft:stone_brick_stairs":8,"minecraft:stone_bricks":198,"supplementaries:bomb_blue":1,"minecraft:bow":122,"minecraft:scaffolding":255,"minecraft:furnace":8,"minecraft:egg":1,"minecraft:potato":1,"regions_unexplored:yellow_lupine":1,"minecraft:dark_oak_stairs":1,"minecraft:diorite":2,"minecraft:wither_skeleton_skull":2,"minecraft:stone_pickaxe":310,"minecraft:birch_wood":2,"minecraft:leather_chestplate":1,"minecraft:wooden_pickaxe":24,"minecraft:diamond_axe":129,"beautify:hanging_pot":1,"medievalweapons:diamond_ninjato":391,"minecraft:dark_oak_trapdoor":3,"minecraft:crossbow":7,"minecraft:shears":90,"regions_unexplored:pine_sapling":1,"minecraft:lightning_rod":2,"minecraft:bread":90,"regions_unexplored:blackwood_sapling":1,"minecraft:string":2,"minecraft:deepslate":572,"minecraft:enchanting_table":1,"minecraft:stone_shovel":404,"minecraft:cooked_salmon":11,"candlelight:gold_ring":1,"minecraft:stick":2,"minecraft:torch":120,"minecraft:brewing_stand":1,"minecraft:anvil":2,"minecraft:dirt":886,"regions_unexplored:clover":20,"beautify:lamp_light_bulb":4,"regions_unexplored:pine_log":2,"minecraft:birch_door":1,"minecraft:mossy_cobblestone_stairs":4,"minecraft:dark_oak_planks":13,"minecraft:wooden_axe":59,"minecraft:stone_brick_slab":91,"minecraft:bookshelf":27,"minecraft:iron_axe":5,"minecraft:iron_boots":1,"bakery:misslilitu_biscuit":1,"betterarcheology:guardian_fossil":3,"minecraft:diamond_chestplate":1,"regions_unexplored:duskmelon_slice":1,"minecraft:beef":5,"minecraft:netherite_pickaxe":272,"comforts:sleeping_bag_white":4,"minecraft:cooked_beef":20,"minecraft:cobbled_deepslate":62,"regions_unexplored:blue_lupine":2,"minecraft:iron_leggings":1,"minecraft:brown_bed":1,"minecraft:wheat_seeds":4,"minecraft:cooked_mutton":4,"minecraft:water_bucket":65,"minecraft:birch_planks":11,"minecraft:baked_potato":64,"minecraft:leather_boots":1,"minecraft:cracked_stone_bricks":1,"minecraft:mossy_cobblestone":3,"minecraft:crafting_table":10,"minecraft:red_bed":4,"regions_unexplored:blackwood_shrub":1,"supplementaries:bomb":2,"bakery:strawberry":1,"regions_unexplored:magnolia_planks":2,"minecraft:smoker":7,"minecraft:diamond_pickaxe":929,"minecraft:apple":3,"minecraft:iron_pickaxe":499,"minecraft:leather_helmet":1,"minecraft:stone_axe":88,"minecraft:cobblestone":1105,"minecraft:cooked_porkchop":21,"minecraft:bucket":66,"minecraft:jukebox":1,"regions_unexplored:pine_planks":19},"minecraft:dropped":{"horseexpert:monocle":1,"minecraft:moss_block":8,"minecraft:porkchop":4,"regions_unexplored:magnolia_log":3,"minecraft:crafting_table":2,"minecraft:cooked_porkchop":2,"bakery:strawberry":1,"minecraft:cracked_stone_bricks":2,"minecraft:leather_helmet":2,"minecraft:music_disc_11":1,"minecraft:flint":2,"minecraft:dirt":17,"minecraft:wooden_sword":1,"minecraft:gold_nugget":3,"minecraft:dark_oak_planks":1,"minecraft:bone":7,"minecraft:gravel":4,"minecraft:stone_axe":1,"minecraft:iron_nugget":10,"minecraft:cobbled_deepslate":57,"minecraft:soul_lantern":1,"minecraft:rotten_flesh":35,"minecraft:carrot":1,"minecraft:poppy":1,"minecraft:leather_chestplate":1,"supplementaries:flax_seeds":5,"supplementaries:ash":16,"regions_unexplored:peat_dirt":3,"minecraft:gunpowder":2,"minecraft:beetroot_seeds":4,"minecraft:leather_boots":1,"minecraft:chainmail_boots":1,"minecraft:leather_leggings":3,"minecraft:egg":2,"minecraft:iron_ingot":1,"minecraft:bread":4,"regions_unexplored:fireweed":1,"minecraft:wheat_seeds":5,"minecraft:mossy_cobblestone":3,"minecraft:iron_helmet":2,"minecraft:cobblestone":176,"minecraft:granite":13,"minecraft:tropical_fish":1,"regions_unexplored:argillite":8,"minecraft:stick":10,"minecraft:mossy_cobblestone_slab":1,"minecraft:diorite":32,"naturalist:bass":1,"minecraft:wooden_axe":3,"regions_unexplored:duskmelon_slice":3,"regions_unexplored:dusktrap":3,"minecraft:mossy_cobblestone_stairs":4,"minecraft:paper":4,"minecraft:string":5,"minecraft:bucket":1,"minecraft:dandelion":3,"minecraft:redstone":7,"regions_unexplored:pine_planks":4,"minecraft:tuff":3,"minecraft:wither_skeleton_skull":1,"minecraft:clay_ball":16,"supplementaries:quiver":1,"minecraft:diamond_pickaxe":1,"minecraft:andesite":9,"regions_unexplored:blackwood_sapling":5,"minecraft:mossy_stone_bricks":5,"minecraft:golden_leggings":1,"minecraft:wooden_shovel":1,"minecraft:spider_eye":1,"minecraft:stone_bricks":5,"minecraft:slime_ball":1,"minecraft:bow":3,"minecraft:stone_pickaxe":6,"minecraft:wooden_pickaxe":3,"minecraft:magma_block":1,"regions_unexplored:white_magnolia_sapling":2,"supplementaries:flute":1},"minecraft:broken":{"minecraft:iron_chestplate":1,"minecraft:iron_leggings":1,"minecraft:stone_pickaxe":1,"minecraft:wooden_axe":1,"minecraft:stone_shovel":3,"minecraft:shield":1,"minecraft:iron_pickaxe":2},"minecraft:killed_by":{"graveyard:skeleton_creeper":1,"minecraft:cave_spider":2,"minecraft:zombie":7,"minecraft:player":1,"endermanoverhaul:dark_oak_enderman":1,"minecraft:spider":3,"minecraft:enderman":2,"minecraft:iron_golem":1,"minecraft:skeleton":7},"minecraft:picked_up":{"minecraft:wooden_axe":1,"minecraft:iron_chestplate":1,"minecraft:birch_door":1,"minecraft:wheat":4,"candlelight:gold_ring":1,"minecraft:chainmail_boots":1,"minecraft:anvil":1,"regions_unexplored:magnolia_log":20,"supplementaries:bomb_blue":1,"minecraft:enchanted_book":2,"minecraft:brewing_stand":2,"regions_unexplored:magnolia_shrub":1,"minecraft:string":9,"minecraft:raw_copper":11,"minecraft:dark_oak_leaves":88,"minecraft:cobbled_deepslate":140,"regions_unexplored:pine_log":37,"minecraft:gold_nugget":113,"minecraft:bucket":1,"comforts:sleeping_bag_white":4,"minecraft:azalea":1,"regions_unexplored:blackwood_log":13,"regions_unexplored:pine_shrub":1,"minecraft:furnace":4,"minecraft:stick":47,"minecraft:jukebox":1,"minecraft:torch":77,"minecraft:porkchop":14,"minecraft:lightning_rod":2,"regions_unexplored:pink_magnolia_shrub":2,"minecraft:diorite":40,"beautify:lamp_light_bulb":4,"minecraft:golden_chestplate":1,"regions_unexplored:pink_magnolia_sapling":8,"regions_unexplored:argillite":8,"minecraft:rotten_flesh":154,"regions_unexplored:tsubaki":5,"minecraft:tropical_fish":1,"regions_unexplored:mauve_log":6,"minecraft:bookshelf":1,"more_armor_trims:nihility_armor_trim_smithing_template":1,"supplementaries:quiver":2,"supplementaries:ash":51,"minecraft:obsidian":4,"regions_unexplored:magnolia_sapling":18,"minecraft:cobblestone":1098,"minecraft:birch_log":2,"minecraft:magma_block":2,"minecraft:mossy_cobblestone_slab":2,"minecraft:leather_chestplate":1,"minecraft:feather":4,"minecraft:cooked_beef":19,"minecraft:andesite":2,"regions_unexplored:white_magnolia_shrub":1,"minecraft:golden_leggings":1,"minecraft:smoker":7,"minecraft:potato":59,"minecraft:flint":1,"minecraft:tuff":3,"regions_unexplored:peat_grass_block":1,"supplementaries:flax_seeds":5,"minecraft:wither_skeleton_skull":3,"minecraft:lapis_lazuli":93,"minecraft:dirt":982,"minecraft:leather_boots":2,"minecraft:bone":41,"minecraft:wheat_seeds":25,"minecraft:bow":4,"regions_unexplored:magnolia_planks":2,"minecraft:raw_gold":37,"minecraft:birch_wood":2,"minecraft:mossy_stone_bricks":8,"minecraft:bamboo":15,"minecraft:moss_block":8,"regions_unexplored:blackwood_shrub":1,"meadow:umbra_wool":2,"minecraft:cooked_porkchop":2,"regions_unexplored:pine_sapling":16,"minecraft:poisonous_potato":4,"regions_unexplored:pine_planks":8,"minecraft:sand":34,"minecraft:dark_oak_log":116,"minecraft:mossy_cobblestone":6,"graveyard:oak_coffin":2,"minecraft:diamond":20,"minecraft:writable_book":1,"regions_unexplored:clover":52,"minecraft:crossbow":1,"minecraft:granite":13,"minecraft:emerald":26,"minecraft:bread":72,"minecraft:diamond_pickaxe":1,"minecraft:cocoa_beans":12,"minecraft:crafting_table":10,"minecraft:clay_ball":8,"minecraft:leather_leggings":2,"minecraft:wooden_pickaxe":1,"minecraft:shield":1,"minecraft:red_bed":6,"minecraft:moss_carpet":1,"minecraft:cracked_stone_bricks":3,"supplementaries:bomb":2,"regions_unexplored:duskmelon_slice":4,"minecraft:beef":16,"minecraft:iron_nugget":20,"minecraft:poppy":3,"minecraft:light_gray_wool":1,"supplementaries:rope":14,"minecraft:chest":43,"minecraft:phantom_membrane":1,"minecraft:egg":4,"minecraft:dark_oak_sapling":11,"minecraft:raw_iron":116,"minecraft:stone":1,"regions_unexplored:ash_vent":1,"regions_unexplored:blue_lupine":2,"minecraft:carrot":3,"minecraft:redstone":262,"minecraft:iron_horse_armor":1,"minecraft:dark_oak_planks":52,"regions_unexplored:dusktrap":6,"minecraft:arrow":13,"minecraft:beetroot_seeds":4,"minecraft:shears":1,"minecraft:gold_ingot":4,"regions_unexplored:purple_lupine":1,"minecraft:mutton":8,"minecraft:skeleton_skull":2,"minecraft:white_wool":3,"regions_unexplored:peat_dirt":51,"minecraft:basalt":8,"minecraft:leather":14,"minecraft:birch_planks":10,"supplementaries:rope_arrow":2,"minecraft:gunpowder":1,"minecraft:cobblestone_stairs":2,"minecraft:paper":4,"minecraft:white_banner":1,"minecraft:cooked_mutton":11,"naturalist:bass":1,"minecraft:apple":66,"minecraft:stone_bricks":27,"minecraft:iron_ingot":10,"minecraft:stone_pickaxe":2,"minecraft:cobweb":2,"minecraft:iron_sword":3,"regions_unexplored:yellow_lupine":1,"minecraft:dark_oak_stairs":2,"minecraft:book":218,"minecraft:scaffolding":255,"bakery:strawberry":2,"regions_unexplored:white_magnolia_sapling":2,"minecraft:stone_brick_slab":6,"minecraft:dandelion":3,"minecraft:gravel":1,"minecraft:amethyst_shard":37,"minecraft:spider_eye":4,"minecraft:leather_helmet":1,"minecraft:slime_ball":3,"regions_unexplored:fireweed":3,"regions_unexplored:blackwood_sapling":6,"minecraft:iron_helmet":2,"minecraft:mossy_cobblestone_stairs":12,"minecraft:coal":156,"minecraft:ender_pearl":3},"minecraft:custom":{"minecraft:interact_with_crafting_table":59,"minecraft:open_barrel":12,"minecraft:bell_ring":8,"minecraft:leave_game":43,"minecraft:time_since_death":4119,"minecraft:sprint_one_cm":1683673,"minecraft:damage_blocked_by_shield":2978,"minecraft:drop":149,"minecraft:talked_to_villager":8,"minecraft:play_time":782701,"minecraft:deaths":30,"minecraft:jump":12762,"minecraft:walk_on_water_one_cm":127762,"minecraft:interact_with_furnace":77,"minecraft:sleep_in_bed":23,"minecraft:damage_dealt":38669,"minecraft:player_kills":2,"minecraft:crouch_one_cm":160536,"minecraft:interact_with_smoker":42,"minecraft:horse_one_cm":1399,"minecraft:interact_with_anvil":3,"minecraft:mob_kills":216,"minecraft:climb_one_cm":85316,"minecraft:walk_one_cm":2207292,"minecraft:sneak_time":47079,"minecraft:walk_under_water_one_cm":47303,"minecraft:interact_with_blast_furnace":1,"minecraft:total_world_time":782701,"minecraft:time_since_rest":4155,"minecraft:damage_absorbed":1802,"minecraft:damage_taken":18724,"minecraft:swim_one_cm":71398,"minecraft:fly_one_cm":2820949,"minecraft:open_chest":581,"minecraft:aviate_one_cm":74028,"minecraft:fall_one_cm":384282}},"DataVersion":3465}