{"stats":{"minecraft:crafted":{"minecraft:crafting_table":1,"minecraft:stick":4,"minecraft:wooden_pickaxe":1,"minecraft:wooden_axe":1,"minecraft:dark_oak_planks":20},"minecraft:killed":{"minecraft:sheep":1,"graveyard:ghoul":1,"minecraft:cow":1},"minecraft:mined":{"minecraft:furnace":1,"minecraft:red_bed":2,"minecraft:smoker":1,"minecraft:dark_oak_log":5,"minecraft:dark_oak_stairs":1,"minecraft:crafting_table":2,"minecraft:yellow_stained_glass_pane":1,"minecraft:bookshelf":2,"minecraft:grass_block":2,"minecraft:coal_ore":5,"minecraft:chest":8,"minecraft:birch_wood":2,"minecraft:stone":3,"minecraft:wither_skeleton_skull":1,"minecraft:white_wool":3},"minecraft:used":{"minecraft:wooden_axe":17,"minecraft:birch_wood":2,"minecraft:leather_chestplate":1,"minecraft:wooden_pickaxe":11,"candlelight:painting":1,"bakery:misslilitu_biscuit":1,"betterarcheology:guardian_fossil":3,"minecraft:leather_boots":1,"minecraft:dirt":2,"minecraft:crafting_table":2,"minecraft:red_bed":1},"minecraft:dropped":{"minecraft:wither_skeleton_skull":1},"minecraft:picked_up":{"minecraft:book":6,"minecraft:crafting_table":2,"minecraft:leather_chestplate":1,"minecraft:feather":1,"minecraft:leather_leggings":1,"minecraft:leather":4,"minecraft:dandelion":1,"minecraft:smoker":1,"minecraft:potato":11,"minecraft:red_bed":2,"minecraft:wither_skeleton_skull":2,"minecraft:dark_oak_log":5,"minecraft:dirt":2,"minecraft:leather_boots":2,"minecraft:rotten_flesh":2,"minecraft:apple":16,"minecraft:gold_nugget":3,"minecraft:birch_wood":2,"minecraft:beef":1,"minecraft:emerald":3,"minecraft:bread":9,"minecraft:light_gray_wool":1,"minecraft:chest":8,"minecraft:mutton":1,"minecraft:coal":5,"minecraft:dark_oak_stairs":1,"minecraft:white_wool":3,"minecraft:cobblestone":3,"minecraft:furnace":1},"minecraft:custom":{"minecraft:time_since_rest":26675,"minecraft:sprint_one_cm":27770,"minecraft:damage_taken":190,"minecraft:walk_one_cm":61490,"minecraft:mob_kills":3,"minecraft:drop":1,"minecraft:damage_dealt":309,"minecraft:swim_one_cm":3619,"minecraft:interact_with_crafting_table":2,"minecraft:fly_one_cm":91969,"minecraft:open_chest":4,"minecraft:crouch_one_cm":1011,"minecraft:play_time":26675,"minecraft:sneak_time":224,"minecraft:walk_under_water_one_cm":1905,"minecraft:aviate_one_cm":74028,"minecraft:jump":135,"minecraft:leave_game":3,"minecraft:walk_on_water_one_cm":74,"minecraft:time_since_death":26675,"minecraft:total_world_time":26675,"minecraft:fall_one_cm":3176}},"DataVersion":3465}