{"stats":{"minecraft:crafted":{"minecraft:furnace":1,"minecraft:cooked_mutton":11,"minecraft:leather":17,"minecraft:stone_pickaxe":2,"minecraft:dark_oak_planks":48,"minecraft:cooked_beef":20,"minecraft:cooked_porkchop":21,"minecraft:crafting_table":2,"minecraft:baked_potato":64,"minecraft:wooden_pickaxe":1,"minecraft:iron_sword":1,"minecraft:stone_axe":1,"minecraft:air":0,"regions_unexplored:pine_planks":16,"inmis:plated_backpack":1,"minecraft:stick":16,"minecraft:wooden_axe":1,"inmis:frayed_backpack":1,"minecraft:torch":12},"minecraft:killed":{"naturalist:robin":1,"naturalist:boar":4,"minecraft:skeleton":1,"graveyard:ghoul":1,"naturalist:butterfly":1,"minecraft:iron_golem":2,"minecraft:creeper":1,"minecraft:sheep":1,"minecraft:zombie":2,"minecraft:cow":3},"minecraft:mined":{"minecraft:dark_oak_planks":3,"minecraft:mossy_cobblestone":3,"minecraft:cobblestone_stairs":1,"minecraft:dark_oak_log":12,"minecraft:brewing_stand":2,"minecraft:grass_block":10,"regions_unexplored:pine_planks":6,"minecraft:large_fern":1,"minecraft:magma_block":1,"minecraft:mossy_cobblestone_slab":1,"minecraft:furnace":2,"minecraft:mossy_cobblestone_stairs":5,"minecraft:iron_ore":10,"regions_unexplored:purple_lupine":1,"minecraft:dark_oak_stairs":1,"supplementaries:stick":1,"minecraft:bookshelf":31,"minecraft:cobblestone_slab":1,"minecraft:shroomlight":1,"regions_unexplored:medium_grass":1,"minecraft:stone":9,"minecraft:white_wool":3,"minecraft:scaffolding":6,"minecraft:red_bed":4,"minecraft:smoker":7,"regions_unexplored:yellow_lupine":1,"minecraft:stone_brick_slab":1,"minecraft:crafting_table":3,"beautify:hanging_pot":1,"minecraft:chest":33,"minecraft:birch_wood":2,"minecraft:cobblestone":14,"minecraft:wall_torch":4,"graveyard:oak_coffin":1,"minecraft:jukebox":1,"minecraft:yellow_stained_glass_pane":1,"regions_unexplored:pine_sapling":2,"minecraft:grass":1,"minecraft:coal_ore":39,"minecraft:cocoa":2,"minecraft:dirt":4,"regions_unexplored:clover":1,"beautify:lamp_light_bulb":4,"regions_unexplored:blackwood_leaves":1,"minecraft:wither_skeleton_skull":1,"minecraft:stone_bricks":1,"minecraft:oak_leaves":13,"minecraft:fern":2},"minecraft:used":{"minecraft:writable_book":1,"minecraft:poppy":1,"minecraft:chest":14,"minecraft:iron_sword":8,"minecraft:iron_chestplate":1,"minecraft:stick":1,"minecraft:torch":13,"minecraft:dirt":10,"regions_unexplored:clover":4,"minecraft:mossy_cobblestone_stairs":4,"regions_unexplored:purple_lupine":1,"minecraft:wooden_axe":59,"minecraft:dark_oak_planks":13,"candlelight:painting":1,"bakery:misslilitu_biscuit":1,"betterarcheology:guardian_fossil":3,"minecraft:bow":1,"minecraft:furnace":1,"minecraft:egg":1,"minecraft:cooked_beef":3,"regions_unexplored:yellow_lupine":1,"minecraft:dark_oak_stairs":1,"minecraft:stone_pickaxe":96,"minecraft:birch_wood":2,"minecraft:leather_chestplate":1,"minecraft:wooden_pickaxe":24,"beautify:hanging_pot":1,"minecraft:leather_boots":1,"minecraft:mossy_cobblestone":3,"minecraft:crafting_table":5,"minecraft:red_bed":3,"bakery:strawberry":1,"minecraft:smoker":4,"regions_unexplored:pine_sapling":1,"minecraft:apple":1,"minecraft:bread":23,"regions_unexplored:blackwood_sapling":1,"minecraft:leather_helmet":1,"minecraft:stone_axe":87,"minecraft:cobblestone":1,"minecraft:jukebox":1,"regions_unexplored:pine_planks":7},"minecraft:dropped":{"minecraft:bread":4,"minecraft:porkchop":4,"minecraft:mossy_cobblestone":3,"minecraft:crafting_table":1,"bakery:strawberry":1,"minecraft:leather_helmet":1,"minecraft:dirt":6,"minecraft:mossy_cobblestone_slab":1,"minecraft:wooden_axe":1,"minecraft:gold_nugget":3,"minecraft:mossy_cobblestone_stairs":4,"minecraft:paper":4,"minecraft:dandelion":3,"minecraft:redstone":3,"minecraft:soul_lantern":1,"minecraft:wither_skeleton_skull":1,"minecraft:poppy":1,"minecraft:leather_chestplate":1,"minecraft:leather_boots":1,"minecraft:leather_leggings":1,"minecraft:slime_ball":1,"minecraft:wooden_pickaxe":1,"minecraft:egg":2},"minecraft:broken":{"minecraft:wooden_axe":1},"minecraft:killed_by":{"minecraft:iron_golem":1,"graveyard:skeleton_creeper":1},"minecraft:picked_up":{"minecraft:wooden_axe":1,"minecraft:iron_chestplate":1,"minecraft:cocoa_beans":12,"minecraft:crafting_table":4,"minecraft:wheat":4,"minecraft:chainmail_boots":1,"minecraft:leather_leggings":1,"minecraft:enchanted_book":2,"minecraft:brewing_stand":2,"minecraft:shield":1,"minecraft:red_bed":5,"regions_unexplored:pine_log":37,"minecraft:gold_nugget":3,"minecraft:beef":11,"minecraft:poppy":3,"minecraft:light_gray_wool":1,"minecraft:chest":33,"minecraft:egg":4,"minecraft:furnace":2,"minecraft:raw_iron":10,"minecraft:dark_oak_sapling":11,"minecraft:stick":15,"minecraft:jukebox":1,"minecraft:torch":4,"minecraft:porkchop":11,"beautify:lamp_light_bulb":4,"minecraft:redstone":6,"minecraft:golden_chestplate":1,"minecraft:dark_oak_planks":3,"minecraft:arrow":1,"minecraft:rotten_flesh":17,"minecraft:shears":1,"minecraft:gold_ingot":4,"regions_unexplored:purple_lupine":1,"minecraft:mutton":8,"minecraft:white_wool":3,"minecraft:cobblestone":20,"minecraft:magma_block":1,"minecraft:leather_chestplate":1,"minecraft:mossy_cobblestone_slab":2,"minecraft:feather":4,"minecraft:cooked_beef":17,"minecraft:leather":10,"minecraft:golden_leggings":1,"minecraft:smoker":7,"minecraft:potato":58,"minecraft:cobblestone_stairs":2,"minecraft:wither_skeleton_skull":2,"minecraft:dirt":31,"minecraft:paper":4,"minecraft:leather_boots":2,"minecraft:bone":3,"minecraft:apple":64,"minecraft:stone_bricks":1,"minecraft:bow":1,"minecraft:birch_wood":2,"minecraft:iron_ingot":10,"minecraft:iron_sword":3,"regions_unexplored:yellow_lupine":1,"minecraft:dark_oak_stairs":2,"minecraft:book":185,"minecraft:scaffolding":19,"bakery:strawberry":2,"minecraft:stone_brick_slab":1,"regions_unexplored:pine_sapling":8,"minecraft:dandelion":3,"regions_unexplored:pine_planks":6,"minecraft:dark_oak_log":12,"minecraft:leather_helmet":1,"minecraft:mossy_cobblestone":6,"graveyard:oak_coffin":2,"minecraft:slime_ball":3,"regions_unexplored:blackwood_sapling":1,"minecraft:writable_book":1,"minecraft:iron_helmet":1,"regions_unexplored:clover":4,"minecraft:crossbow":1,"minecraft:mossy_cobblestone_stairs":12,"minecraft:bread":72,"minecraft:emerald":12,"minecraft:coal":40},"minecraft:custom":{"minecraft:mob_kills":18,"minecraft:interact_with_crafting_table":14,"minecraft:open_barrel":1,"minecraft:bell_ring":8,"minecraft:leave_game":5,"minecraft:time_since_death":43674,"minecraft:climb_one_cm":6059,"minecraft:sprint_one_cm":367316,"minecraft:walk_one_cm":393177,"minecraft:drop":28,"minecraft:talked_to_villager":8,"minecraft:play_time":152642,"minecraft:deaths":2,"minecraft:sneak_time":3741,"minecraft:walk_under_water_one_cm":6141,"minecraft:jump":1867,"minecraft:walk_on_water_one_cm":4755,"minecraft:total_world_time":152642,"minecraft:interact_with_furnace":8,"minecraft:sleep_in_bed":8,"minecraft:time_since_rest":25359,"minecraft:damage_taken":1490,"minecraft:damage_absorbed":59,"minecraft:damage_dealt":4347,"minecraft:swim_one_cm":16221,"minecraft:fly_one_cm":445495,"minecraft:open_chest":119,"minecraft:crouch_one_cm":6925,"minecraft:aviate_one_cm":74028,"minecraft:interact_with_smoker":34,"minecraft:fall_one_cm":46006,"minecraft:horse_one_cm":872}},"DataVersion":3465}