{"stats":{"minecraft:crafted":{"minecraft:stone_shovel":3,"minecraft:furnace":1,"minecraft:cooked_mutton":11,"minecraft:leather":17,"minecraft:stone_pickaxe":2,"minecraft:dark_oak_planks":48,"minecraft:cooked_beef":20,"minecraft:cooked_porkchop":21,"minecraft:crafting_table":2,"minecraft:wooden_pickaxe":1,"minecraft:baked_potato":64,"minecraft:iron_sword":1,"minecraft:stone_axe":1,"minecraft:air":0,"regions_unexplored:pine_planks":16,"inmis:plated_backpack":1,"minecraft:stick":16,"minecraft:wooden_axe":1,"inmis:frayed_backpack":1,"minecraft:torch":12},"minecraft:killed":{"minecraft:cave_spider":1,"graveyard:skeleton_creeper":1,"minecraft:spider":1,"naturalist:robin":1,"naturalist:boar":4,"minecraft:skeleton":5,"minecraft:skeleton_horse":1,"graveyard:ghoul":1,"naturalist:firefly":1,"naturalist:butterfly":1,"minecraft:iron_golem":2,"minecraft:creeper":1,"minecraft:sheep":1,"minecraft:pillager":4,"minecraft:zombie":7,"minecraft:cow":3},"minecraft:mined":{"minecraft:dark_oak_planks":3,"minecraft:mossy_cobblestone":3,"minecraft:cobblestone_stairs":1,"minecraft:dark_oak_log":12,"minecraft:brewing_stand":2,"minecraft:grass_block":377,"regions_unexplored:pine_planks":6,"minecraft:large_fern":1,"minecraft:magma_block":1,"minecraft:mossy_cobblestone_slab":1,"minecraft:furnace":2,"minecraft:mossy_cobblestone_stairs":5,"minecraft:iron_ore":10,"minecraft:fire":1,"regions_unexplored:purple_lupine":1,"minecraft:dark_oak_stairs":1,"minecraft:bookshelf":31,"supplementaries:stick":1,"minecraft:shroomlight":1,"minecraft:cobblestone_slab":1,"regions_unexplored:medium_grass":4,"minecraft:stone":285,"minecraft:white_wool":3,"minecraft:scaffolding":6,"minecraft:red_bed":4,"regions_unexplored:yellow_lupine":1,"minecraft:smoker":7,"minecraft:stone_brick_slab":1,"minecraft:crafting_table":3,"minecraft:emerald_ore":1,"beautify:hanging_pot":1,"minecraft:chest":33,"minecraft:copper_ore":2,"minecraft:cobblestone":14,"minecraft:birch_wood":2,"minecraft:wall_torch":6,"graveyard:oak_coffin":1,"minecraft:jukebox":1,"minecraft:yellow_stained_glass_pane":1,"regions_unexplored:pine_sapling":2,"minecraft:grass":4,"minecraft:coal_ore":66,"regions_unexplored:magnolia_shrub":1,"minecraft:cocoa":2,"minecraft:dirt":224,"regions_unexplored:clover":1,"beautify:lamp_light_bulb":4,"graveyard:small_cyan_urn":1,"regions_unexplored:blackwood_leaves":1,"minecraft:wither_skeleton_skull":1,"minecraft:stone_bricks":1,"minecraft:mossy_stone_bricks":1,"minecraft:oak_leaves":13,"minecraft:fern":7},"minecraft:used":{"minecraft:writable_book":1,"minecraft:stone_shovel":113,"minecraft:poppy":1,"minecraft:chest":14,"minecraft:iron_sword":62,"minecraft:iron_chestplate":1,"minecraft:stick":1,"minecraft:torch":14,"minecraft:dirt":471,"minecraft:anvil":1,"regions_unexplored:clover":20,"minecraft:dark_oak_planks":13,"regions_unexplored:purple_lupine":1,"minecraft:wooden_axe":59,"minecraft:mossy_cobblestone_stairs":4,"minecraft:netherite_shovel":465,"candlelight:painting":1,"bakery:misslilitu_biscuit":1,"betterarcheology:guardian_fossil":3,"minecraft:bow":1,"minecraft:furnace":3,"minecraft:netherite_pickaxe":272,"minecraft:egg":1,"minecraft:cooked_beef":3,"regions_unexplored:blue_lupine":1,"regions_unexplored:yellow_lupine":1,"minecraft:wheat_seeds":4,"minecraft:dark_oak_stairs":1,"minecraft:stone_pickaxe":151,"minecraft:birch_wood":2,"minecraft:wooden_pickaxe":24,"minecraft:leather_chestplate":1,"beautify:hanging_pot":1,"minecraft:leather_boots":1,"minecraft:mossy_cobblestone":3,"minecraft:crafting_table":5,"minecraft:red_bed":3,"supplementaries:bomb":2,"bakery:strawberry":1,"minecraft:smoker":4,"regions_unexplored:pine_sapling":1,"minecraft:apple":1,"regions_unexplored:blackwood_sapling":1,"minecraft:bread":48,"minecraft:leather_helmet":1,"minecraft:stone_axe":87,"minecraft:cobblestone":1,"minecraft:cooked_porkchop":7,"minecraft:jukebox":1,"regions_unexplored:pine_planks":7},"minecraft:dropped":{"minecraft:bread":4,"minecraft:porkchop":4,"minecraft:mossy_cobblestone":3,"minecraft:crafting_table":1,"bakery:strawberry":1,"minecraft:leather_helmet":1,"minecraft:dirt":6,"minecraft:mossy_cobblestone_slab":1,"minecraft:wooden_axe":1,"minecraft:gold_nugget":3,"minecraft:mossy_cobblestone_stairs":4,"minecraft:paper":4,"minecraft:dandelion":3,"minecraft:redstone":3,"minecraft:soul_lantern":1,"minecraft:wither_skeleton_skull":1,"minecraft:poppy":1,"minecraft:leather_chestplate":1,"minecraft:leather_boots":1,"minecraft:leather_leggings":1,"minecraft:slime_ball":1,"minecraft:wooden_pickaxe":1,"minecraft:egg":2},"minecraft:broken":{"minecraft:wooden_axe":1},"minecraft:killed_by":{"minecraft:iron_golem":1,"graveyard:skeleton_creeper":1,"minecraft:zombie":3},"minecraft:picked_up":{"minecraft:wooden_axe":1,"minecraft:crafting_table":4,"minecraft:cocoa_beans":12,"minecraft:iron_chestplate":1,"minecraft:wheat":4,"minecraft:chainmail_boots":1,"minecraft:leather_leggings":1,"minecraft:enchanted_book":2,"minecraft:brewing_stand":2,"regions_unexplored:magnolia_shrub":1,"minecraft:shield":1,"minecraft:string":1,"minecraft:red_bed":5,"minecraft:raw_copper":5,"regions_unexplored:pine_log":37,"minecraft:gold_nugget":3,"minecraft:beef":11,"minecraft:poppy":3,"minecraft:light_gray_wool":1,"minecraft:chest":33,"regions_unexplored:pine_shrub":1,"minecraft:furnace":2,"minecraft:egg":4,"minecraft:dark_oak_sapling":11,"minecraft:stick":32,"minecraft:raw_iron":10,"minecraft:jukebox":1,"minecraft:torch":7,"regions_unexplored:blue_lupine":1,"minecraft:porkchop":11,"regions_unexplored:pink_magnolia_shrub":1,"beautify:lamp_light_bulb":4,"minecraft:redstone":6,"minecraft:golden_chestplate":1,"minecraft:dark_oak_planks":3,"regions_unexplored:pink_magnolia_sapling":5,"minecraft:arrow":6,"minecraft:rotten_flesh":21,"regions_unexplored:tsubaki":5,"minecraft:shears":1,"minecraft:gold_ingot":4,"regions_unexplored:purple_lupine":1,"minecraft:mutton":8,"regions_unexplored:magnolia_sapling":14,"minecraft:white_wool":3,"minecraft:cobblestone":297,"minecraft:magma_block":1,"minecraft:mossy_cobblestone_slab":2,"minecraft:leather_chestplate":1,"minecraft:feather":4,"minecraft:cooked_beef":17,"minecraft:leather":10,"minecraft:golden_leggings":1,"minecraft:smoker":7,"minecraft:potato":58,"minecraft:cobblestone_stairs":2,"minecraft:wither_skeleton_skull":2,"minecraft:dirt":598,"minecraft:paper":4,"minecraft:white_banner":1,"minecraft:leather_boots":2,"minecraft:bone":7,"minecraft:apple":64,"minecraft:stone_bricks":1,"minecraft:bow":1,"minecraft:wheat_seeds":18,"minecraft:birch_wood":2,"minecraft:iron_ingot":10,"minecraft:iron_sword":3,"regions_unexplored:yellow_lupine":1,"minecraft:dark_oak_stairs":2,"minecraft:book":185,"minecraft:scaffolding":19,"bakery:strawberry":2,"minecraft:stone_brick_slab":1,"regions_unexplored:pine_sapling":16,"minecraft:dandelion":3,"regions_unexplored:pine_planks":6,"minecraft:dark_oak_log":12,"minecraft:spider_eye":1,"minecraft:mossy_cobblestone":6,"minecraft:leather_helmet":1,"graveyard:oak_coffin":2,"minecraft:slime_ball":3,"regions_unexplored:blackwood_sapling":1,"minecraft:writable_book":1,"regions_unexplored:clover":51,"minecraft:iron_helmet":1,"minecraft:crossbow":1,"minecraft:mossy_cobblestone_stairs":12,"minecraft:emerald":13,"minecraft:bread":72,"minecraft:coal":67},"minecraft:custom":{"minecraft:interact_with_anvil":2,"minecraft:mob_kills":39,"minecraft:interact_with_crafting_table":15,"minecraft:open_barrel":1,"minecraft:bell_ring":8,"minecraft:leave_game":13,"minecraft:time_since_death":100928,"minecraft:climb_one_cm":6620,"minecraft:sprint_one_cm":550395,"minecraft:walk_one_cm":677592,"minecraft:drop":28,"minecraft:talked_to_villager":8,"minecraft:play_time":267183,"minecraft:sneak_time":7246,"minecraft:deaths":5,"minecraft:walk_under_water_one_cm":10804,"minecraft:jump":3308,"minecraft:walk_on_water_one_cm":9793,"minecraft:total_world_time":267183,"minecraft:interact_with_furnace":11,"minecraft:sleep_in_bed":14,"minecraft:time_since_rest":8773,"minecraft:damage_taken":3834,"minecraft:damage_absorbed":79,"minecraft:damage_dealt":8124,"minecraft:swim_one_cm":20467,"minecraft:fly_one_cm":1359205,"minecraft:open_chest":168,"minecraft:crouch_one_cm":17470,"minecraft:aviate_one_cm":74028,"minecraft:interact_with_smoker":34,"minecraft:fall_one_cm":80773,"minecraft:horse_one_cm":1172}},"DataVersion":3465}