{"stats":{"minecraft:crafted":{"minecraft:cooked_beef":20,"minecraft:cooked_porkchop":19,"minecraft:crafting_table":1,"minecraft:wooden_pickaxe":1,"minecraft:stone_axe":1,"minecraft:cooked_mutton":11,"minecraft:air":0,"minecraft:stick":12,"minecraft:stone_pickaxe":1,"minecraft:wooden_axe":1,"minecraft:dark_oak_planks":48,"minecraft:torch":8},"minecraft:killed":{"graveyard:ghoul":1,"minecraft:iron_golem":1,"naturalist:robin":1,"minecraft:sheep":1,"minecraft:zombie":1,"minecraft:cow":3},"minecraft:mined":{"minecraft:dark_oak_planks":3,"minecraft:red_bed":3,"minecraft:mossy_cobblestone":3,"minecraft:smoker":4,"minecraft:cobblestone_stairs":1,"minecraft:dark_oak_log":12,"minecraft:brewing_stand":2,"minecraft:crafting_table":3,"beautify:hanging_pot":1,"minecraft:grass_block":6,"minecraft:chest":27,"minecraft:cobblestone":4,"minecraft:birch_wood":2,"minecraft:wall_torch":4,"minecraft:large_fern":1,"graveyard:oak_coffin":1,"minecraft:mossy_cobblestone_slab":1,"minecraft:furnace":1,"minecraft:mossy_cobblestone_stairs":5,"minecraft:jukebox":1,"minecraft:dark_oak_stairs":1,"minecraft:yellow_stained_glass_pane":1,"minecraft:grass":1,"minecraft:bookshelf":31,"supplementaries:stick":1,"minecraft:coal_ore":39,"minecraft:cobblestone_slab":1,"minecraft:cocoa":2,"minecraft:shroomlight":1,"minecraft:dirt":2,"beautify:lamp_light_bulb":4,"regions_unexplored:blackwood_leaves":1,"minecraft:wither_skeleton_skull":1,"minecraft:stone":5,"minecraft:white_wool":3,"minecraft:oak_leaves":11},"minecraft:used":{"minecraft:stone_pickaxe":55,"minecraft:birch_wood":2,"minecraft:chest":6,"minecraft:wooden_pickaxe":24,"minecraft:leather_chestplate":1,"beautify:hanging_pot":1,"minecraft:leather_boots":1,"minecraft:stick":1,"minecraft:torch":8,"minecraft:dirt":2,"minecraft:crafting_table":4,"minecraft:red_bed":1,"minecraft:smoker":4,"minecraft:dark_oak_planks":13,"minecraft:wooden_axe":59,"minecraft:apple":1,"regions_unexplored:blackwood_sapling":1,"minecraft:bread":5,"minecraft:leather_helmet":1,"candlelight:painting":1,"bakery:misslilitu_biscuit":1,"betterarcheology:guardian_fossil":3,"minecraft:stone_axe":45,"minecraft:cooked_beef":3,"minecraft:jukebox":1},"minecraft:dropped":{"minecraft:bread":1,"minecraft:crafting_table":1,"minecraft:soul_lantern":1,"bakery:strawberry":1,"minecraft:wither_skeleton_skull":1,"minecraft:wooden_axe":1,"minecraft:gold_nugget":3,"minecraft:wooden_pickaxe":1,"minecraft:dandelion":3},"minecraft:broken":{"minecraft:wooden_axe":1},"minecraft:killed_by":{"minecraft:iron_golem":1},"minecraft:picked_up":{"minecraft:wooden_axe":1,"minecraft:mossy_cobblestone_slab":1,"minecraft:cocoa_beans":6,"minecraft:crafting_table":4,"minecraft:wheat":4,"minecraft:leather_chestplate":1,"minecraft:feather":4,"minecraft:leather_leggings":1,"minecraft:leather":7,"minecraft:smoker":4,"minecraft:potato":58,"minecraft:brewing_stand":2,"minecraft:cobblestone_stairs":2,"minecraft:wither_skeleton_skull":2,"minecraft:dirt":8,"minecraft:red_bed":3,"minecraft:leather_boots":2,"minecraft:apple":64,"minecraft:gold_nugget":3,"minecraft:birch_wood":2,"minecraft:iron_ingot":5,"minecraft:beef":7,"minecraft:poppy":1,"minecraft:light_gray_wool":1,"minecraft:chest":27,"minecraft:dark_oak_stairs":1,"minecraft:egg":1,"minecraft:furnace":1,"minecraft:book":96,"bakery:strawberry":2,"minecraft:dark_oak_sapling":11,"minecraft:stick":4,"minecraft:jukebox":1,"minecraft:torch":4,"minecraft:dandelion":3,"minecraft:porkchop":3,"minecraft:mossy_cobblestone":3,"beautify:lamp_light_bulb":4,"minecraft:redstone":3,"minecraft:dark_oak_log":12,"minecraft:dark_oak_planks":3,"graveyard:oak_coffin":1,"minecraft:rotten_flesh":17,"minecraft:slime_ball":1,"regions_unexplored:blackwood_sapling":1,"minecraft:mossy_cobblestone_stairs":4,"minecraft:emerald":12,"minecraft:bread":72,"minecraft:gold_ingot":4,"minecraft:mutton":8,"minecraft:coal":39,"minecraft:white_wool":3,"minecraft:cobblestone":8},"minecraft:custom":{"minecraft:mob_kills":8,"minecraft:interact_with_crafting_table":7,"minecraft:open_barrel":1,"minecraft:bell_ring":8,"minecraft:leave_game":4,"minecraft:time_since_death":11539,"minecraft:sleep_in_bed":3,"minecraft:climb_one_cm":4757,"minecraft:time_since_rest":11582,"minecraft:sprint_one_cm":180072,"minecraft:damage_taken":623,"minecraft:walk_one_cm":255471,"minecraft:drop":10,"minecraft:damage_dealt":1830,"minecraft:swim_one_cm":3619,"minecraft:talked_to_villager":7,"minecraft:fly_one_cm":202230,"minecraft:open_chest":65,"minecraft:play_time":90820,"minecraft:crouch_one_cm":5379,"minecraft:deaths":1,"minecraft:sneak_time":2380,"minecraft:walk_under_water_one_cm":1905,"minecraft:aviate_one_cm":74028,"minecraft:jump":738,"minecraft:walk_on_water_one_cm":74,"minecraft:total_world_time":90820,"minecraft:interact_with_smoker":26,"minecraft:fall_one_cm":16467}},"DataVersion":3465}