{"stats":{"minecraft:crafted":{"minecraft:lever":1,"minecraft:diamond_shovel":1,"minecraft:bookshelf":26,"candlelight:gold_ring":1,"minecraft:cooked_mutton":11,"minecraft:glass":34,"minecraft:repeater":6,"minecraft:diamond_helmet":1,"minecraft:diamond_leggings":1,"supplementaries:flute":2,"minecraft:emerald":15,"minecraft:cooked_porkchop":21,"minecraft:brown_bed":1,"minecraft:copper_ingot":12,"medievalweapons:iron_healing_staff":1,"minecraft:stone_slab":2,"minecraft:iron_pickaxe":3,"minecraft:gold_ingot":45,"regions_unexplored:magnolia_fence":48,"regions_unexplored:blackwood_planks":4,"minecraft:stone_shovel":3,"minecraft:iron_nugget":396,"comforts:sleeping_bag_white":2,"medievalweapons:iron_long_sword":2,"minecraft:bone_meal":315,"minecraft:lantern":49,"regions_unexplored:mauve_planks":24,"minecraft:ladder":27,"minecraft:stone_pickaxe":5,"minecraft:diamond_boots":1,"minecraft:dark_oak_planks":628,"regions_unexplored:magnolia_planks":644,"handcrafted:skeleton_trophy":1,"minecraft:enchanting_table":1,"regions_unexplored:pine_planks":156,"minecraft:golden_apple":6,"minecraft:wooden_axe":1,"minecraft:iron_shovel":1,"minecraft:iron_leggings":2,"minecraft:grindstone":1,"minecraft:oak_planks":92,"minecraft:barrel":45,"medievalweapons:diamond_healing_staff":1,"minecraft:stone":64,"minecraft:hopper":3,"minecraft:stone_brick_slab":126,"minecraft:bow":2,"minecraft:iron_boots":1,"minecraft:chest":112,"minecraft:stone_bricks":316,"supplementaries:rope_arrow":46,"minecraft:oak_slab":126,"minecraft:crafting_table":8,"minecraft:spruce_planks":276,"minecraft:iron_helmet":2,"minecraft:wooden_pickaxe":1,"minecraft:baked_potato":64,"minecraft:birch_planks":8,"minecraft:dark_oak_slab":6,"minecraft:diamond_pickaxe":1,"inmis:plated_backpack":1,"minecraft:shield":3,"minecraft:stick":169,"minecraft:iron_ingot":215,"minecraft:stone_sword":8,"inmis:frayed_backpack":1,"medievalweapons:diamond_ninjato":1,"minecraft:redstone_torch":12,"minecraft:shears":1,"minecraft:cherry_planks":272,"minecraft:wooden_sword":7,"horseexpert:monocle":2,"inmis:gilded_backpack":1,"minecraft:furnace":4,"minecraft:dark_oak_trapdoor":4,"inmis:bejeweled_backpack":1,"minecraft:glass_pane":48,"minecraft:leather":17,"minecraft:iron_axe":1,"minecraft:slime_ball":18,"minecraft:cooked_beef":20,"minecraft:diamond_sword":1,"minecraft:dark_oak_stairs":16,"medievalweapons:iron_rapier":2,"minecraft:iron_sword":15,"minecraft:bucket":1,"minecraft:stone_axe":1,"minecraft:air":0,"minecraft:stonecutter":1,"minecraft:torch":108,"minecraft:diamond_chestplate":1},"minecraft:killed":{"creeperoverhaul:hills_creeper":9,"minecraft:cave_spider":5,"naturalist:robin":1,"naturalist:boar":6,"minecraft:skeleton":51,"graveyard:acolyte":50,"minecraft:chicken":2,"minecraft:skeleton_horse":1,"minecraft:cat":1,"naturalist:firefly":2,"minecraft:salmon":2,"minecraft:iron_golem":3,"minecraft:pillager":27,"minecraft:zombie":1171,"minecraft:cow":3,"minecraft:evoker":1,"graveyard:nightmare":1,"minecraft:vindicator":13,"minecraft:horse":1,"graveyard:ghoul":2,"minecraft:ravager":2,"endermanoverhaul:cave_enderman":1,"naturalist:lizard":1,"minecraft:enderman":2,"minecraft:witch":19,"graveyard:skeleton_creeper":2,"minecraft:spider":19,"endermanoverhaul:dark_oak_enderman":1,"minecraft:axolotl":1,"minecraft:silverfish":1,"minecraft:zombie_villager":4,"minecraft:creeper":7,"minecraft:sheep":1,"naturalist:hippo":1,"meadow:wooly_cow":2,"minecraft:vex":5,"minecraft:slime":13,"minecraft:phantom":6,"naturalist:bass":2,"minecraft:drowned":5,"naturalist:butterfly":1,"naturalist:lizard_tail":1,"minecraft:bat":1,"minecraft:player":1,"naturalist:sparrow":1},"minecraft:mined":{"minecraft:dark_oak_planks":79,"regions_unexplored:blue_lupine":1,"graveyard:gray_urn":1,"minecraft:cherry_log":1,"regions_unexplored:magnolia_log":8,"minecraft:obsidian":4,"minecraft:granite":16,"minecraft:coal_block":10,"minecraft:chiseled_stone_bricks":19,"minecraft:spawner":9,"graveyard:wither_skull_with_rib_cage":2,"minecraft:polished_blackstone_bricks":5,"minecraft:magma_block":2,"minecraft:mossy_cobblestone_stairs":6,"minecraft:fire":6,"minecraft:barrel":34,"minecraft:cobbled_deepslate":26,"minecraft:moss_carpet":1,"minecraft:deepslate_lapis_ore":16,"minecraft:enchanting_table":1,"minecraft:oak_sign":1,"minecraft:polished_deepslate_slab":11,"minecraft:water_cauldron":2,"minecraft:dirt_path":2,"amendments:wall_lantern":7,"minecraft:oak_stairs":2,"betterarcheology:loot_vase":1,"minecraft:tripwire":1,"minecraft:piston_head":1,"minecraft:red_bed":5,"regions_unexplored:yellow_lupine":1,"minecraft:smoker":7,"minecraft:crimson_nylium":1,"regions_unexplored:duckweed":1,"minecraft:amethyst_cluster":7,"minecraft:torch":14,"minecraft:note_block":5,"regions_unexplored:bladed_tall_grass":1,"minecraft:blast_furnace":2,"beautify:hanging_pot":1,"regions_unexplored:peat_grass_block":18,"minecraft:oxidized_copper":1,"minecraft:white_stained_glass_pane":1,"minecraft:bricks":1,"regions_unexplored:tsubaki":3,"regions_unexplored:pine_log":4,"minecraft:birch_sapling":3,"minecraft:chain":9,"minecraft:repeater":3,"regions_unexplored:hyssop":2,"graveyard:oak_coffin":1,"graveyard:wither_skeleton_hand":1,"minecraft:wheat":5,"minecraft:jukebox":1,"minecraft:birch_door":1,"minecraft:black_bed":2,"minecraft:stone_brick_stairs":6,"regions_unexplored:pine_sapling":2,"minecraft:grass":59,"minecraft:dark_oak_sapling":3,"minecraft:loom":6,"regions_unexplored:clover":12,"minecraft:stripped_birch_wood":2,"minecraft:brown_candle":2,"minecraft:stonecutter":1,"minecraft:deepslate":391,"regions_unexplored:fireweed":2,"minecraft:suspicious_gravel":1,"minecraft:light_gray_stained_glass_pane":3,"minecraft:mossy_cobblestone":3,"minecraft:cherry_sapling":7,"regions_unexplored:dusktrap":5,"minecraft:dark_oak_log":100,"minecraft:cobbled_deepslate_slab":8,"graveyard:tg_deepslate":7,"minecraft:redstone_wire":7,"minecraft:moss_block":15,"regions_unexplored:argillite":1,"minecraft:redstone_ore":20,"graveyard:tg_moss_block":2,"minecraft:andesite":48,"minecraft:mossy_stone_brick_stairs":4,"minecraft:cobblestone_slab":1,"minecraft:vine":5,"regions_unexplored:ash_vent":1,"minecraft:bamboo":8,"regions_unexplored:day_lily":1,"regions_unexplored:bladed_grass":1,"minecraft:white_wool":3,"betterarcheology:archeology_table":2,"regions_unexplored:blackwood_planks":2,"minecraft:soul_sand":38,"minecraft:stone_brick_slab":20,"minecraft:cobbled_deepslate_wall":4,"minecraft:emerald_ore":22,"minecraft:lightning_rod":2,"minecraft:copper_ore":11,"minecraft:tall_grass":29,"minecraft:deepslate_gold_ore":42,"minecraft:diorite":52,"minecraft:coarse_dirt":2,"graveyard:vase_block":20,"minecraft:spruce_log":5,"regions_unexplored:magnolia_shrub":1,"minecraft:gravel":29,"regions_unexplored:blackwood_shrub":1,"minecraft:cobweb":10,"beautify:lamp_light_bulb":5,"minecraft:polished_blackstone":5,"minecraft:stone_bricks":85,"minecraft:chipped_anvil":2,"minecraft:gold_ore":30,"regions_unexplored:magnolia_planks":2,"minecraft:fern":9,"minecraft:large_amethyst_bud":4,"minecraft:spruce_planks":12,"minecraft:oak_sapling":2,"minecraft:cobbled_deepslate_stairs":9,"minecraft:cobblestone_stairs":1,"minecraft:brewing_stand":4,"regions_unexplored:pink_magnolia_shrub":4,"minecraft:grass_block":1758,"minecraft:cracked_polished_blackstone_bricks":5,"handcrafted:skeleton_trophy":2,"regions_unexplored:argillite_grass_block":3,"regions_unexplored:magnolia_sapling":3,"minecraft:mossy_cobblestone_slab":1,"minecraft:iron_ore":88,"regions_unexplored:purple_lupine":3,"graveyard:leaning_wither_skeleton":2,"graveyard:upper_bone_staff":10,"minecraft:anvil":2,"minecraft:dark_oak_stairs":6,"supplementaries:stick":2,"minecraft:azalea":1,"graveyard:wither_skull_pile":2,"minecraft:deepslate_redstone_ore":44,"regions_unexplored:white_magnolia_sapling":8,"minecraft:medium_amethyst_bud":1,"regions_unexplored:magnolia_fence":3,"minecraft:soul_lantern":15,"minecraft:clay":2,"minecraft:chest":44,"regions_unexplored:pink_magnolia_sapling":4,"minecraft:cobblestone":191,"minecraft:birch_wood":2,"graveyard:skeleton_hand":2,"minecraft:slime_block":4,"minecraft:grindstone":2,"graveyard:lying_skeleton":1,"minecraft:oak_planks":2,"minecraft:iron_door":1,"minecraft:wall_torch":27,"minecraft:light_gray_candle":1,"minecraft:birch_log":3,"graveyard:skull_pile":5,"minecraft:yellow_stained_glass_pane":1,"graveyard:creeper_skeleton":1,"minecraft:oak_log":1,"regions_unexplored:peat_dirt":43,"minecraft:sand":39,"minecraft:dirt":1102,"graveyard:small_cyan_urn":1,"minecraft:wither_skeleton_skull":4,"minecraft:oak_leaves":17,"minecraft:horn_coral_block":1,"minecraft:diamond_ore":2,"minecraft:tuff":22,"minecraft:dark_oak_leaves":114,"minecraft:potted_wither_rose":2,"minecraft:deepslate_diamond_ore":31,"regions_unexplored:blackwood_branch":1,"minecraft:lever":1,"minecraft:decorated_pot":4,"minecraft:polished_andesite_slab":4,"regions_unexplored:magnolia_leaves":33,"minecraft:spruce_leaves":30,"regions_unexplored:pine_planks":6,"regions_unexplored:duskmelon":5,"minecraft:large_fern":3,"minecraft:spruce_sapling":2,"minecraft:furnace":6,"candlelight:wild_lettuce":11,"minecraft:gold_block":1,"minecraft:dead_horn_coral_block":1,"minecraft:bookshelf":87,"minecraft:deepslate_iron_ore":70,"minecraft:shroomlight":1,"minecraft:oxidized_cut_copper_slab":1,"regions_unexplored:medium_grass":58,"minecraft:stone":3098,"minecraft:podzol":1,"minecraft:scaffolding":183,"minecraft:stripped_dark_oak_log":21,"minecraft:basalt":4,"graveyard:small_light_gray_urn":8,"minecraft:crafting_table":10,"minecraft:lectern":4,"minecraft:lapis_ore":5,"supplementaries:urn":65,"minecraft:birch_planks":10,"minecraft:bee_nest":1,"minecraft:coal_ore":188,"regions_unexplored:dark_oak_shrub":1,"minecraft:cocoa":2,"graveyard:leaning_skeleton":5,"minecraft:cracked_stone_bricks":15,"regions_unexplored:blackwood_leaves":10,"minecraft:mossy_stone_bricks":20},"minecraft:used":{"minecraft:moss_block":1,"minecraft:writable_book":1,"minecraft:chiseled_deepslate":11,"minecraft:ladder":18,"minecraft:poppy":1,"minecraft:chest":154,"minecraft:stone":231,"minecraft:rotten_flesh":5,"minecraft:soul_sand":4,"medievalweapons:iron_rapier":51,"regions_unexplored:magnolia_fence":15,"minecraft:netherite_shovel":465,"minecraft:copper_ore":1,"minecraft:dark_oak_slab":5,"minecraft:stone_brick_stairs":9,"supplementaries:bomb_blue":1,"minecraft:bow":626,"minecraft:furnace":8,"minecraft:egg":6,"minecraft:potato":1,"regions_unexplored:yellow_lupine":1,"minecraft:diorite":2,"minecraft:leather_chestplate":1,"minecraft:wooden_pickaxe":24,"minecraft:mossy_stone_brick_stairs":3,"naturalist:duck_egg":1,"minecraft:dark_oak_trapdoor":4,"minecraft:blast_furnace":2,"minecraft:lightning_rod":2,"regions_unexplored:pine_sapling":1,"minecraft:lectern":2,"regions_unexplored:blackwood_planks":2,"minecraft:soul_lantern":13,"minecraft:diamond_sword":401,"minecraft:wooden_sword":413,"graveyard:upper_bone_staff":9,"supplementaries:soap":1,"minecraft:stone_sword":1048,"minecraft:enchanting_table":1,"minecraft:armor_stand":1,"minecraft:cooked_salmon":11,"candlelight:gold_ring":1,"minecraft:stick":2,"minecraft:torch":224,"minecraft:brewing_stand":1,"minecraft:anvil":2,"regions_unexplored:magnolia_sapling":12,"regions_unexplored:clover":110,"betterarcheology:archeology_table":1,"regions_unexplored:pine_log":2,"minecraft:mossy_cobblestone_stairs":4,"minecraft:chipped_anvil":1,"minecraft:iron_axe":5,"regions_unexplored:day_lily":1,"minecraft:barrel":81,"minecraft:bamboo":24,"minecraft:diamond_chestplate":1,"regions_unexplored:duskmelon_slice":1,"minecraft:beef":5,"comforts:sleeping_bag_white":32,"minecraft:cobbled_deepslate":5287,"minecraft:cherry_log":1,"minecraft:wheat_seeds":9,"minecraft:water_bucket":273,"minecraft:birch_planks":11,"minecraft:leather_boots":1,"minecraft:cracked_stone_bricks":3,"graveyard:bone_dagger":80,"minecraft:mossy_cobblestone":3,"minecraft:crafting_table":16,"minecraft:red_bed":4,"supplementaries:bomb":2,"regions_unexplored:magnolia_shrub":1,"minecraft:spruce_log":1,"minecraft:diamond_pickaxe":3599,"minecraft:diamond_shovel":2148,"regions_unexplored:white_magnolia_sapling":14,"minecraft:iron_pickaxe":746,"minecraft:leather_helmet":1,"regions_unexplored:white_magnolia_shrub":1,"minecraft:chiseled_stone_bricks":214,"minecraft:cobblestone":1834,"minecraft:cooked_porkchop":21,"minecraft:glass_pane":9,"medievalweapons:iron_healing_staff":10,"minecraft:jukebox":1,"regions_unexplored:pink_lupine":3,"minecraft:cherry_sapling":8,"minecraft:iron_shovel":275,"minecraft:oak_sign":6,"minecraft:decorated_pot":3,"minecraft:shield":61,"minecraft:iron_sword":3566,"minecraft:iron_chestplate":1,"minecraft:carrot":3,"minecraft:axolotl_bucket":3,"handcrafted:skeleton_trophy":2,"regions_unexplored:purple_lupine":3,"minecraft:lantern":40,"minecraft:iron_helmet":1,"candlelight:painting":1,"minecraft:stone_bricks":804,"minecraft:repeater":6,"minecraft:scaffolding":278,"minecraft:dark_oak_sapling":5,"minecraft:dark_oak_stairs":22,"minecraft:wither_skeleton_skull":3,"minecraft:stone_pickaxe":310,"minecraft:birch_wood":2,"minecraft:diamond_axe":673,"beautify:hanging_pot":1,"medievalweapons:diamond_ninjato":1519,"graveyard:small_light_gray_urn":5,"minecraft:crossbow":7,"minecraft:cobbled_deepslate_stairs":42,"minecraft:shears":90,"minecraft:lever":3,"minecraft:firework_rocket":2,"minecraft:dark_oak_log":145,"minecraft:bread":226,"regions_unexplored:blackwood_sapling":1,"minecraft:string":2,"minecraft:deepslate":620,"minecraft:gravel":11,"minecraft:grindstone":2,"minecraft:andesite":9,"minecraft:bone_meal":288,"minecraft:experience_bottle":128,"minecraft:flint_and_steel":2,"minecraft:stone_shovel":404,"minecraft:redstone":18,"minecraft:spruce_planks":259,"minecraft:dirt":2859,"minecraft:spyglass":2,"minecraft:hopper":3,"minecraft:bee_nest":1,"minecraft:birch_door":1,"beautify:lamp_light_bulb":5,"minecraft:dark_oak_planks":201,"minecraft:stone_brick_slab":168,"minecraft:wooden_axe":59,"minecraft:bookshelf":27,"minecraft:iron_boots":1,"bakery:misslilitu_biscuit":1,"betterarcheology:guardian_fossil":3,"minecraft:golden_carrot":10,"minecraft:netherite_pickaxe":272,"minecraft:cooked_beef":70,"regions_unexplored:blue_lupine":2,"minecraft:iron_leggings":1,"minecraft:brown_bed":1,"minecraft:cobbled_deepslate_wall":4,"minecraft:cooked_mutton":4,"minecraft:baked_potato":65,"regions_unexplored:peat_dirt":2,"minecraft:stonecutter":1,"regions_unexplored:pink_magnolia_sapling":14,"minecraft:stripped_dark_oak_log":7,"regions_unexplored:blackwood_shrub":1,"bakery:strawberry":1,"regions_unexplored:magnolia_planks":2,"minecraft:smoker":7,"minecraft:apple":3,"naturalist:glow_goop":49,"minecraft:stone_axe":88,"minecraft:cobbled_deepslate_slab":1087,"minecraft:bucket":262,"regions_unexplored:pink_magnolia_shrub":3,"medievalweapons:iron_long_sword":500,"regions_unexplored:pine_planks":33},"minecraft:dropped":{"naturalist:lizard_tail":1,"minecraft:porkchop":4,"minecraft:lapis_lazuli":4,"minecraft:glass_bottle":2,"minecraft:crafting_table":3,"minecraft:cooked_porkchop":4,"minecraft:oxidized_cut_copper_slab":1,"minecraft:cracked_stone_bricks":2,"minecraft:saddle":1,"graveyard:corruption":19,"minecraft:leather_helmet":2,"minecraft:emerald":2,"minecraft:dirt":22,"minecraft:gold_nugget":3,"minecraft:wooden_sword":1,"minecraft:bone_block":3,"minecraft:bone_meal":34,"minecraft:phantom_membrane":1,"minecraft:dark_oak_planks":1,"minecraft:bone":45,"minecraft:dark_oak_door":1,"minecraft:stone_axe":1,"minecraft:lever":1,"minecraft:iron_nugget":10,"minecraft:cobbled_deepslate":78,"minecraft:wheat":3,"minecraft:obsidian":1,"minecraft:stripped_dark_oak_log":12,"minecraft:rotten_flesh":134,"minecraft:oak_planks":2,"regions_unexplored:duckweed":2,"minecraft:echo_shard":3,"supplementaries:flax_seeds":5,"minecraft:leather_boots":1,"minecraft:leather_leggings":4,"minecraft:beef":8,"minecraft:stone_brick_stairs":1,"minecraft:egg":4,"minecraft:iron_ingot":8,"regions_unexplored:blackwood_log":54,"regions_unexplored:fireweed":1,"minecraft:wheat_seeds":207,"minecraft:cobbled_deepslate_stairs":3,"minecraft:polished_blackstone":5,"endrem:witch_pupil":1,"minecraft:iron_helmet":4,"minecraft:feather":3,"minecraft:cobblestone":284,"minecraft:book":1,"minecraft:granite":13,"graveyard:bone_dagger":4,"regions_unexplored:argillite":8,"minecraft:coal":14,"minecraft:cobweb":83,"minecraft:wooden_axe":3,"regions_unexplored:duskmelon_slice":3,"regions_unexplored:dusktrap":3,"minecraft:oak_stairs":1,"minecraft:mossy_cobblestone_stairs":4,"minecraft:paper":4,"minecraft:string":89,"minecraft:lily_pad":14,"minecraft:spruce_sapling":4,"naturalist:duck_egg":2,"minecraft:deepslate":1,"minecraft:clay_ball":16,"regions_unexplored:hyssop":1,"minecraft:shears":1,"minecraft:potato":119,"supplementaries:quiver":2,"minecraft:flower_pot":2,"minecraft:spruce_planks":1,"minecraft:diamond_pickaxe":1,"minecraft:wooden_shovel":1,"minecraft:spider_eye":6,"minecraft:stone_bricks":5,"minecraft:bamboo":6,"minecraft:bow":7,"minecraft:red_tulip":4,"minecraft:magma_block":1,"supplementaries:flute":2,"horseexpert:monocle":1,"minecraft:candle":5,"minecraft:moss_block":14,"regions_unexplored:magnolia_log":3,"minecraft:dark_oak_sapling":28,"bakery:strawberry":1,"minecraft:flint":2,"minecraft:music_disc_11":1,"minecraft:cracked_polished_blackstone_bricks":6,"minecraft:dark_oak_log":10,"minecraft:amethyst_shard":10,"minecraft:gold_ingot":11,"minecraft:gravel":4,"minecraft:soul_lantern":1,"minecraft:beetroot":12,"minecraft:diamond_shovel":1,"minecraft:carrot":3,"minecraft:poppy":1,"minecraft:leather_chestplate":1,"supplementaries:ash":38,"regions_unexplored:peat_dirt":3,"minecraft:gunpowder":13,"minecraft:beetroot_seeds":29,"minecraft:melon_seeds":7,"minecraft:chainmail_boots":1,"comforts:sleeping_bag_white":1,"minecraft:arrow":1,"minecraft:water_bucket":1,"minecraft:bread":15,"minecraft:oak_slab":236,"minecraft:mossy_cobblestone":3,"minecraft:smithing_table":2,"minecraft:tropical_fish":3,"minecraft:dead_horn_coral_block":2,"minecraft:grass_block":1,"minecraft:stick":64,"minecraft:mossy_cobblestone_slab":1,"minecraft:diorite":32,"minecraft:torch":3,"naturalist:bass":1,"candlelight:lettuce":9,"minecraft:iron_door":2,"minecraft:iron_leggings":3,"regions_unexplored:blackwood_planks":4,"minecraft:wither_rose":1,"minecraft:iron_axe":1,"minecraft:bucket":1,"minecraft:dandelion":3,"minecraft:redstone":14,"regions_unexplored:pine_planks":6,"minecraft:tuff":4,"minecraft:raw_iron":12,"minecraft:wither_skeleton_skull":1,"minecraft:flint_and_steel":1,"minecraft:filled_map":1,"minecraft:shield":2,"minecraft:andesite":22,"regions_unexplored:blackwood_sapling":13,"minecraft:mossy_stone_bricks":12,"minecraft:golden_leggings":1,"minecraft:slime_ball":1,"minecraft:stone_pickaxe":6,"minecraft:wooden_pickaxe":3,"minecraft:raw_gold":2,"regions_unexplored:white_magnolia_sapling":2},"minecraft:broken":{"minecraft:iron_chestplate":1,"minecraft:iron_leggings":1,"graveyard:bone_dagger":1,"minecraft:wooden_sword":7,"minecraft:iron_sword":15,"minecraft:stone_sword":8,"minecraft:shield":1,"minecraft:iron_pickaxe":2,"minecraft:iron_helmet":1,"minecraft:stone_pickaxe":1,"minecraft:wooden_axe":1,"medievalweapons:iron_long_sword":2,"minecraft:stone_shovel":3},"minecraft:killed_by":{"graveyard:acolyte":5,"minecraft:zombie":9,"endermanoverhaul:dark_oak_enderman":1,"graveyard:skeleton_creeper":2,"minecraft:cave_spider":2,"minecraft:player":1,"minecraft:spider":3,"minecraft:enderman":2,"minecraft:iron_golem":2,"minecraft:skeleton":9},"minecraft:picked_up":{"minecraft:wooden_axe":1,"minecraft:birch_door":1,"minecraft:iron_chestplate":5,"minecraft:chainmail_boots":1,"minecraft:flower_pot":3,"minecraft:anvil":2,"regions_unexplored:magnolia_log":165,"minecraft:smithing_table":1,"minecraft:lead":1,"minecraft:oak_stairs":2,"minecraft:wither_rose":4,"minecraft:enchanted_book":3,"minecraft:brewing_stand":4,"minecraft:string":92,"minecraft:pufferfish":2,"minecraft:gold_nugget":113,"regions_unexplored:pine_log":41,"minecraft:cobbled_deepslate":300,"minecraft:spruce_planks":13,"minecraft:enchanted_golden_apple":2,"minecraft:coal_block":10,"regions_unexplored:pine_shrub":1,"minecraft:dark_oak_door":1,"minecraft:golden_helmet":1,"regions_unexplored:blackwood_planks":2,"minecraft:jukebox":1,"minecraft:lightning_rod":2,"minecraft:cherry_log":148,"beautify:lamp_light_bulb":5,"minecraft:golden_chestplate":1,"minecraft:rabbit_foot":16,"minecraft:cauldron":2,"regions_unexplored:pink_magnolia_sapling":22,"minecraft:tropical_fish":3,"minecraft:red_tulip":4,"minecraft:bookshelf":49,"supplementaries:quiver":2,"supplementaries:ash":94,"minecraft:birch_log":38,"minecraft:magma_block":2,"minecraft:mossy_cobblestone_slab":2,"minecraft:oxidized_copper":1,"minecraft:feather":8,"minecraft:cooked_beef":19,"minecraft:iron_door":4,"minecraft:water_bucket":1,"minecraft:copper_block":4,"regions_unexplored:white_magnolia_shrub":1,"minecraft:smoker":7,"minecraft:flint":3,"regions_unexplored:peat_grass_block":1,"minecraft:lantern":1,"minecraft:brown_candle":6,"minecraft:chipped_anvil":2,"minecraft:stonecutter":1,"regions_unexplored:magnolia_planks":2,"minecraft:diamond_helmet":3,"minecraft:glowstone_dust":19,"minecraft:moss_block":18,"regions_unexplored:blackwood_shrub":1,"regions_unexplored:pine_sapling":16,"minecraft:ink_sac":5,"minecraft:loom":6,"minecraft:fermented_spider_eye":82,"minecraft:dark_oak_log":851,"minecraft:barrel":36,"regions_unexplored:pink_lupine":3,"naturalist:duck_egg":1,"graveyard:oak_coffin":2,"regions_unexplored:hyssop":1,"minecraft:deepslate":1,"minecraft:lever":3,"minecraft:writable_book":1,"regions_unexplored:clover":163,"minecraft:granite":13,"minecraft:bread":107,"minecraft:diamond_pickaxe":2,"minecraft:crafting_table":12,"minecraft:bee_nest":1,"minecraft:nether_wart":12,"minecraft:clay_ball":8,"minecraft:leather_leggings":3,"minecraft:dead_horn_coral_block":2,"candlelight:lettuce_seeds":2,"minecraft:red_bed":6,"minecraft:flint_and_steel":1,"minecraft:iron_shovel":1,"supplementaries:bomb":2,"minecraft:cracked_stone_bricks":7,"minecraft:beef":16,"minecraft:iron_nugget":20,"minecraft:poppy":4,"graveyard:leaning_skeleton":5,"supplementaries:rope":14,"minecraft:chest":46,"minecraft:birch_sapling":16,"minecraft:egg":10,"minecraft:copper_ore":5,"regions_unexplored:duckweed":2,"regions_unexplored:day_lily":1,"minecraft:stone":1494,"minecraft:polished_deepslate_slab":2,"minecraft:carrot":3,"minecraft:redstone":296,"graveyard:lying_skeleton":1,"regions_unexplored:dusktrap":7,"minecraft:decorated_pot":4,"minecraft:beetroot_seeds":4,"minecraft:shears":1,"minecraft:gold_ingot":10,"minecraft:totem_of_undying":1,"minecraft:polished_blackstone":7,"regions_unexplored:purple_lupine":5,"minecraft:mutton":18,"minecraft:white_wool":3,"minecraft:bone_block":3,"minecraft:filled_map":1,"graveyard:small_light_gray_urn":7,"supplementaries:rope_arrow":2,"minecraft:oak_log":23,"endrem:undead_soul":2,"minecraft:paper":4,"minecraft:white_banner":6,"minecraft:apple":75,"minecraft:stone_bricks":63,"minecraft:stone_pickaxe":2,"minecraft:cobweb":88,"minecraft:glass_bottle":2,"minecraft:iron_sword":3,"minecraft:dark_oak_stairs":7,"endrem:witch_pupil":3,"regions_unexplored:white_magnolia_sapling":37,"graveyard:skeleton_hand":2,"minecraft:gravel":23,"minecraft:spruce_sapling":24,"handcrafted:skeleton_trophy":2,"minecraft:spruce_log":93,"minecraft:leather_helmet":1,"minecraft:diamond_shovel":1,"minecraft:coal_ore":9,"minecraft:slime_ball":8,"regions_unexplored:fireweed":3,"regions_unexplored:magnolia_fence":3,"minecraft:baked_potato":1,"minecraft:melon_seeds":6,"minecraft:stripped_dark_oak_log":19,"minecraft:ender_pearl":3,"minecraft:wheat":9,"candlelight:gold_ring":1,"supplementaries:bomb_blue":1,"minecraft:potion":2,"minecraft:stone_brick_stairs":2,"graveyard:wither_skull_pile":1,"regions_unexplored:magnolia_shrub":1,"minecraft:raw_copper":11,"minecraft:iron_leggings":3,"minecraft:armor_stand":3,"minecraft:sticky_piston":1,"minecraft:oak_sign":10,"minecraft:dark_oak_leaves":88,"minecraft:bucket":1,"comforts:sleeping_bag_white":32,"minecraft:azalea":1,"regions_unexplored:blackwood_log":68,"minecraft:iron_boots":3,"minecraft:furnace":4,"minecraft:stick":220,"minecraft:torch":117,"minecraft:porkchop":14,"regions_unexplored:pink_magnolia_shrub":5,"minecraft:diorite":40,"regions_unexplored:argillite":8,"minecraft:rotten_flesh":533,"regions_unexplored:tsubaki":8,"regions_unexplored:mauve_log":6,"graveyard:gray_urn":1,"more_armor_trims:nihility_armor_trim_smithing_template":1,"minecraft:obsidian":4,"regions_unexplored:magnolia_sapling":35,"minecraft:blaze_powder":3,"minecraft:cobblestone":1707,"minecraft:nautilus_shell":4,"minecraft:enchanting_table":1,"candlelight:lettuce":9,"graveyard:skull_pile":5,"minecraft:leather_chestplate":1,"minecraft:magma_cream":15,"minecraft:repeater":3,"minecraft:andesite":45,"minecraft:black_bed":2,"minecraft:golden_leggings":1,"minecraft:potato":59,"minecraft:tuff":5,"supplementaries:flax_seeds":12,"minecraft:wither_skeleton_skull":6,"naturalist:lizard_tail":1,"minecraft:lapis_lazuli":272,"minecraft:dirt":2767,"minecraft:name_tag":1,"minecraft:leather_boots":2,"minecraft:bone":188,"minecraft:wheat_seeds":84,"minecraft:bow":7,"minecraft:cobbled_deepslate_wall":4,"betterarcheology:archeology_table":2,"minecraft:raw_gold":95,"minecraft:birch_wood":2,"minecraft:grindstone":2,"minecraft:mossy_stone_bricks":15,"graveyard:creeper_skeleton":1,"minecraft:bamboo":114,"meadow:umbra_wool":2,"minecraft:oak_planks":2,"minecraft:mossy_stone_brick_stairs":4,"minecraft:cooked_porkchop":4,"graveyard:bone_dagger":11,"minecraft:poisonous_potato":4,"regions_unexplored:pine_planks":8,"minecraft:sand":38,"minecraft:lily_of_the_valley":1,"minecraft:oxidized_cut_copper_slab":1,"minecraft:spectral_arrow":7,"minecraft:mossy_cobblestone":6,"graveyard:upper_bone_staff":10,"minecraft:sugar":3,"minecraft:diamond":42,"minecraft:slime_block":4,"minecraft:soul_lantern":22,"minecraft:cracked_polished_blackstone_bricks":8,"minecraft:crossbow":1,"minecraft:bone_meal":37,"minecraft:golden_apple":1,"minecraft:emerald":87,"minecraft:oak_sapling":10,"minecraft:cocoa_beans":12,"minecraft:wooden_pickaxe":1,"minecraft:gold_block":1,"minecraft:chain":9,"minecraft:shield":1,"minecraft:moss_carpet":1,"minecraft:iron_axe":1,"graveyard:corruption":134,"regions_unexplored:duskmelon_slice":4,"minecraft:echo_shard":3,"minecraft:light_gray_wool":1,"minecraft:lectern":4,"minecraft:phantom_membrane":3,"minecraft:dark_oak_sapling":44,"minecraft:raw_iron":212,"regions_unexplored:ash_vent":1,"minecraft:copper_ingot":10,"minecraft:note_block":5,"regions_unexplored:blue_lupine":2,"minecraft:polished_blackstone_bricks":3,"minecraft:iron_horse_armor":1,"minecraft:dark_oak_planks":79,"minecraft:arrow":43,"graveyard:leaning_wither_skeleton":1,"minecraft:saddle":2,"minecraft:glistering_melon_slice":6,"minecraft:skeleton_skull":3,"regions_unexplored:peat_dirt":57,"minecraft:basalt":8,"minecraft:golden_carrot":7,"minecraft:salmon":1,"minecraft:leather":14,"minecraft:birch_planks":10,"minecraft:gunpowder":35,"minecraft:cobbled_deepslate_stairs":9,"minecraft:cobblestone_stairs":2,"minecraft:cooked_mutton":11,"naturalist:bass":1,"minecraft:iron_ingot":19,"minecraft:polished_andesite_slab":3,"regions_unexplored:yellow_lupine":1,"minecraft:soul_sand":33,"minecraft:book":218,"minecraft:scaffolding":276,"minecraft:oak_slab":236,"bakery:strawberry":2,"minecraft:chiseled_stone_bricks":19,"minecraft:stone_brick_slab":9,"minecraft:dandelion":3,"graveyard:wither_skull_with_rib_cage":1,"minecraft:amethyst_shard":93,"minecraft:blast_furnace":4,"minecraft:spider_eye":9,"minecraft:light_gray_candle":2,"regions_unexplored:blackwood_sapling":14,"minecraft:iron_helmet":6,"minecraft:cherry_sapling":54,"betterarcheology:vase":1,"minecraft:mossy_cobblestone_stairs":12,"minecraft:coal":289},"minecraft:custom":{"minecraft:interact_with_crafting_table":118,"minecraft:open_barrel":106,"minecraft:bell_ring":8,"minecraft:leave_game":56,"minecraft:time_since_death":88937,"minecraft:damage_blocked_by_shield":3743,"minecraft:play_time":1985613,"minecraft:deaths":42,"minecraft:jump":20439,"minecraft:enchant_item":18,"minecraft:interact_with_furnace":80,"minecraft:traded_with_villager":15,"minecraft:sleep_in_bed":60,"minecraft:damage_dealt":259467,"minecraft:interact_with_smoker":44,"minecraft:horse_one_cm":3292004,"minecraft:interact_with_anvil":21,"minecraft:sneak_time":98278,"minecraft:interact_with_blast_furnace":6,"minecraft:total_world_time":1985613,"minecraft:tune_noteblock":9,"minecraft:interact_with_stonecutter":5,"minecraft:time_since_rest":51,"minecraft:swim_one_cm":150319,"minecraft:fly_one_cm":6229258,"minecraft:open_chest":1319,"minecraft:fall_one_cm":574462,"minecraft:animals_bred":6,"minecraft:sprint_one_cm":2970918,"minecraft:drop":362,"minecraft:play_noteblock":7,"minecraft:talked_to_villager":27,"minecraft:interact_with_brewingstand":15,"minecraft:walk_on_water_one_cm":244428,"minecraft:interact_with_loom":1,"minecraft:player_kills":3,"minecraft:crouch_one_cm":295732,"minecraft:mob_kills":1496,"minecraft:climb_one_cm":188098,"minecraft:walk_one_cm":4877966,"minecraft:walk_under_water_one_cm":223761,"minecraft:raid_trigger":1,"minecraft:interact_with_grindstone":11,"minecraft:damage_taken":31626,"minecraft:damage_absorbed":2893,"minecraft:aviate_one_cm":74028}},"DataVersion":3465}