{"stats":{"minecraft:crafted":{"minecraft:wooden_sword":1,"minecraft:wooden_shovel":1,"minecraft:emerald":1,"minecraft:wooden_pickaxe":1,"minecraft:birch_planks":508,"minecraft:cooked_mutton":1,"minecraft:air":0,"minecraft:stick":6,"minecraft:wooden_axe":3,"minecraft:dark_oak_planks":24,"minecraft:birch_stairs":44},"minecraft:killed":{"naturalist:snail":1,"minecraft:horse":1,"minecraft:skeleton":1,"minecraft:zombie":3,"minecraft:chicken":2,"minecraft:cow":2},"minecraft:mined":{"minecraft:dark_oak_planks":11,"minecraft:red_bed":2,"minecraft:dark_oak_leaves":21,"regions_unexplored:pink_lupine":1,"minecraft:cobblestone_stairs":1,"regions_unexplored:pink_bioshroom":1,"minecraft:dark_oak_log":9,"herbalbrews:hibiscus":2,"minecraft:soul_lantern":13,"minecraft:crafting_table":2,"bakery:wild_strawberries":15,"minecraft:grass_block":200,"minecraft:chest":1,"minecraft:mushroom_stem":1,"minecraft:white_candle":1,"minecraft:tall_grass":1,"minecraft:moss_block":1,"minecraft:birch_sapling":5,"minecraft:large_fern":1,"minecraft:birch_planks":28,"minecraft:birch_log":29,"regions_unexplored:purple_lupine":2,"minecraft:birch_leaves":3,"minecraft:grass":7,"regions_unexplored:tall_blue_bioshroom":1,"minecraft:cocoa":2,"minecraft:dirt":39,"regions_unexplored:clover":21,"regions_unexplored:medium_grass":6,"minecraft:red_mushroom_block":2,"minecraft:fern":1},"minecraft:used":{"minecraft:birch_planks":325,"minecraft:wooden_pickaxe":27,"minecraft:wooden_shovel":70,"minecraft:dirt":73,"minecraft:red_bed":2,"minecraft:crafting_table":1,"bakery:strawberry":7,"minecraft:wooden_axe":57,"minecraft:dark_oak_planks":11,"minecraft:bread":11,"minecraft:wooden_sword":38,"minecraft:birch_stairs":7},"minecraft:dropped":{"minecraft:moss_block":1,"minecraft:wheat_seeds":4,"minecraft:cocoa_beans":6,"minecraft:birch_sapling":25,"minecraft:cobblestone":1,"minecraft:rotten_flesh":2,"bakery:strawberry":3,"regions_unexplored:clover":114,"minecraft:poppy":2,"minecraft:leather_chestplate":2,"minecraft:dirt":73,"minecraft:cobblestone_slab":1,"minecraft:mossy_cobblestone_slab":1,"regions_unexplored:purple_lupine":4,"minecraft:chest":1,"minecraft:beef":8,"minecraft:mossy_cobblestone_stairs":1},"minecraft:broken":{"minecraft:wooden_shovel":1,"minecraft:wooden_axe":2},"minecraft:killed_by":{"minecraft:skeleton":1,"minecraft:spider":1,"minecraft:zombie":2},"minecraft:picked_up":{"minecraft:birch_log":127,"minecraft:cocoa_beans":6,"minecraft:mossy_cobblestone_slab":1,"minecraft:crafting_table":2,"minecraft:leather_chestplate":1,"minecraft:chicken":2,"minecraft:leather":4,"minecraft:birch_planks":28,"minecraft:paper":4,"minecraft:dirt":221,"minecraft:red_bed":2,"minecraft:bone":1,"minecraft:wheat_seeds":4,"regions_unexplored:pink_bioshroom":1,"minecraft:beef":4,"minecraft:cobblestone_slab":1,"minecraft:poppy":2,"minecraft:moss_block":1,"minecraft:chest":1,"minecraft:birch_sapling":25,"minecraft:egg":1,"bakery:strawberry":16,"minecraft:dark_oak_sapling":2,"minecraft:stick":27,"regions_unexplored:tall_blue_bioshroom":1,"herbalbrews:hibiscus":2,"minecraft:redstone":3,"minecraft:dark_oak_log":7,"regions_unexplored:pink_lupine":4,"minecraft:dark_oak_planks":11,"minecraft:white_candle":4,"minecraft:arrow":1,"minecraft:rotten_flesh":15,"minecraft:slime_ball":1,"minecraft:soul_lantern":14,"regions_unexplored:clover":242,"minecraft:mossy_cobblestone_stairs":1,"minecraft:bread":45,"regions_unexplored:purple_lupine":6,"minecraft:cobblestone":1},"minecraft:custom":{"minecraft:interact_with_furnace":2,"minecraft:mob_kills":10,"minecraft:traded_with_villager":1,"minecraft:interact_with_crafting_table":18,"minecraft:bell_ring":1,"minecraft:leave_game":1,"minecraft:time_since_death":8118,"minecraft:sleep_in_bed":6,"minecraft:climb_one_cm":1287,"minecraft:time_since_rest":9299,"minecraft:damage_taken":1642,"minecraft:sprint_one_cm":194718,"minecraft:walk_one_cm":249091,"minecraft:drop":26,"minecraft:damage_dealt":1829,"minecraft:fly_one_cm":122922,"minecraft:talked_to_villager":7,"minecraft:open_chest":10,"minecraft:crouch_one_cm":237,"minecraft:play_time":107018,"minecraft:deaths":4,"minecraft:sneak_time":2758,"minecraft:jump":646,"minecraft:total_world_time":107018,"minecraft:interact_with_smoker":1,"minecraft:fall_one_cm":9926}},"DataVersion":3465}