{"stats":{"minecraft:crafted":{"minecraft:barrel":16,"medievalweapons:diamond_long_sword":1,"minecraft:glass":17,"minecraft:iron_boots":3,"minecraft:chest":23,"minecraft:item_frame":4,"regions_unexplored:magnolia_fence_gate":5,"minecraft:crafting_table":2,"minecraft:wooden_pickaxe":1,"minecraft:iron_helmet":3,"regions_unexplored:magnolia_stairs":128,"minecraft:birch_planks":40,"minecraft:campfire":2,"minecraft:dark_oak_slab":54,"minecraft:iron_chestplate":2,"minecraft:diamond_pickaxe":1,"inmis:plated_backpack":2,"minecraft:shield":3,"minecraft:stick":92,"minecraft:iron_ingot":117,"minecraft:iron_pickaxe":3,"minecraft:gold_ingot":33,"regions_unexplored:magnolia_fence":30,"inmis:frayed_backpack":1,"minecraft:shears":1,"minecraft:cherry_planks":52,"minecraft:spyglass":1,"comforts:sleeping_bag_white":2,"inmis:gilded_backpack":2,"minecraft:furnace":1,"inmis:bejeweled_backpack":1,"minecraft:bone_meal":6,"regions_unexplored:magnolia_slab":18,"minecraft:glass_pane":16,"minecraft:flint_and_steel":1,"minecraft:leather":12,"regions_unexplored:magnolia_trapdoor":44,"minecraft:iron_axe":5,"minecraft:dark_oak_planks":576,"regions_unexplored:magnolia_planks":528,"minecraft:wheat":36,"minecraft:dark_oak_stairs":52,"minecraft:iron_sword":2,"minecraft:bucket":1,"minecraft:enchanted_book":1,"minecraft:bread":32,"minecraft:air":0,"minecraft:white_wool":6,"minecraft:white_dye":6,"minecraft:cherry_door":6,"minecraft:iron_leggings":2,"minecraft:torch":40,"minecraft:lapis_block":35,"minecraft:clay":8,"minecraft:diamond_chestplate":1},"minecraft:killed":{"minecraft:witch":2,"graveyard:skeleton_creeper":3,"minecraft:spider":18,"minecraft:skeleton":25,"minecraft:zombie_villager":2,"minecraft:creeper":2,"minecraft:zombie":82,"minecraft:slime":1,"minecraft:player":1},"minecraft:mined":{"minecraft:dark_oak_planks":9,"regions_unexplored:blue_lupine":6,"regions_unexplored:pink_bioshroom_block":6,"minecraft:brewing_stand":2,"regions_unexplored:pink_magnolia_shrub":1,"minecraft:granite":56,"minecraft:grass_block":52,"minecraft:spawner":3,"regions_unexplored:magnolia_sapling":4,"regions_unexplored:magnolia_stairs":4,"minecraft:iron_ore":41,"minecraft:cobbled_deepslate":2,"minecraft:fire":2,"regions_unexplored:purple_lupine":13,"minecraft:deepslate_lapis_ore":39,"minecraft:dark_oak_stairs":1,"minecraft:skeleton_wall_skull":1,"minecraft:water_cauldron":5,"bountiful:bountyboard":1,"minecraft:red_bed":2,"minecraft:stripped_cherry_wood":13,"regions_unexplored:corpse_flower":1,"minecraft:soul_lantern":1,"minecraft:clay":5,"minecraft:torch":12,"regions_unexplored:bladed_tall_grass":1,"beautify:hanging_pot":11,"regions_unexplored:magnolia_pressure_plate":1,"minecraft:calcite":1,"regions_unexplored:pink_magnolia_sapling":1,"minecraft:mushroom_stem":3,"minecraft:cobblestone":3,"minecraft:grindstone":2,"minecraft:sugar_cane":1,"minecraft:wall_torch":5,"minecraft:cherry_slab":16,"minecraft:cherry_fence":12,"minecraft:birch_log":10,"minecraft:wheat":49,"minecraft:jukebox":3,"minecraft:cherry_door":3,"regions_unexplored:mauve_leaves":53,"minecraft:grass":29,"minecraft:beetroots":27,"minecraft:dark_oak_sapling":3,"minecraft:sand":17,"minecraft:dirt":354,"regions_unexplored:clover":24,"minecraft:stonecutter":3,"minecraft:deepslate":93,"beautify:botanist_workbench":1,"minecraft:tuff":1,"minecraft:deepslate_diamond_ore":11,"regions_unexplored:pink_lupine":7,"regions_unexplored:dusktrap":7,"minecraft:jack_o_lantern":1,"minecraft:glow_lichen":2,"regions_unexplored:magnolia_leaves":4,"regions_unexplored:magnolia_slab":2,"minecraft:large_fern":1,"minecraft:hay_block":8,"regions_unexplored:argillite":1,"minecraft:potted_dark_oak_sapling":2,"minecraft:furnace":8,"minecraft:carrots":37,"minecraft:andesite":3,"minecraft:peony":2,"minecraft:potatoes":24,"minecraft:deepslate_iron_ore":73,"minecraft:lantern":3,"regions_unexplored:medium_grass":19,"minecraft:stone":193,"regions_unexplored:day_lily":2,"regions_unexplored:bladed_grass":2,"minecraft:smithing_table":2,"regions_unexplored:pink_bioshroom":2,"minecraft:stripped_dark_oak_log":26,"minecraft:crafting_table":18,"minecraft:emerald_ore":2,"regions_unexplored:pink_magnolia_leaves":73,"minecraft:lectern":67,"minecraft:campfire":1,"minecraft:tall_grass":1,"minecraft:copper_ore":1,"minecraft:deepslate_coal_ore":9,"regions_unexplored:mauve_log":6,"minecraft:deepslate_gold_ore":33,"minecraft:lapis_ore":13,"minecraft:diorite":23,"supplementaries:urn":43,"minecraft:birch_leaves":1,"minecraft:bee_nest":2,"minecraft:coal_ore":70,"minecraft:end_rod":1,"minecraft:gravel":19,"minecraft:cobweb":1,"beautify:lamp_light_bulb":5,"regions_unexplored:blackwood_leaves":1,"regions_unexplored:magnolia_planks":6,"minecraft:fern":2},"minecraft:used":{"regions_unexplored:pink_lupine":7,"minecraft:peony":4,"minecraft:jack_o_lantern":3,"minecraft:iron_shovel":174,"minecraft:chest":22,"minecraft:shield":74,"minecraft:iron_sword":200,"minecraft:bell":1,"minecraft:rotten_flesh":1,"minecraft:iron_chestplate":1,"minecraft:lily_of_the_valley":1,"regions_unexplored:argillite":1,"minecraft:carrot":91,"minecraft:allium":2,"regions_unexplored:mauve_sapling":1,"minecraft:music_disc_11":2,"regions_unexplored:purple_lupine":15,"minecraft:lantern":2,"minecraft:blue_orchid":2,"minecraft:iron_helmet":3,"minecraft:item_frame":6,"minecraft:sweet_berries":1,"minecraft:furnace":8,"regions_unexplored:magnolia_button":1,"minecraft:egg":1,"minecraft:dark_oak_stairs":3,"minecraft:diorite":23,"minecraft:end_rod":2,"minecraft:wooden_pickaxe":59,"beautify:botanist_workbench":1,"beautify:hanging_pot":3,"minecraft:clay":8,"medievalweapons:diamond_long_sword":224,"regions_unexplored:pink_bioshroom":7,"minecraft:shears":129,"minecraft:dark_oak_log":25,"minecraft:bread":20,"minecraft:lectern":68,"minecraft:lilac":2,"minecraft:grindstone":3,"minecraft:smithing_table":3,"minecraft:cobweb":1,"regions_unexplored:magnolia_pressure_plate":2,"minecraft:rose_bush":2,"minecraft:flint_and_steel":2,"minecraft:carved_pumpkin":1,"minecraft:torch":129,"minecraft:dirt":196,"minecraft:brewing_stand":2,"minecraft:spyglass":10,"regions_unexplored:magnolia_sapling":24,"regions_unexplored:clover":48,"minecraft:granite":56,"beautify:lamp_light_bulb":5,"minecraft:dark_oak_planks":126,"regions_unexplored:day_lily":2,"minecraft:iron_axe":137,"minecraft:iron_boots":3,"minecraft:bamboo":12,"minecraft:diamond_chestplate":2,"comforts:sleeping_bag_white":12,"minecraft:cobbled_deepslate":64,"regions_unexplored:blue_lupine":2,"minecraft:iron_leggings":1,"minecraft:water_bucket":7,"minecraft:glass_bottle":2,"minecraft:baked_potato":50,"minecraft:stonecutter":2,"minecraft:leather_boots":1,"regions_unexplored:pink_magnolia_sapling":4,"minecraft:red_bed":1,"minecraft:crafting_table":19,"minecraft:campfire":2,"regions_unexplored:magnolia_planks":9,"minecraft:cherry_door":4,"minecraft:iron_pickaxe":654,"minecraft:leather_helmet":1,"minecraft:cobblestone":33,"regions_unexplored:magnolia_stairs":24,"medievalweapons:long_bow":33,"minecraft:bucket":8,"regions_unexplored:pink_magnolia_shrub":1,"minecraft:pumpkin_pie":1,"minecraft:dandelion":2,"minecraft:jukebox":2},"minecraft:dropped":{"minecraft:iron_sword":2,"minecraft:birch_planks":12,"regions_unexplored:magnolia_log":11,"minecraft:baked_potato":14,"minecraft:dark_oak_sapling":13,"minecraft:lantern":1,"minecraft:leather_helmet":1,"regions_unexplored:magnolia_sapling":7,"minecraft:flint":3,"minecraft:dirt":34,"minecraft:amethyst_shard":2,"minecraft:iron_pickaxe":3,"regions_unexplored:magnolia_leaves":4,"minecraft:spyglass":1,"minecraft:iron_nugget":16,"minecraft:cobbled_deepslate":72,"regions_unexplored:pink_bioshroom":1,"minecraft:beetroot":16,"minecraft:rotten_flesh":16,"minecraft:honey_bottle":2,"beautify:hanging_pot":3,"minecraft:carrot":118,"supplementaries:antique_ink":3,"supplementaries:flax_seeds":7,"supplementaries:ash":6,"minecraft:skeleton_skull":1,"comforts:sleeping_bag_white":1,"minecraft:glass":11,"exposure:photograph":1,"minecraft:egg":4,"minecraft:bread":25,"minecraft:iron_ingot":1,"minecraft:wheat_seeds":2,"minecraft:iron_helmet":1,"minecraft:cobblestone":25,"endrem:lost_eye":1,"minecraft:coal":5,"minecraft:golden_apple":1,"minecraft:stick":12,"regions_unexplored:pink_magnolia_sapling":8,"minecraft:iron_leggings":2,"minecraft:stonecutter":1,"minecraft:iron_axe":4,"minecraft:string":2,"minecraft:raw_copper":2,"inmis:gilded_backpack":1,"regions_unexplored:clover":78,"minecraft:clay_ball":57,"minecraft:iron_boots":1,"regions_unexplored:mauve_log":8,"minecraft:shroomlight":3,"minecraft:shield":1,"minecraft:flower_pot":5,"minecraft:iron_chestplate":2,"minecraft:andesite":2,"minecraft:barrel":14,"minecraft:bow":1,"minecraft:bell":1,"regions_unexplored:white_magnolia_sapling":10},"minecraft:broken":{"minecraft:iron_boots":1,"minecraft:iron_leggings":1,"minecraft:wooden_pickaxe":1,"minecraft:shield":1,"minecraft:iron_axe":1,"minecraft:iron_pickaxe":1,"minecraft:iron_helmet":1},"minecraft:killed_by":{"graveyard:skeleton_creeper":1,"minecraft:zombie":2,"minecraft:witch":1,"graveyard:ghoul":1,"minecraft:skeleton":5},"minecraft:picked_up":{"minecraft:wheat":46,"minecraft:flower_pot":4,"regions_unexplored:magnolia_log":145,"minecraft:smithing_table":2,"minecraft:brewing_stand":2,"minecraft:string":19,"minecraft:raw_copper":2,"minecraft:iron_leggings":2,"minecraft:shroomlight":3,"minecraft:beetroot":31,"minecraft:cobbled_deepslate":136,"comforts:sleeping_bag_white":12,"minecraft:white_tulip":2,"minecraft:rose_bush":2,"minecraft:iron_pickaxe":4,"regions_unexplored:pink_magnolia_leaves":60,"minecraft:furnace":8,"minecraft:stick":67,"minecraft:jukebox":3,"minecraft:torch":86,"regions_unexplored:pink_magnolia_shrub":1,"minecraft:diorite":23,"beautify:lamp_light_bulb":8,"minecraft:cauldron":5,"regions_unexplored:pink_magnolia_sapling":12,"regions_unexplored:argillite":1,"regions_unexplored:magnolia_stairs":4,"regions_unexplored:magnolia_pressure_plate":3,"minecraft:rotten_flesh":72,"regions_unexplored:mauve_log":8,"supplementaries:antique_ink":6,"minecraft:carved_pumpkin":1,"minecraft:bookshelf":24,"minecraft:end_rod":1,"supplementaries:ash":8,"regions_unexplored:magnolia_sapling":38,"minecraft:cobblestone":185,"minecraft:birch_log":10,"minecraft:leather_chestplate":1,"minecraft:lilac":2,"minecraft:andesite":2,"regions_unexplored:cherry_shrub":2,"minecraft:potato":87,"minecraft:flint":7,"supplementaries:flax_seeds":7,"minecraft:cherry_fence":12,"minecraft:cherry_door":3,"minecraft:lapis_lazuli":315,"minecraft:dirt":494,"minecraft:lantern":3,"minecraft:glass":11,"minecraft:bone":54,"regions_unexplored:magnolia_planks":7,"minecraft:stonecutter":4,"minecraft:bow":2,"minecraft:wheat_seeds":130,"minecraft:raw_gold":33,"minecraft:bell":2,"regions_unexplored:mauve_leaves":17,"minecraft:grindstone":2,"regions_unexplored:pink_bioshroom":8,"minecraft:bamboo":4,"beautify:hanging_pot":17,"endrem:lost_eye":1,"minecraft:sand":17,"minecraft:lily_of_the_valley":1,"minecraft:dark_oak_log":174,"regions_unexplored:pink_lupine":8,"minecraft:barrel":14,"regions_unexplored:magnolia_leaves":4,"minecraft:diamond":19,"minecraft:soul_lantern":1,"regions_unexplored:clover":99,"minecraft:crossbow":1,"minecraft:granite":56,"minecraft:golden_apple":1,"minecraft:emerald":39,"minecraft:jack_o_lantern":3,"minecraft:cherry_slab":20,"minecraft:charcoal":2,"minecraft:crafting_table":19,"minecraft:allium":2,"minecraft:chicken":1,"minecraft:clay_ball":89,"minecraft:cornflower":2,"minecraft:red_bed":3,"minecraft:iron_axe":1,"minecraft:item_frame":2,"minecraft:iron_shovel":1,"minecraft:glass_pane":7,"minecraft:blue_orchid":2,"graveyard:corruption":3,"minecraft:iron_nugget":20,"minecraft:lectern":68,"minecraft:sugar_cane":3,"minecraft:birch_sapling":1,"minecraft:egg":4,"minecraft:dark_oak_sapling":13,"minecraft:raw_iron":117,"regions_unexplored:day_lily":3,"regions_unexplored:blue_lupine":6,"minecraft:music_disc_11":2,"minecraft:carrot":243,"meadow:inky_wool":2,"minecraft:dark_oak_planks":73,"regions_unexplored:dusktrap":1,"inmis:frayed_backpack":1,"minecraft:arrow":35,"regions_unexplored:mauve_sapling":1,"minecraft:beetroot_seeds":67,"minecraft:peony":4,"beautify:botanist_workbench":1,"minecraft:hay_block":8,"minecraft:pink_tulip":2,"regions_unexplored:purple_lupine":16,"bountiful:bountyboard":1,"minecraft:skeleton_skull":1,"minecraft:birch_planks":12,"minecraft:gunpowder":4,"minecraft:cooked_mutton":13,"bountiful:bounty":3,"minecraft:apple":1,"regions_unexplored:magnolia_slab":2,"minecraft:iron_ingot":29,"meadow:patched_wool":3,"candlelight:tomato":3,"minecraft:glass_bottle":2,"minecraft:iron_sword":2,"minecraft:dark_oak_stairs":7,"minecraft:book":2,"regions_unexplored:magnolia_button":3,"regions_unexplored:white_magnolia_sapling":10,"minecraft:sweet_berries":2,"medievalweapons:long_bow":1,"minecraft:dandelion":2,"minecraft:spyglass":1,"minecraft:gravel":25,"minecraft:stripped_cherry_wood":13,"minecraft:spider_eye":4,"minecraft:leather_helmet":1,"minecraft:iron_helmet":1,"minecraft:baked_potato":80,"minecraft:stripped_dark_oak_log":26,"minecraft:coal":79,"minecraft:sunflower":4},"minecraft:custom":{"minecraft:interact_with_crafting_table":99,"minecraft:open_barrel":198,"minecraft:bell_ring":21,"minecraft:leave_game":37,"minecraft:time_since_death":115466,"minecraft:sprint_one_cm":970177,"minecraft:damage_blocked_by_shield":5160,"minecraft:drop":156,"minecraft:talked_to_villager":85,"minecraft:play_time":668222,"minecraft:deaths":11,"minecraft:jump":5536,"minecraft:walk_on_water_one_cm":56185,"minecraft:interact_with_furnace":56,"minecraft:play_record":2,"minecraft:traded_with_villager":1,"minecraft:interact_with_cartography_table":1,"minecraft:interact_with_loom":1,"minecraft:sleep_in_bed":23,"minecraft:damage_dealt":25064,"minecraft:player_kills":1,"minecraft:crouch_one_cm":85969,"minecraft:interact_with_smoker":1,"minecraft:horse_one_cm":258,"minecraft:interact_with_smithing_table":2,"minecraft:mob_kills":137,"minecraft:climb_one_cm":10579,"minecraft:walk_one_cm":2232295,"minecraft:sneak_time":36451,"minecraft:walk_under_water_one_cm":10883,"minecraft:total_world_time":668222,"minecraft:pot_flower":4,"minecraft:interact_with_stonecutter":1,"minecraft:interact_with_grindstone":1,"minecraft:time_since_rest":7950,"minecraft:damage_taken":8434,"minecraft:damage_absorbed":1397,"minecraft:swim_one_cm":9933,"minecraft:fly_one_cm":719521,"minecraft:open_chest":203,"minecraft:fall_one_cm":90373}},"DataVersion":3465}