{"stats":{"minecraft:mined":{"minecraft:tuff":1,"minecraft:deepslate_diamond_ore":11,"regions_unexplored:pink_bioshroom_block":6,"regions_unexplored:dusktrap":7,"minecraft:glow_lichen":2,"minecraft:granite":56,"minecraft:spawner":3,"regions_unexplored:argillite":1,"minecraft:furnace":6,"minecraft:iron_ore":41,"minecraft:cobbled_deepslate":2,"minecraft:fire":2,"minecraft:andesite":3,"minecraft:deepslate_lapis_ore":39,"minecraft:deepslate_iron_ore":73,"regions_unexplored:medium_grass":1,"minecraft:stone":117,"regions_unexplored:bladed_grass":2,"minecraft:red_bed":1,"minecraft:stripped_dark_oak_log":1,"regions_unexplored:pink_bioshroom":2,"minecraft:crafting_table":14,"minecraft:clay":5,"minecraft:torch":9,"regions_unexplored:bladed_tall_grass":1,"minecraft:calcite":1,"minecraft:mushroom_stem":3,"minecraft:copper_ore":1,"minecraft:deepslate_coal_ore":9,"minecraft:deepslate_gold_ore":33,"minecraft:lapis_ore":13,"minecraft:diorite":23,"minecraft:wall_torch":2,"supplementaries:urn":40,"minecraft:birch_log":10,"minecraft:jukebox":2,"minecraft:birch_leaves":1,"minecraft:grass":4,"minecraft:coal_ore":28,"minecraft:gravel":11,"minecraft:dirt":16,"minecraft:cobweb":1,"regions_unexplored:blackwood_leaves":1,"minecraft:deepslate":93},"minecraft:custom":{"minecraft:mob_kills":65,"minecraft:interact_with_crafting_table":29,"minecraft:leave_game":10,"minecraft:time_since_death":143698,"minecraft:climb_one_cm":3360,"minecraft:sprint_one_cm":189805,"minecraft:walk_one_cm":429696,"minecraft:damage_blocked_by_shield":4050,"minecraft:drop":32,"minecraft:play_time":162003,"minecraft:deaths":1,"minecraft:sneak_time":13697,"minecraft:walk_under_water_one_cm":7204,"minecraft:jump":1640,"minecraft:walk_on_water_one_cm":34551,"minecraft:total_world_time":162003,"minecraft:interact_with_furnace":26,"minecraft:play_record":1,"minecraft:sleep_in_bed":1,"minecraft:time_since_rest":143811,"minecraft:damage_taken":2375,"minecraft:damage_absorbed":833,"minecraft:damage_dealt":11622,"minecraft:swim_one_cm":2368,"minecraft:fly_one_cm":144592,"minecraft:open_chest":47,"minecraft:crouch_one_cm":29766,"minecraft:interact_with_smoker":1,"minecraft:fall_one_cm":24777},"minecraft:killed_by":{"minecraft:zombie":1},"minecraft:broken":{"minecraft:wooden_pickaxe":1,"minecraft:shield":1,"minecraft:iron_pickaxe":1},"minecraft:crafted":{"minecraft:spyglass":1,"medievalweapons:diamond_long_sword":1,"comforts:sleeping_bag_white":1,"minecraft:furnace":1,"minecraft:flint_and_steel":1,"minecraft:iron_boots":1,"minecraft:dark_oak_planks":4,"minecraft:crafting_table":1,"minecraft:wooden_pickaxe":1,"minecraft:iron_sword":1,"minecraft:bucket":1,"minecraft:birch_planks":40,"minecraft:bread":1,"minecraft:air":0,"minecraft:white_wool":3,"minecraft:iron_chestplate":1,"minecraft:shield":2,"minecraft:stick":12,"minecraft:iron_ingot":72,"minecraft:iron_pickaxe":2,"minecraft:clay":8,"minecraft:lapis_block":35,"minecraft:diamond_chestplate":1},"minecraft:killed":{"graveyard:skeleton_creeper":2,"minecraft:spider":9,"minecraft:skeleton":17,"minecraft:zombie":36},"minecraft:used":{"minecraft:flint_and_steel":2,"minecraft:shield":62,"minecraft:iron_sword":200,"minecraft:iron_chestplate":1,"minecraft:torch":50,"minecraft:spyglass":5,"regions_unexplored:argillite":1,"minecraft:carrot":46,"minecraft:music_disc_11":1,"minecraft:granite":56,"minecraft:iron_helmet":1,"minecraft:iron_boots":1,"minecraft:diamond_chestplate":1,"minecraft:furnace":7,"minecraft:cobbled_deepslate":64,"minecraft:water_bucket":1,"minecraft:diorite":23,"minecraft:wooden_pickaxe":59,"minecraft:clay":8,"minecraft:leather_boots":1,"medievalweapons:diamond_long_sword":24,"minecraft:crafting_table":14,"minecraft:red_bed":1,"regions_unexplored:pink_bioshroom":7,"minecraft:bread":14,"minecraft:iron_pickaxe":504,"minecraft:leather_helmet":1,"minecraft:cobblestone":26,"medievalweapons:long_bow":12,"minecraft:bucket":2,"minecraft:jukebox":1,"minecraft:cobweb":1},"minecraft:dropped":{"minecraft:birch_planks":12,"minecraft:leather_helmet":1,"minecraft:stick":10,"minecraft:flint":3,"minecraft:dirt":32,"minecraft:amethyst_shard":2,"minecraft:string":2,"minecraft:iron_nugget":16,"minecraft:cobbled_deepslate":72,"minecraft:raw_copper":2,"regions_unexplored:pink_bioshroom":1,"minecraft:rotten_flesh":16,"minecraft:clay_ball":57,"supplementaries:antique_ink":3,"supplementaries:flax_seeds":7,"supplementaries:ash":6,"minecraft:iron_chestplate":1,"minecraft:andesite":2,"minecraft:bow":1,"minecraft:egg":2},"minecraft:picked_up":{"minecraft:crafting_table":14,"minecraft:clay_ball":89,"minecraft:red_bed":1,"minecraft:string":5,"minecraft:raw_copper":2,"minecraft:iron_leggings":1,"graveyard:corruption":2,"minecraft:cobbled_deepslate":136,"minecraft:iron_nugget":16,"minecraft:iron_pickaxe":1,"minecraft:birch_sapling":1,"minecraft:egg":1,"minecraft:furnace":6,"minecraft:raw_iron":117,"minecraft:stick":18,"minecraft:jukebox":2,"minecraft:torch":73,"minecraft:music_disc_11":1,"minecraft:diorite":23,"minecraft:carrot":64,"regions_unexplored:argillite":1,"regions_unexplored:dusktrap":1,"minecraft:arrow":22,"minecraft:rotten_flesh":31,"supplementaries:antique_ink":6,"supplementaries:ash":8,"minecraft:skeleton_skull":1,"minecraft:cobblestone":118,"minecraft:birch_log":10,"minecraft:leather_chestplate":1,"minecraft:andesite":2,"minecraft:birch_planks":12,"minecraft:flint":7,"supplementaries:flax_seeds":7,"minecraft:dirt":32,"minecraft:lapis_lazuli":315,"minecraft:bone":30,"minecraft:bow":1,"minecraft:raw_gold":33,"regions_unexplored:pink_bioshroom":8,"minecraft:iron_sword":2,"medievalweapons:long_bow":1,"minecraft:gravel":17,"minecraft:leather_helmet":1,"minecraft:diamond":19,"minecraft:iron_helmet":1,"minecraft:granite":56,"minecraft:emerald":21,"minecraft:baked_potato":64,"minecraft:stripped_dark_oak_log":1,"minecraft:coal":37}},"DataVersion":3465}