{"stats":{"minecraft:crafted":{"minecraft:cherry_planks":52,"minecraft:spyglass":1,"medievalweapons:diamond_long_sword":1,"comforts:sleeping_bag_white":1,"inmis:gilded_backpack":1,"minecraft:furnace":1,"inmis:bejeweled_backpack":1,"regions_unexplored:magnolia_slab":18,"minecraft:flint_and_steel":1,"minecraft:iron_boots":1,"minecraft:iron_axe":2,"minecraft:chest":2,"minecraft:dark_oak_planks":216,"regions_unexplored:magnolia_planks":308,"regions_unexplored:magnolia_fence_gate":4,"minecraft:dark_oak_stairs":52,"minecraft:crafting_table":1,"minecraft:wooden_pickaxe":1,"minecraft:iron_helmet":1,"minecraft:iron_sword":1,"regions_unexplored:magnolia_stairs":128,"minecraft:bucket":1,"minecraft:birch_planks":40,"minecraft:bread":1,"minecraft:air":0,"minecraft:dark_oak_slab":18,"minecraft:white_wool":3,"minecraft:iron_chestplate":1,"minecraft:diamond_pickaxe":1,"inmis:plated_backpack":1,"minecraft:shield":2,"minecraft:stick":56,"minecraft:iron_ingot":117,"minecraft:iron_pickaxe":3,"minecraft:gold_ingot":33,"regions_unexplored:magnolia_fence":30,"minecraft:clay":8,"minecraft:lapis_block":35,"minecraft:diamond_chestplate":1},"minecraft:killed":{"graveyard:skeleton_creeper":2,"minecraft:spider":11,"minecraft:slime":1,"minecraft:skeleton":18,"minecraft:zombie":45},"minecraft:mined":{"minecraft:tuff":1,"minecraft:deepslate_diamond_ore":11,"regions_unexplored:pink_bioshroom_block":6,"regions_unexplored:dusktrap":7,"minecraft:glow_lichen":2,"minecraft:granite":56,"minecraft:grass_block":8,"minecraft:spawner":3,"regions_unexplored:argillite":1,"minecraft:furnace":8,"minecraft:iron_ore":41,"minecraft:cobbled_deepslate":2,"minecraft:fire":2,"minecraft:andesite":3,"minecraft:deepslate_lapis_ore":39,"minecraft:deepslate_iron_ore":73,"regions_unexplored:medium_grass":11,"minecraft:stone":128,"regions_unexplored:day_lily":1,"regions_unexplored:bladed_grass":2,"minecraft:red_bed":1,"minecraft:stripped_cherry_wood":13,"regions_unexplored:corpse_flower":1,"regions_unexplored:pink_bioshroom":2,"minecraft:stripped_dark_oak_log":26,"minecraft:clay":5,"minecraft:crafting_table":16,"minecraft:torch":9,"regions_unexplored:bladed_tall_grass":1,"minecraft:calcite":1,"regions_unexplored:pink_magnolia_sapling":1,"minecraft:mushroom_stem":3,"minecraft:copper_ore":1,"minecraft:cobblestone":2,"minecraft:deepslate_coal_ore":9,"minecraft:lapis_ore":13,"minecraft:deepslate_gold_ore":33,"minecraft:diorite":23,"minecraft:wall_torch":2,"minecraft:cherry_slab":16,"supplementaries:urn":43,"minecraft:cherry_fence":12,"minecraft:birch_log":10,"minecraft:jukebox":2,"minecraft:birch_leaves":1,"minecraft:grass":20,"minecraft:coal_ore":36,"minecraft:dark_oak_sapling":3,"minecraft:gravel":11,"minecraft:dirt":17,"regions_unexplored:clover":1,"minecraft:cobweb":1,"regions_unexplored:blackwood_leaves":1,"minecraft:deepslate":93},"minecraft:used":{"minecraft:flint_and_steel":2,"minecraft:chest":2,"minecraft:shield":62,"minecraft:iron_sword":200,"minecraft:iron_chestplate":1,"minecraft:torch":52,"minecraft:spyglass":10,"regions_unexplored:magnolia_sapling":24,"regions_unexplored:argillite":1,"minecraft:carrot":64,"regions_unexplored:clover":4,"minecraft:music_disc_11":1,"minecraft:granite":56,"minecraft:iron_axe":97,"regions_unexplored:day_lily":1,"minecraft:iron_helmet":2,"minecraft:iron_boots":1,"minecraft:diamond_chestplate":1,"minecraft:furnace":7,"minecraft:egg":1,"comforts:sleeping_bag_white":9,"minecraft:cobbled_deepslate":64,"minecraft:water_bucket":2,"minecraft:diorite":23,"minecraft:baked_potato":11,"minecraft:wooden_pickaxe":59,"minecraft:clay":8,"minecraft:leather_boots":1,"medievalweapons:diamond_long_sword":61,"regions_unexplored:pink_magnolia_sapling":4,"minecraft:red_bed":1,"minecraft:crafting_table":16,"regions_unexplored:magnolia_planks":8,"regions_unexplored:pink_bioshroom":7,"minecraft:dark_oak_log":25,"minecraft:bread":14,"minecraft:iron_pickaxe":527,"minecraft:leather_helmet":1,"minecraft:cobblestone":28,"medievalweapons:long_bow":12,"minecraft:bucket":3,"minecraft:jukebox":1,"minecraft:cobweb":1},"minecraft:dropped":{"minecraft:birch_planks":12,"minecraft:dark_oak_sapling":11,"minecraft:cobblestone":20,"endrem:lost_eye":1,"minecraft:leather_helmet":1,"minecraft:flint":3,"minecraft:stick":10,"minecraft:dirt":32,"minecraft:amethyst_shard":2,"minecraft:string":2,"minecraft:spyglass":1,"minecraft:iron_nugget":16,"minecraft:cobbled_deepslate":72,"minecraft:raw_copper":2,"regions_unexplored:pink_bioshroom":1,"minecraft:rotten_flesh":16,"minecraft:clay_ball":57,"supplementaries:antique_ink":3,"supplementaries:flax_seeds":7,"supplementaries:ash":6,"minecraft:iron_chestplate":1,"minecraft:andesite":2,"minecraft:bow":1,"minecraft:egg":2},"minecraft:broken":{"minecraft:wooden_pickaxe":1,"minecraft:shield":1,"minecraft:iron_axe":1,"minecraft:iron_pickaxe":1,"minecraft:iron_helmet":1},"minecraft:killed_by":{"minecraft:skeleton":1,"minecraft:zombie":2},"minecraft:picked_up":{"minecraft:crafting_table":16,"minecraft:clay_ball":89,"regions_unexplored:magnolia_log":77,"minecraft:red_bed":1,"minecraft:string":5,"minecraft:raw_copper":2,"minecraft:iron_leggings":1,"graveyard:corruption":2,"minecraft:cobbled_deepslate":136,"comforts:sleeping_bag_white":9,"minecraft:iron_nugget":16,"minecraft:iron_pickaxe":1,"minecraft:birch_sapling":1,"minecraft:furnace":8,"minecraft:egg":2,"minecraft:dark_oak_sapling":11,"minecraft:stick":41,"minecraft:raw_iron":117,"regions_unexplored:day_lily":1,"minecraft:jukebox":2,"minecraft:torch":73,"minecraft:music_disc_11":1,"minecraft:diorite":23,"minecraft:carrot":64,"regions_unexplored:pink_magnolia_sapling":4,"regions_unexplored:argillite":1,"regions_unexplored:dusktrap":1,"inmis:frayed_backpack":1,"minecraft:arrow":22,"minecraft:rotten_flesh":34,"supplementaries:antique_ink":6,"supplementaries:ash":8,"regions_unexplored:magnolia_sapling":24,"minecraft:skeleton_skull":1,"minecraft:cobblestone":119,"minecraft:birch_log":10,"minecraft:leather_chestplate":1,"minecraft:andesite":2,"minecraft:birch_planks":12,"minecraft:flint":7,"minecraft:cherry_fence":12,"supplementaries:flax_seeds":7,"minecraft:lapis_lazuli":315,"minecraft:dirt":40,"minecraft:bone":36,"minecraft:apple":1,"minecraft:bow":1,"minecraft:wheat_seeds":2,"minecraft:raw_gold":33,"minecraft:bell":1,"minecraft:iron_ingot":29,"regions_unexplored:pink_bioshroom":8,"minecraft:iron_sword":2,"endrem:lost_eye":1,"medievalweapons:long_bow":1,"minecraft:spyglass":1,"minecraft:gravel":17,"minecraft:stripped_cherry_wood":13,"minecraft:dark_oak_log":174,"minecraft:leather_helmet":1,"minecraft:diamond":19,"regions_unexplored:clover":4,"minecraft:iron_helmet":1,"minecraft:granite":56,"minecraft:emerald":23,"minecraft:baked_potato":64,"minecraft:cherry_slab":20,"minecraft:stripped_dark_oak_log":26,"minecraft:coal":45},"minecraft:custom":{"minecraft:mob_kills":78,"minecraft:interact_with_crafting_table":51,"minecraft:bell_ring":1,"minecraft:leave_game":12,"minecraft:time_since_death":54076,"minecraft:climb_one_cm":3360,"minecraft:sprint_one_cm":389153,"minecraft:walk_one_cm":653766,"minecraft:damage_blocked_by_shield":4050,"minecraft:drop":36,"minecraft:play_time":276004,"minecraft:deaths":3,"minecraft:sneak_time":17291,"minecraft:walk_under_water_one_cm":7462,"minecraft:jump":2720,"minecraft:walk_on_water_one_cm":46016,"minecraft:total_world_time":276004,"minecraft:interact_with_furnace":33,"minecraft:play_record":1,"minecraft:sleep_in_bed":11,"minecraft:time_since_rest":6707,"minecraft:damage_taken":3675,"minecraft:damage_absorbed":916,"minecraft:damage_dealt":14088,"minecraft:swim_one_cm":2368,"minecraft:fly_one_cm":302340,"minecraft:open_chest":69,"minecraft:crouch_one_cm":38408,"minecraft:interact_with_smoker":1,"minecraft:fall_one_cm":37891}},"DataVersion":3465}