{"stats":{"minecraft:crafted":{"minecraft:cherry_planks":52,"minecraft:barrel":16,"minecraft:spyglass":1,"medievalweapons:diamond_long_sword":1,"comforts:sleeping_bag_white":1,"inmis:gilded_backpack":1,"minecraft:furnace":1,"inmis:bejeweled_backpack":1,"regions_unexplored:magnolia_slab":18,"minecraft:flint_and_steel":1,"minecraft:glass_pane":16,"minecraft:glass":17,"minecraft:iron_boots":2,"regions_unexplored:magnolia_trapdoor":44,"minecraft:iron_axe":2,"minecraft:chest":22,"minecraft:dark_oak_planks":520,"regions_unexplored:magnolia_planks":512,"regions_unexplored:magnolia_fence_gate":5,"minecraft:dark_oak_stairs":52,"minecraft:crafting_table":2,"minecraft:wooden_pickaxe":1,"minecraft:iron_helmet":2,"minecraft:iron_sword":2,"regions_unexplored:magnolia_stairs":128,"minecraft:bucket":1,"minecraft:birch_planks":40,"minecraft:bread":5,"minecraft:air":0,"minecraft:dark_oak_slab":54,"minecraft:white_wool":3,"minecraft:iron_chestplate":2,"minecraft:diamond_pickaxe":1,"inmis:plated_backpack":1,"minecraft:shield":3,"minecraft:stick":56,"minecraft:iron_ingot":117,"minecraft:iron_pickaxe":3,"minecraft:iron_leggings":1,"minecraft:cherry_door":3,"minecraft:gold_ingot":33,"regions_unexplored:magnolia_fence":30,"minecraft:shears":1,"minecraft:clay":8,"minecraft:lapis_block":35,"minecraft:diamond_chestplate":1},"minecraft:killed":{"graveyard:skeleton_creeper":3,"minecraft:spider":14,"minecraft:slime":1,"minecraft:skeleton":19,"minecraft:zombie_villager":1,"minecraft:zombie":49},"minecraft:mined":{"beautify:botanist_workbench":1,"minecraft:tuff":1,"minecraft:deepslate_diamond_ore":11,"regions_unexplored:pink_bioshroom_block":6,"regions_unexplored:dusktrap":7,"minecraft:glow_lichen":2,"minecraft:granite":56,"minecraft:grass_block":8,"regions_unexplored:magnolia_leaves":4,"minecraft:spawner":3,"regions_unexplored:magnolia_sapling":1,"regions_unexplored:argillite":1,"minecraft:potted_dark_oak_sapling":2,"minecraft:furnace":8,"minecraft:iron_ore":41,"minecraft:fire":2,"minecraft:cobbled_deepslate":2,"minecraft:andesite":3,"minecraft:deepslate_lapis_ore":39,"minecraft:deepslate_iron_ore":73,"minecraft:lantern":3,"regions_unexplored:medium_grass":11,"minecraft:stone":128,"regions_unexplored:day_lily":1,"regions_unexplored:bladed_grass":2,"minecraft:smithing_table":1,"minecraft:red_bed":1,"minecraft:stripped_cherry_wood":13,"minecraft:stripped_dark_oak_log":26,"regions_unexplored:pink_bioshroom":2,"regions_unexplored:corpse_flower":1,"minecraft:clay":5,"minecraft:crafting_table":16,"minecraft:torch":9,"regions_unexplored:bladed_tall_grass":1,"beautify:hanging_pot":3,"minecraft:emerald_ore":1,"minecraft:calcite":1,"regions_unexplored:pink_magnolia_leaves":71,"regions_unexplored:pink_magnolia_sapling":1,"minecraft:copper_ore":1,"minecraft:deepslate_coal_ore":9,"minecraft:mushroom_stem":3,"minecraft:cobblestone":2,"minecraft:deepslate_gold_ore":33,"minecraft:lapis_ore":13,"minecraft:grindstone":1,"minecraft:diorite":23,"minecraft:wall_torch":2,"minecraft:cherry_slab":16,"supplementaries:urn":43,"minecraft:cherry_fence":12,"minecraft:birch_log":10,"minecraft:jukebox":2,"minecraft:birch_leaves":1,"minecraft:grass":20,"minecraft:coal_ore":36,"minecraft:end_rod":1,"minecraft:dark_oak_sapling":3,"minecraft:gravel":11,"minecraft:sand":17,"minecraft:dirt":17,"minecraft:cobweb":1,"regions_unexplored:clover":1,"beautify:lamp_light_bulb":3,"regions_unexplored:blackwood_leaves":1,"minecraft:stonecutter":1,"minecraft:deepslate":93,"minecraft:fern":1},"minecraft:used":{"minecraft:flint_and_steel":2,"minecraft:chest":2,"minecraft:shield":63,"minecraft:iron_sword":200,"minecraft:iron_chestplate":1,"minecraft:torch":55,"minecraft:dirt":8,"minecraft:spyglass":10,"regions_unexplored:magnolia_sapling":24,"regions_unexplored:argillite":1,"minecraft:carrot":64,"regions_unexplored:clover":4,"minecraft:music_disc_11":1,"minecraft:granite":56,"minecraft:iron_axe":101,"regions_unexplored:day_lily":1,"minecraft:iron_helmet":2,"minecraft:iron_boots":1,"minecraft:diamond_chestplate":1,"minecraft:sweet_berries":1,"minecraft:furnace":8,"minecraft:egg":1,"comforts:sleeping_bag_white":10,"minecraft:cobbled_deepslate":64,"minecraft:water_bucket":4,"minecraft:diorite":23,"minecraft:baked_potato":26,"minecraft:wooden_pickaxe":59,"minecraft:clay":8,"minecraft:leather_boots":1,"medievalweapons:diamond_long_sword":86,"regions_unexplored:pink_magnolia_sapling":4,"minecraft:red_bed":1,"minecraft:crafting_table":16,"regions_unexplored:magnolia_planks":8,"minecraft:shears":75,"regions_unexplored:pink_bioshroom":7,"minecraft:dark_oak_log":25,"minecraft:bread":15,"minecraft:iron_pickaxe":536,"minecraft:leather_helmet":1,"minecraft:cobblestone":28,"medievalweapons:long_bow":24,"minecraft:bucket":5,"minecraft:pumpkin_pie":1,"minecraft:jukebox":2,"minecraft:cobweb":1},"minecraft:dropped":{"minecraft:iron_sword":1,"minecraft:birch_planks":12,"minecraft:wheat_seeds":2,"minecraft:dark_oak_sapling":13,"minecraft:iron_helmet":1,"minecraft:cobblestone":20,"endrem:lost_eye":1,"minecraft:leather_helmet":1,"regions_unexplored:magnolia_sapling":7,"minecraft:flint":3,"minecraft:stick":10,"minecraft:dirt":32,"regions_unexplored:pink_magnolia_sapling":8,"minecraft:iron_leggings":1,"minecraft:amethyst_shard":2,"minecraft:iron_pickaxe":1,"minecraft:string":2,"regions_unexplored:magnolia_leaves":4,"minecraft:spyglass":1,"minecraft:iron_nugget":16,"minecraft:raw_copper":2,"minecraft:cobbled_deepslate":72,"regions_unexplored:pink_bioshroom":1,"minecraft:rotten_flesh":16,"minecraft:clay_ball":57,"minecraft:iron_boots":1,"supplementaries:antique_ink":3,"supplementaries:flax_seeds":7,"supplementaries:ash":6,"minecraft:shield":1,"minecraft:iron_chestplate":2,"minecraft:andesite":2,"minecraft:bow":1,"regions_unexplored:white_magnolia_sapling":10,"minecraft:egg":2},"minecraft:broken":{"minecraft:wooden_pickaxe":1,"minecraft:shield":1,"minecraft:iron_axe":1,"minecraft:iron_pickaxe":1,"minecraft:iron_helmet":1},"minecraft:killed_by":{"minecraft:skeleton":1,"minecraft:zombie":2},"minecraft:picked_up":{"minecraft:crafting_table":16,"minecraft:flower_pot":2,"minecraft:clay_ball":89,"regions_unexplored:magnolia_log":128,"minecraft:smithing_table":1,"minecraft:string":8,"minecraft:red_bed":1,"minecraft:raw_copper":2,"minecraft:iron_leggings":1,"graveyard:corruption":3,"minecraft:cobbled_deepslate":136,"comforts:sleeping_bag_white":10,"minecraft:white_tulip":2,"minecraft:iron_nugget":16,"minecraft:iron_pickaxe":2,"regions_unexplored:pink_magnolia_leaves":60,"minecraft:birch_sapling":1,"minecraft:furnace":8,"minecraft:egg":2,"minecraft:dark_oak_sapling":13,"minecraft:stick":53,"minecraft:raw_iron":117,"regions_unexplored:day_lily":1,"minecraft:jukebox":2,"minecraft:torch":73,"minecraft:music_disc_11":1,"minecraft:diorite":23,"minecraft:carrot":64,"beautify:lamp_light_bulb":3,"meadow:inky_wool":2,"regions_unexplored:pink_magnolia_sapling":12,"regions_unexplored:argillite":1,"regions_unexplored:dusktrap":1,"inmis:frayed_backpack":1,"minecraft:arrow":24,"minecraft:rotten_flesh":38,"beautify:botanist_workbench":1,"supplementaries:antique_ink":6,"minecraft:pink_tulip":2,"minecraft:end_rod":1,"supplementaries:ash":8,"regions_unexplored:magnolia_sapling":31,"minecraft:skeleton_skull":1,"minecraft:cobblestone":119,"minecraft:birch_log":10,"minecraft:leather_chestplate":1,"minecraft:andesite":2,"minecraft:birch_planks":12,"minecraft:flint":7,"minecraft:cherry_fence":12,"supplementaries:flax_seeds":7,"minecraft:lapis_lazuli":315,"minecraft:dirt":40,"minecraft:lantern":3,"minecraft:bone":39,"minecraft:apple":1,"minecraft:bow":1,"minecraft:stonecutter":1,"minecraft:wheat_seeds":2,"minecraft:raw_gold":33,"minecraft:bell":1,"minecraft:iron_ingot":29,"minecraft:grindstone":1,"regions_unexplored:pink_bioshroom":8,"meadow:patched_wool":3,"minecraft:iron_sword":2,"beautify:hanging_pot":3,"endrem:lost_eye":1,"regions_unexplored:white_magnolia_sapling":10,"minecraft:sweet_berries":2,"medievalweapons:long_bow":1,"minecraft:spyglass":1,"minecraft:gravel":17,"minecraft:sand":17,"minecraft:stripped_cherry_wood":13,"minecraft:dark_oak_log":174,"minecraft:spider_eye":2,"minecraft:leather_helmet":1,"regions_unexplored:magnolia_leaves":4,"minecraft:diamond":19,"regions_unexplored:clover":4,"minecraft:iron_helmet":1,"minecraft:granite":56,"minecraft:emerald":24,"minecraft:baked_potato":64,"minecraft:cherry_slab":20,"minecraft:stripped_dark_oak_log":26,"minecraft:coal":45},"minecraft:custom":{"minecraft:mob_kills":89,"minecraft:interact_with_crafting_table":71,"minecraft:bell_ring":2,"minecraft:leave_game":13,"minecraft:time_since_death":131734,"minecraft:climb_one_cm":7164,"minecraft:sprint_one_cm":503182,"minecraft:walk_one_cm":854073,"minecraft:damage_blocked_by_shield":4260,"minecraft:drop":49,"minecraft:talked_to_villager":1,"minecraft:play_time":353662,"minecraft:deaths":3,"minecraft:sneak_time":19145,"minecraft:walk_under_water_one_cm":8184,"minecraft:jump":3445,"minecraft:walk_on_water_one_cm":48649,"minecraft:total_world_time":353662,"minecraft:interact_with_furnace":36,"minecraft:play_record":1,"minecraft:interact_with_loom":1,"minecraft:interact_with_stonecutter":1,"minecraft:sleep_in_bed":12,"minecraft:time_since_rest":37770,"minecraft:damage_taken":4396,"minecraft:damage_absorbed":962,"minecraft:damage_dealt":15673,"minecraft:swim_one_cm":2368,"minecraft:fly_one_cm":409006,"minecraft:open_chest":113,"minecraft:crouch_one_cm":45393,"minecraft:interact_with_smoker":1,"minecraft:fall_one_cm":50784,"minecraft:horse_one_cm":258}},"DataVersion":3465}