{"stats":{"minecraft:mined":{"minecraft:tuff":1,"minecraft:red_bed":1,"minecraft:deepslate_diamond_ore":8,"regions_unexplored:pink_bioshroom":2,"minecraft:stripped_dark_oak_log":1,"regions_unexplored:pink_bioshroom_block":6,"regions_unexplored:dusktrap":1,"minecraft:clay":5,"minecraft:glow_lichen":2,"minecraft:torch":8,"minecraft:crafting_table":9,"minecraft:granite":56,"minecraft:calcite":1,"minecraft:mushroom_stem":3,"minecraft:deepslate_coal_ore":9,"minecraft:copper_ore":1,"minecraft:lapis_ore":9,"minecraft:deepslate_gold_ore":27,"minecraft:wall_torch":2,"minecraft:diorite":23,"minecraft:spawner":2,"supplementaries:urn":32,"regions_unexplored:argillite":1,"minecraft:furnace":5,"minecraft:birch_log":10,"minecraft:iron_ore":34,"minecraft:fire":2,"minecraft:cobbled_deepslate":2,"minecraft:birch_leaves":1,"minecraft:jukebox":2,"minecraft:andesite":3,"minecraft:deepslate_lapis_ore":35,"minecraft:grass":3,"minecraft:coal_ore":9,"minecraft:deepslate_iron_ore":65,"minecraft:gravel":11,"minecraft:dirt":16,"regions_unexplored:medium_grass":1,"regions_unexplored:blackwood_leaves":1,"minecraft:stone":116,"minecraft:deepslate":88},"minecraft:custom":{"minecraft:interact_with_furnace":18,"minecraft:mob_kills":52,"minecraft:play_record":1,"minecraft:interact_with_crafting_table":19,"minecraft:leave_game":9,"minecraft:time_since_death":108860,"minecraft:sleep_in_bed":1,"minecraft:climb_one_cm":3277,"minecraft:time_since_rest":108973,"minecraft:damage_absorbed":736,"minecraft:damage_taken":2016,"minecraft:sprint_one_cm":177955,"minecraft:walk_one_cm":367320,"minecraft:damage_blocked_by_shield":3990,"minecraft:drop":24,"minecraft:damage_dealt":9292,"minecraft:swim_one_cm":1362,"minecraft:fly_one_cm":132344,"minecraft:open_chest":35,"minecraft:crouch_one_cm":25442,"minecraft:play_time":127165,"minecraft:deaths":1,"minecraft:sneak_time":12061,"minecraft:walk_under_water_one_cm":6419,"minecraft:jump":1366,"minecraft:walk_on_water_one_cm":27004,"minecraft:total_world_time":127165,"minecraft:interact_with_smoker":1,"minecraft:fall_one_cm":21748},"minecraft:killed_by":{"minecraft:zombie":1},"minecraft:crafted":{"minecraft:spyglass":1,"minecraft:wooden_pickaxe":1,"minecraft:birch_planks":40,"minecraft:bread":1,"minecraft:air":0,"minecraft:flint_and_steel":1,"minecraft:iron_chestplate":1,"minecraft:iron_boots":1,"minecraft:shield":2,"minecraft:stick":12,"minecraft:iron_ingot":48,"minecraft:iron_pickaxe":1,"minecraft:dark_oak_planks":4,"minecraft:clay":8,"minecraft:lapis_block":28},"minecraft:broken":{"minecraft:shield":1,"minecraft:iron_pickaxe":1,"minecraft:wooden_pickaxe":1},"minecraft:killed":{"graveyard:skeleton_creeper":2,"minecraft:spider":4,"minecraft:skeleton":16,"minecraft:zombie":29},"minecraft:dropped":{"minecraft:iron_nugget":16,"minecraft:raw_copper":2,"regions_unexplored:pink_bioshroom":1,"minecraft:rotten_flesh":16,"minecraft:clay_ball":57,"minecraft:leather_helmet":1,"supplementaries:antique_ink":3,"minecraft:flint":3,"minecraft:dirt":32,"supplementaries:ash":6,"minecraft:andesite":2,"minecraft:amethyst_shard":2,"minecraft:bow":1,"minecraft:egg":2},"minecraft:used":{"minecraft:diorite":23,"minecraft:flint_and_steel":2,"minecraft:wooden_pickaxe":59,"minecraft:shield":61,"minecraft:clay":8,"minecraft:iron_sword":188,"minecraft:leather_boots":1,"minecraft:iron_chestplate":1,"minecraft:torch":43,"minecraft:spyglass":5,"minecraft:red_bed":1,"regions_unexplored:argillite":1,"minecraft:crafting_table":9,"minecraft:carrot":36,"minecraft:music_disc_11":1,"minecraft:granite":56,"regions_unexplored:pink_bioshroom":7,"minecraft:bread":14,"minecraft:iron_pickaxe":440,"minecraft:iron_helmet":1,"minecraft:leather_helmet":1,"minecraft:iron_boots":1,"minecraft:furnace":5,"medievalweapons:long_bow":12,"minecraft:cobbled_deepslate":64,"minecraft:jukebox":1},"minecraft:picked_up":{"minecraft:birch_log":10,"minecraft:crafting_table":9,"minecraft:leather_chestplate":1,"minecraft:clay_ball":89,"minecraft:andesite":2,"minecraft:flint":7,"supplementaries:flax_seeds":7,"minecraft:lapis_lazuli":258,"minecraft:dirt":32,"minecraft:string":1,"minecraft:red_bed":1,"minecraft:raw_copper":2,"minecraft:iron_leggings":1,"minecraft:bone":25,"graveyard:corruption":2,"minecraft:bow":1,"minecraft:cobbled_deepslate":98,"minecraft:raw_gold":27,"regions_unexplored:pink_bioshroom":8,"minecraft:iron_nugget":16,"minecraft:iron_pickaxe":1,"minecraft:furnace":5,"minecraft:birch_sapling":1,"minecraft:iron_sword":2,"minecraft:egg":1,"minecraft:stick":8,"minecraft:raw_iron":104,"minecraft:jukebox":2,"medievalweapons:long_bow":1,"minecraft:torch":67,"minecraft:gravel":17,"minecraft:music_disc_11":1,"minecraft:diorite":23,"minecraft:carrot":64,"minecraft:leather_helmet":1,"regions_unexplored:argillite":1,"minecraft:arrow":21,"minecraft:rotten_flesh":31,"minecraft:diamond":8,"minecraft:iron_helmet":1,"supplementaries:antique_ink":3,"minecraft:granite":56,"minecraft:emerald":13,"supplementaries:ash":8,"minecraft:baked_potato":64,"minecraft:coal":18,"minecraft:stripped_dark_oak_log":1,"minecraft:skeleton_skull":1,"minecraft:cobblestone":117}},"DataVersion":3465}