{"stats":{"minecraft:crafted":{"minecraft:wooden_sword":1,"regions_unexplored:blackwood_planks":28,"minecraft:oak_planks":72,"inmis:gilded_backpack":1,"minecraft:furnace":2,"minecraft:iron_boots":1,"minecraft:leather":26,"minecraft:stone_pickaxe":4,"minecraft:chest":5,"minecraft:dark_oak_planks":48,"minecraft:cooked_cod":3,"minecraft:wooden_shovel":2,"minecraft:cooked_porkchop":3,"minecraft:crafting_table":5,"minecraft:wooden_pickaxe":7,"minecraft:baked_potato":32,"minecraft:iron_sword":1,"minecraft:bucket":1,"minecraft:birch_planks":48,"minecraft:stone_axe":1,"minecraft:bread":1,"minecraft:air":0,"minecraft:white_wool":3,"minecraft:iron_chestplate":1,"minecraft:diamond_pickaxe":1,"inmis:plated_backpack":1,"minecraft:stick":96,"minecraft:iron_ingot":37,"minecraft:iron_pickaxe":5,"minecraft:wooden_axe":3,"minecraft:iron_shovel":4,"minecraft:gold_ingot":6,"inmis:frayed_backpack":1,"minecraft:white_bed":1,"minecraft:torch":64},"minecraft:killed":{"minecraft:spider":2,"naturalist:boar":1,"minecraft:skeleton":1,"minecraft:zombie":24},"minecraft:mined":{"minecraft:dark_oak_planks":2,"minecraft:dark_prismarine_stairs":1,"minecraft:dark_prismarine":7,"minecraft:diamond_ore":1,"minecraft:tuff":2,"minecraft:oak_sapling":3,"minecraft:deepslate_diamond_ore":10,"regions_unexplored:dusktrap":2,"minecraft:dark_oak_log":12,"minecraft:granite":19,"minecraft:grass_block":418,"regions_unexplored:argillite_grass_block":2,"minecraft:moss_block":2,"minecraft:spawner":2,"minecraft:spore_blossom":1,"minecraft:orange_concrete":1,"regions_unexplored:argillite":76,"minecraft:furnace":2,"minecraft:iron_ore":19,"minecraft:cobbled_deepslate":1,"minecraft:andesite":30,"minecraft:deepslate_lapis_ore":2,"minecraft:cave_vines":1,"minecraft:deepslate_iron_ore":69,"minecraft:azalea":2,"minecraft:stone":1301,"minecraft:flowering_azalea":8,"minecraft:red_bed":4,"minecraft:basalt":1,"minecraft:clay":7,"minecraft:crafting_table":5,"minecraft:torch":2,"regions_unexplored:bladed_tall_grass":1,"minecraft:calcite":2,"regions_unexplored:peat_grass_block":3,"regions_unexplored:blackwood_log":7,"minecraft:tall_grass":3,"minecraft:copper_ore":6,"minecraft:cobblestone":7,"minecraft:deepslate_gold_ore":15,"minecraft:prismarine":2,"minecraft:diorite":35,"minecraft:wall_torch":3,"minecraft:birch_sapling":1,"supplementaries:urn":30,"minecraft:prismarine_bricks":2,"minecraft:birch_log":12,"minecraft:birch_leaves":1,"minecraft:grass":13,"minecraft:oak_log":6,"minecraft:coal_ore":61,"regions_unexplored:peat_dirt":7,"minecraft:gravel":11,"minecraft:dripstone_block":1,"minecraft:dirt":434,"regions_unexplored:blackwood_leaves":1,"minecraft:oak_leaves":7,"minecraft:deepslate":130,"minecraft:fern":1},"minecraft:used":{"minecraft:azalea":1,"minecraft:moss_block":1,"minecraft:moss_carpet":2,"minecraft:iron_shovel":816,"minecraft:chest":4,"minecraft:iron_sword":140,"minecraft:wooden_shovel":22,"minecraft:stick":1,"minecraft:torch":49,"minecraft:dirt":523,"regions_unexplored:argillite":14,"regions_unexplored:clover":1,"minecraft:granite":6,"minecraft:axolotl_bucket":1,"minecraft:dark_oak_planks":1,"minecraft:wooden_axe":8,"minecraft:furnace":4,"minecraft:cooked_cod":3,"minecraft:potato":3,"minecraft:cobbled_deepslate":72,"minecraft:water_bucket":13,"minecraft:diorite":15,"minecraft:birch_planks":27,"minecraft:baked_potato":10,"minecraft:stone_pickaxe":265,"regions_unexplored:peat_dirt":7,"minecraft:wooden_pickaxe":91,"minecraft:crafting_table":8,"minecraft:red_bed":3,"minecraft:white_bed":1,"minecraft:dripstone_block":1,"minecraft:diamond_pickaxe":224,"minecraft:bread":28,"minecraft:suspicious_stew":2,"minecraft:iron_pickaxe":1285,"minecraft:gravel":4,"minecraft:stone_axe":13,"minecraft:cobblestone":219,"minecraft:cooked_porkchop":3,"minecraft:bucket":15,"minecraft:andesite":12},"minecraft:dropped":{"minecraft:bread":68,"minecraft:wheat_seeds":3,"minecraft:dark_oak_sapling":5,"minecraft:poisonous_potato":2,"minecraft:feather":1,"minecraft:cobblestone":84,"minecraft:prismarine_crystals":4,"minecraft:leather":8,"medievalweapons:long_bow":1,"regions_unexplored:argillite":50,"minecraft:stick":3,"minecraft:dirt":12,"minecraft:red_bed":1,"minecraft:diorite":12,"minecraft:mutton":1,"minecraft:wooden_axe":1,"regions_unexplored:dusktrap":2,"minecraft:gold_nugget":1,"minecraft:pumpkin":1,"minecraft:iron_pickaxe":1,"minecraft:string":4,"minecraft:dark_oak_planks":8,"minecraft:cobbled_deepslate":12,"minecraft:bowl":2,"minecraft:birch_sapling":1,"minecraft:rotten_flesh":13,"regions_unexplored:clover":4,"minecraft:clay_ball":20,"minecraft:leather_chestplate":1,"supplementaries:flax_seeds":12,"supplementaries:ash":24,"regions_unexplored:peat_dirt":1,"minecraft:andesite":11,"minecraft:wooden_shovel":1,"minecraft:basalt":1,"minecraft:arrow":4,"minecraft:wooden_pickaxe":2,"minecraft:stone_pickaxe":1,"regions_unexplored:blue_lupine":1},"minecraft:broken":{"minecraft:leather_helmet":1,"minecraft:iron_shovel":3,"minecraft:wooden_pickaxe":1,"minecraft:stone_pickaxe":1,"minecraft:iron_pickaxe":5},"minecraft:killed_by":{"minecraft:creeper":1,"minecraft:spider":1,"creeperoverhaul:dripstone_creeper":1,"minecraft:drowned":1,"minecraft:skeleton":4,"minecraft:zombie":1},"minecraft:picked_up":{"minecraft:crafting_table":5,"minecraft:clay_ball":28,"minecraft:moss_carpet":2,"minecraft:orange_concrete":1,"minecraft:string":13,"minecraft:red_bed":4,"minecraft:raw_copper":25,"minecraft:cobbled_deepslate":110,"minecraft:dark_prismarine_stairs":1,"minecraft:iron_nugget":35,"minecraft:calcite":2,"minecraft:azalea":3,"minecraft:iron_pickaxe":1,"minecraft:birch_sapling":3,"regions_unexplored:blackwood_log":7,"minecraft:furnace":2,"minecraft:raw_iron":88,"minecraft:stick":8,"minecraft:torch":36,"regions_unexplored:blue_lupine":1,"minecraft:porkchop":2,"minecraft:diorite":34,"minecraft:dark_oak_planks":2,"regions_unexplored:argillite":68,"regions_unexplored:dusktrap":2,"minecraft:arrow":2,"minecraft:rotten_flesh":17,"supplementaries:antique_ink":1,"supplementaries:ash":37,"minecraft:cobblestone":1305,"minecraft:birch_log":18,"regions_unexplored:peat_dirt":10,"minecraft:basalt":1,"minecraft:andesite":30,"minecraft:leather":1,"minecraft:flint":2,"minecraft:tuff":3,"minecraft:oak_log":62,"minecraft:prismarine_bricks":1,"supplementaries:flax_seeds":12,"minecraft:lapis_lazuli":13,"minecraft:dirt":861,"minecraft:bone":18,"minecraft:apple":5,"minecraft:wheat_seeds":3,"minecraft:raw_gold":17,"minecraft:spore_blossom":1,"minecraft:iron_ingot":4,"minecraft:moss_block":13,"minecraft:prismarine":2,"minecraft:flowering_azalea":8,"medievalweapons:long_bow":1,"minecraft:dripstone_block":1,"minecraft:gravel":8,"minecraft:spider_eye":1,"minecraft:dark_oak_log":12,"minecraft:dark_prismarine":7,"minecraft:diamond":13,"regions_unexplored:clover":5,"minecraft:granite":19,"minecraft:emerald":7,"minecraft:bread":18,"minecraft:oak_sapling":19,"minecraft:coal":65},"minecraft:custom":{"minecraft:mob_kills":29,"minecraft:interact_with_crafting_table":54,"minecraft:leave_game":2,"minecraft:time_since_death":5081,"minecraft:climb_one_cm":2662,"minecraft:sprint_one_cm":357294,"minecraft:walk_one_cm":356970,"minecraft:drop":70,"minecraft:play_time":184878,"minecraft:deaths":12,"minecraft:sneak_time":27224,"minecraft:walk_under_water_one_cm":22796,"minecraft:jump":2909,"minecraft:walk_on_water_one_cm":32999,"minecraft:total_world_time":184878,"minecraft:interact_with_furnace":42,"minecraft:sleep_in_bed":5,"minecraft:time_since_rest":5117,"minecraft:damage_taken":5220,"minecraft:damage_dealt":6733,"minecraft:swim_one_cm":79662,"minecraft:fly_one_cm":513740,"minecraft:open_chest":85,"minecraft:crouch_one_cm":92472,"minecraft:fall_one_cm":98687}},"DataVersion":3465}