{"stats":{"minecraft:crafted":{"minecraft:smooth_stone":46,"regions_unexplored:mauve_slab":824,"minecraft:chain":17,"minecraft:bookshelf":7,"minecraft:cooked_mutton":3,"bakery:cupcake_display":2,"minecraft:glass":13,"regions_unexplored:blackwood_trapdoor":50,"bakery:rolling_pin":2,"regions_unexplored:blackwood_slab":252,"candlelight:cherry_chair":16,"minecraft:wooden_shovel":3,"minecraft:cooked_porkchop":5,"minecraft:diamond_axe":2,"minecraft:smithing_table":1,"minecraft:copper_ingot":25,"regions_unexplored:mauve_door":3,"minecraft:campfire":2,"bakery:crafting_bowl":1,"minecraft:iron_pickaxe":8,"handcrafted:wood_crockery_combo":3,"minecraft:iron_block":3,"minecraft:gold_ingot":35,"regions_unexplored:blackwood_planks":1500,"handcrafted:wood_bowl":3,"minecraft:iron_nugget":99,"regions_unexplored:cypress_planks":272,"bakery:jar":2,"minecraft:bone_meal":336,"regions_unexplored:blackwood_fence_gate":164,"minecraft:cherry_trapdoor":130,"handcrafted:tropical_fish_trophy":2,"regions_unexplored:mauve_planks":1804,"minecraft:polished_diorite":4,"minecraft:cherry_stairs":8,"minecraft:stone_pickaxe":7,"regions_unexplored:blackwood_fence":48,"minecraft:dark_oak_planks":1012,"minecraft:wheat":171,"meadow:cooking_cauldron":1,"minecraft:enchanting_table":1,"herbalbrews:jug":2,"beautify:lamp_bamboo":1,"regions_unexplored:pine_planks":144,"minecraft:wooden_axe":3,"minecraft:oak_stairs":228,"minecraft:iron_shovel":12,"minecraft:iron_leggings":1,"minecraft:white_bed":1,"candlelight:cooking_pot":1,"minecraft:brick":92,"minecraft:oak_planks":850,"minecraft:barrel":66,"minecraft:cherry_slab":66,"regions_unexplored:mauve_fence":66,"bakery:tray":4,"minecraft:lightning_rod":1,"minecraft:stone":961,"bakery:wall_cabinet":4,"regions_unexplored:blackwood_sign":48,"meadow:fondue":1,"herbalbrews:cauldron":1,"minecraft:iron_boots":2,"minecraft:chest":88,"handcrafted:wood_plate":6,"regions_unexplored:willow_planks":228,"handcrafted:wood_cup":3,"minecraft:bricks":9,"minecraft:oak_fence":3,"regions_unexplored:mauve_trapdoor":143,"minecraft:smoker":2,"candlelight:cherry_table":12,"minecraft:oak_slab":24,"minecraft:crafting_table":11,"minecraft:baked_potato":119,"minecraft:wooden_pickaxe":9,"minecraft:iron_helmet":3,"handcrafted:cherry_nightstand":4,"minecraft:birch_planks":52,"bakery:brick_stove":2,"minecraft:iron_chestplate":2,"minecraft:dark_oak_slab":234,"minecraft:book":24,"minecraft:shield":1,"minecraft:charcoal":143,"minecraft:diamond_pickaxe":2,"inmis:plated_backpack":1,"minecraft:stick":720,"minecraft:iron_ingot":284,"bakery:cake_stand":2,"inmis:frayed_backpack":1,"minecraft:shears":1,"minecraft:cherry_planks":736,"minecraft:wooden_sword":1,"candlelight:glass":8,"inmis:gilded_backpack":1,"minecraft:furnace":19,"minecraft:blast_furnace":12,"minecraft:dark_oak_trapdoor":30,"inmis:bejeweled_backpack":1,"regions_unexplored:pine_stairs":4,"minecraft:oak_trapdoor":52,"minecraft:glass_pane":32,"regions_unexplored:blackwood_stairs":192,"regions_unexplored:cypress_stairs":40,"minecraft:leather":54,"bakery:small_cooking_pot":2,"minecraft:iron_axe":5,"bakery:kitchen_sink":1,"minecraft:cooked_beef":4,"minecraft:sugar":1,"minecraft:cooked_cod":3,"meadow:woodcutter":1,"minecraft:diamond_sword":1,"meadow:cheese_form":1,"minecraft:dark_oak_stairs":192,"minecraft:iron_sword":1,"regions_unexplored:willow_stairs":152,"minecraft:bucket":3,"minecraft:stone_axe":1,"minecraft:bread":59,"minecraft:air":0,"minecraft:jungle_planks":12,"candlelight:cherry_drawer":2,"herbalbrews:copper_tea_kettle":1,"regions_unexplored:redwood_planks":4,"minecraft:white_wool":3,"minecraft:white_dye":7,"minecraft:stonecutter":1,"minecraft:anvil":1,"minecraft:torch":144,"candlelight:tool_rack":3,"bakery:bread_knife":2},"minecraft:killed":{"naturalist:boar":1,"minecraft:skeleton":20,"minecraft:skeleton_horse":1,"minecraft:pillager":1,"minecraft:zombie":58,"minecraft:glow_squid":1,"minecraft:cow":2,"graveyard:ghoul":1,"minecraft:enderman":1,"minecraft:spider":13,"minecraft:bee":8,"minecraft:pig":4,"minecraft:zombie_villager":1,"minecraft:creeper":3,"minecraft:slime":12,"minecraft:phantom":1},"minecraft:mined":{"minecraft:dark_oak_planks":30,"minecraft:dark_prismarine_stairs":1,"minecraft:white_bed":2,"regions_unexplored:blue_lupine":5,"minecraft:cherry_log":10,"minecraft:obsidian":15,"minecraft:granite":52,"meadow:patched_wool":1,"regions_unexplored:willow_sapling":1,"minecraft:spawner":7,"herbalbrews:copper_tea_kettle":2,"minecraft:orange_concrete":1,"regions_unexplored:mauve_fence":7,"minecraft:magma_block":2,"regions_unexplored:magnolia_stairs":1,"minecraft:dark_oak_trapdoor":10,"minecraft:cobbled_deepslate":24,"minecraft:barrel":22,"bakery:kitchen_sink":2,"minecraft:deepslate_lapis_ore":4,"minecraft:cave_vines":1,"minecraft:dirt_path":27,"amendments:wall_lantern":2,"minecraft:oak_stairs":27,"bakery:tray":1,"regions_unexplored:mauve_sapling":35,"minecraft:red_bed":4,"regions_unexplored:white_magnolia_leaves":1,"beautify:lamp_bamboo":2,"minecraft:torch":16,"regions_unexplored:bladed_tall_grass":1,"regions_unexplored:peat_grass_block":4,"minecraft:sugar_cane":7,"regions_unexplored:blackwood_sapling":2,"minecraft:amethyst_block":4,"minecraft:cherry_slab":1,"minecraft:birch_sapling":4,"minecraft:polished_diorite_stairs":12,"minecraft:chain":1,"regions_unexplored:willow_stairs":17,"minecraft:stone_brick_stairs":42,"regions_unexplored:pine_sapling":1,"minecraft:grass":74,"handcrafted:cherry_nightstand":2,"minecraft:dark_oak_sapling":9,"bakery:wall_cabinet":1,"regions_unexplored:clover":1,"minecraft:smooth_basalt":4,"minecraft:stonecutter":2,"minecraft:deepslate":521,"handcrafted:wood_plate":6,"minecraft:dark_prismarine":7,"regions_unexplored:blackwood_trapdoor":4,"minecraft:cherry_sapling":3,"minecraft:dark_oak_log":13,"regions_unexplored:dusktrap":2,"minecraft:moss_block":2,"herbalbrews:cauldron":1,"regions_unexplored:argillite":91,"supplementaries:rope":14,"minecraft:redstone_ore":4,"minecraft:snow":1,"minecraft:andesite":78,"bakery:small_cooking_pot":5,"minecraft:vine":3,"minecraft:bamboo":1,"regions_unexplored:redwood_log":1,"regions_unexplored:windswept_grass":1,"minecraft:oak_slab":2,"bakery:cake_stand":1,"meadow:cheese_form":3,"regions_unexplored:cypress_log":1,"regions_unexplored:blackwood_planks":6,"minecraft:stone_brick_slab":2,"candlelight:wild_tomatoes":29,"minecraft:lightning_rod":2,"regions_unexplored:blackwood_log":7,"minecraft:tall_grass":21,"minecraft:copper_ore":6,"regions_unexplored:mauve_log":9,"minecraft:deepslate_gold_ore":46,"minecraft:diorite":625,"minecraft:big_dripleaf":1,"minecraft:birch_leaves":2,"regions_unexplored:stripped_magnolia_log":3,"minecraft:gravel":11,"minecraft:dripstone_block":1,"minecraft:stone_bricks":32,"handcrafted:wood_bowl":3,"minecraft:orange_wall_banner":1,"minecraft:gold_ore":5,"minecraft:fern":2,"minecraft:oak_sapling":13,"bakery:cupcake_display":4,"handcrafted:wood_crockery_combo":1,"minecraft:cherry_trapdoor":24,"minecraft:grass_block":1094,"regions_unexplored:mauve_door":3,"minecraft:polished_diorite":62,"regions_unexplored:argillite_grass_block":5,"minecraft:iron_ore":109,"bakery:brick_stove":1,"regions_unexplored:purple_lupine":2,"graveyard:upper_bone_staff":1,"minecraft:dark_oak_stairs":37,"regions_unexplored:blackwood_wall_sign":4,"minecraft:azalea":2,"minecraft:deepslate_redstone_ore":13,"regions_unexplored:willow_log":1,"regions_unexplored:mauve_slab":11,"minecraft:clay":30,"minecraft:calcite":6,"minecraft:poppy":3,"handcrafted:tropical_fish_trophy":1,"minecraft:chest":9,"minecraft:cobblestone":14,"minecraft:prismarine":2,"minecraft:oak_planks":11,"regions_unexplored:bamboo_log":1,"minecraft:wall_torch":29,"minecraft:dark_oak_slab":12,"minecraft:birch_log":14,"candlelight:tool_rack":5,"herbalbrews:jug":1,"regions_unexplored:mauve_planks":105,"regions_unexplored:mauve_leaves":54,"minecraft:oak_log":17,"regions_unexplored:peat_dirt":10,"minecraft:sand":13,"minecraft:dirt":1592,"minecraft:oak_leaves":23,"minecraft:diamond_ore":2,"minecraft:tuff":18,"minecraft:deepslate_diamond_ore":26,"regions_unexplored:pink_lupine":2,"candlelight:cherry_drawer":3,"minecraft:glow_lichen":1,"regions_unexplored:mauve_trapdoor":30,"bakery:crafting_bowl":4,"minecraft:hay_block":20,"minecraft:spore_blossom":1,"minecraft:oak_trapdoor":9,"minecraft:furnace":51,"regions_unexplored:cypress_sapling":4,"regions_unexplored:blackwood_stairs":71,"minecraft:deepslate_iron_ore":167,"minecraft:lantern":8,"minecraft:stripped_oak_log":3,"meadow:woodcutter":1,"regions_unexplored:medium_grass":2,"minecraft:stone":1719,"minecraft:cherry_stairs":11,"regions_unexplored:blackwood_fence_gate":18,"minecraft:flowering_azalea":8,"regions_unexplored:blackwood_slab":36,"minecraft:stripped_dark_oak_log":138,"minecraft:basalt":1,"minecraft:crafting_table":22,"minecraft:lectern":2,"minecraft:deepslate_coal_ore":6,"minecraft:lapis_ore":5,"supplementaries:urn":86,"minecraft:prismarine_bricks":2,"minecraft:black_wall_banner":1,"minecraft:white_wall_banner":1,"minecraft:bee_nest":14,"minecraft:coal_ore":111,"candlelight:cooking_pot":1,"candlelight:glass":1,"meadow:fondue":1,"minecraft:cracked_stone_bricks":2,"regions_unexplored:blackwood_leaves":1,"minecraft:mossy_stone_bricks":2},"minecraft:used":{"minecraft:moss_block":1,"handcrafted:wood_bowl":9,"minecraft:chest":94,"minecraft:stone":1,"regions_unexplored:argillite":14,"regions_unexplored:mauve_sapling":46,"regions_unexplored:mauve_slab":658,"minecraft:snowball":1,"bakery:cupcake_display":5,"regions_unexplored:willow_stairs":103,"minecraft:dark_oak_slab":87,"minecraft:stone_brick_stairs":190,"minecraft:bow":6,"minecraft:furnace":56,"minecraft:oak_sapling":10,"minecraft:cooked_cod":3,"bakery:crafting_bowl":5,"minecraft:potato":3,"minecraft:diorite":17,"minecraft:wooden_pickaxe":143,"bakery:cake_stand":2,"beautify:lamp_bamboo":3,"naturalist:duck_egg":1,"minecraft:golden_apple":1,"minecraft:dark_oak_trapdoor":39,"regions_unexplored:redwood_planks":4,"minecraft:blast_furnace":12,"minecraft:lightning_rod":3,"bakery:wall_cabinet":5,"regions_unexplored:blackwood_planks":200,"minecraft:diamond_sword":217,"graveyard:upper_bone_staff":1,"minecraft:smithing_table":1,"minecraft:birch_log":2,"bakery:jar":1,"meadow:fondue":2,"minecraft:oak_trapdoor":51,"minecraft:enchanting_table":1,"minecraft:stick":1,"minecraft:torch":260,"minecraft:anvil":1,"regions_unexplored:blackwood_sign":44,"regions_unexplored:clover":1,"minecraft:polished_diorite":531,"handcrafted:cherry_nightstand":6,"minecraft:iron_axe":80,"minecraft:cherry_slab":2,"regions_unexplored:cypress_sapling":1,"minecraft:barrel":72,"minecraft:smooth_basalt":4,"regions_unexplored:mauve_leaves":32,"minecraft:cobbled_deepslate":196,"minecraft:cherry_log":39,"meadow:patched_wool":1,"minecraft:water_bucket":60,"regions_unexplored:mauve_door":4,"minecraft:birch_planks":27,"minecraft:oak_slab":10,"minecraft:crafting_table":31,"minecraft:red_bed":3,"minecraft:white_bed":3,"minecraft:diamond_pickaxe":1456,"minecraft:suspicious_stew":2,"minecraft:iron_pickaxe":2074,"bakery:tray":2,"minecraft:cobblestone":309,"minecraft:cooked_porkchop":5,"bakery:brick_stove":3,"minecraft:moss_carpet":2,"minecraft:iron_shovel":2808,"regions_unexplored:blackwood_stairs":239,"candlelight:glass":8,"minecraft:shield":52,"minecraft:iron_sword":243,"minecraft:iron_chestplate":1,"minecraft:axolotl_bucket":6,"regions_unexplored:pine_stairs":3,"minecraft:lantern":9,"candlelight:cherry_chair":16,"minecraft:iron_helmet":1,"herbalbrews:cauldron":1,"regions_unexplored:willow_sapling":1,"minecraft:stone_bricks":745,"meadow:cheese_form":4,"exposure:photograph_frame":3,"minecraft:magma_block":1,"minecraft:polished_diorite_stairs":34,"handcrafted:wood_plate":16,"minecraft:dark_oak_sapling":11,"minecraft:dark_oak_stairs":214,"naturalist:cooked_egg":6,"minecraft:stone_pickaxe":380,"minecraft:oak_planks":90,"minecraft:diamond_axe":702,"minecraft:sugar_cane":1,"regions_unexplored:cypress_stairs":18,"minecraft:black_banner":1,"bakery:kitchen_sink":3,"regions_unexplored:mauve_planks":645,"minecraft:dripstone_block":1,"minecraft:shears":49,"candlelight:cherry_table":12,"regions_unexplored:blackwood_sapling":4,"minecraft:bread":112,"candlelight:cherry_drawer":5,"regions_unexplored:mauve_fence":65,"minecraft:gravel":4,"herbalbrews:jug":5,"minecraft:andesite":40,"minecraft:chain":14,"handcrafted:tropical_fish_trophy":2,"regions_unexplored:blackwood_fence_gate":134,"minecraft:bone_meal":296,"herbalbrews:copper_tea_kettle":3,"minecraft:azalea":1,"minecraft:oak_fence":1,"minecraft:wooden_shovel":22,"minecraft:dirt":2638,"handcrafted:wood_crockery_combo":4,"minecraft:granite":8,"minecraft:stone_brick_slab":3,"minecraft:wooden_axe":8,"minecraft:dark_oak_planks":126,"minecraft:bookshelf":7,"minecraft:oak_stairs":215,"minecraft:cherry_trapdoor":143,"minecraft:iron_boots":1,"minecraft:cooked_beef":12,"candlelight:cooking_pot":1,"minecraft:cooked_mutton":3,"bakery:apple_jam":1,"minecraft:baked_potato":124,"meadow:woodcutter":2,"regions_unexplored:peat_dirt":7,"minecraft:stonecutter":3,"minecraft:stripped_dark_oak_log":715,"bakery:small_cooking_pot":7,"regions_unexplored:blackwood_trapdoor":20,"minecraft:smoker":2,"regions_unexplored:blackwood_slab":283,"minecraft:apple":27,"comforts:sleeping_bag_gray":14,"minecraft:stone_axe":13,"minecraft:cherry_stairs":14,"minecraft:white_banner":1,"minecraft:bucket":69,"regions_unexplored:mauve_trapdoor":122,"candlelight:tool_rack":8},"minecraft:dropped":{"minecraft:glow_ink_sac":10,"minecraft:diamond":3,"minecraft:spore_blossom":1,"minecraft:crafting_table":1,"minecraft:cracked_stone_bricks":1,"minecraft:dirt":24,"minecraft:red_bed":1,"supplementaries:rope":9,"minecraft:dark_oak_trapdoor":1,"minecraft:gold_nugget":7,"minecraft:iron_pickaxe":2,"minecraft:dark_oak_planks":8,"regions_unexplored:mauve_sapling":25,"minecraft:bone":4,"minecraft:stone_axe":1,"minecraft:iron_nugget":5,"minecraft:cobbled_deepslate":12,"minecraft:birch_sapling":1,"minecraft:rotten_flesh":14,"minecraft:oak_planks":5,"supplementaries:flax_seeds":12,"regions_unexplored:cypress_planks":1,"minecraft:golden_boots":1,"minecraft:iron_ingot":10,"minecraft:wheat_seeds":9,"minecraft:feather":1,"minecraft:iron_helmet":1,"minecraft:cobblestone":145,"minecraft:prismarine_crystals":4,"minecraft:apple":20,"minecraft:granite":1,"medievalweapons:long_bow":1,"regions_unexplored:argillite":50,"minecraft:coal":19,"minecraft:golden_apple":1,"minecraft:wooden_axe":1,"regions_unexplored:dusktrap":2,"regions_unexplored:purple_lupine":2,"minecraft:cherry_planks":10,"minecraft:pumpkin":1,"minecraft:string":4,"minecraft:bowl":2,"regions_unexplored:clover":32,"minecraft:clay_ball":20,"regions_unexplored:mauve_log":1,"supplementaries:quiver":1,"regions_unexplored:pine_stairs":1,"minecraft:wooden_shovel":1,"minecraft:spider_eye":3,"minecraft:magma_block":1,"regions_unexplored:blue_lupine":4,"minecraft:birch_planks":1,"minecraft:baked_potato":5,"minecraft:dark_oak_sapling":5,"minecraft:lantern":1,"minecraft:leather":19,"minecraft:flint":1,"minecraft:mutton":1,"handcrafted:tropical_fish_trophy":1,"minecraft:axolotl_bucket":1,"naturalist:cooked_egg":12,"minecraft:gravel":3,"minecraft:cherry_stairs":1,"regions_unexplored:stripped_magnolia_log":1,"minecraft:carrot":25,"minecraft:poppy":3,"minecraft:leather_chestplate":1,"supplementaries:ash":72,"regions_unexplored:peat_dirt":1,"minecraft:gunpowder":5,"minecraft:azalea":2,"minecraft:basalt":1,"minecraft:arrow":21,"minecraft:bread":93,"minecraft:cherry_log":80,"minecraft:mossy_cobblestone":1,"minecraft:poisonous_potato":2,"minecraft:lead":2,"regions_unexplored:mauve_slab":2,"minecraft:stick":44,"minecraft:diorite":21,"minecraft:zombie_head":1,"regions_unexplored:blackwood_planks":33,"minecraft:flowering_azalea":8,"minecraft:redstone":22,"regions_unexplored:pine_planks":58,"minecraft:oak_trapdoor":18,"minecraft:tuff":5,"regions_unexplored:mauve_planks":4,"regions_unexplored:pink_lupine":2,"supplementaries:rope_arrow":2,"minecraft:andesite":19,"minecraft:oak_sapling":1,"minecraft:stone_pickaxe":5,"minecraft:wooden_pickaxe":3},"minecraft:broken":{"minecraft:iron_boots":1,"minecraft:iron_chestplate":1,"minecraft:iron_leggings":1,"minecraft:iron_sword":1,"minecraft:leather_helmet":1,"minecraft:wooden_pickaxe":1,"minecraft:shield":1,"minecraft:iron_axe":4,"minecraft:iron_pickaxe":8,"minecraft:iron_helmet":1,"minecraft:iron_shovel":11,"minecraft:leather_leggings":1,"minecraft:stone_pickaxe":1,"minecraft:diamond_axe":1},"minecraft:killed_by":{"minecraft:zombie":2,"naturalist:hippo":2,"minecraft:creeper":5,"minecraft:drowned":1,"graveyard:skeleton_creeper":3,"minecraft:cave_spider":1,"minecraft:player":1,"minecraft:spider":1,"creeperoverhaul:dripstone_creeper":1,"minecraft:bee":1,"minecraft:skeleton":6},"minecraft:picked_up":{"handcrafted:wood_plate":14,"regions_unexplored:mauve_door":5,"minecraft:lead":4,"minecraft:oak_stairs":26,"minecraft:enchanted_book":1,"minecraft:amethyst_block":4,"beautify:lamp_bamboo":2,"minecraft:dark_oak_trapdoor":11,"minecraft:string":24,"minecraft:cobbled_deepslate":546,"minecraft:gold_nugget":24,"regions_unexplored:pine_log":36,"bakery:brick_stove":1,"regions_unexplored:blackwood_planks":225,"exposure:photograph_frame":3,"bakery:small_cooking_pot":6,"minecraft:lightning_rod":2,"minecraft:cherry_log":411,"minecraft:tropical_fish":8,"supplementaries:ash":184,"supplementaries:quiver":2,"regions_unexplored:blackwood_slab":51,"minecraft:snowball":1,"minecraft:birch_log":83,"minecraft:magma_block":2,"minecraft:cooked_beef":8,"minecraft:water_bucket":1,"minecraft:jungle_log":19,"bakery:crafting_bowl":4,"minecraft:flint":2,"candlelight:tool_rack":8,"minecraft:lantern":10,"minecraft:stonecutter":2,"minecraft:diamond_helmet":1,"minecraft:moss_block":25,"regions_unexplored:bamboo_log":13,"regions_unexplored:pine_sapling":6,"regions_unexplored:cypress_sapling":17,"naturalist:duck_egg":1,"minecraft:dark_oak_log":834,"minecraft:barrel":22,"regions_unexplored:pink_lupine":2,"regions_unexplored:cypress_log":105,"regions_unexplored:clover":33,"minecraft:granite":82,"regions_unexplored:willow_log":79,"minecraft:bread":34,"minecraft:cherry_slab":1,"minecraft:crafting_table":23,"minecraft:clay_ball":128,"minecraft:orange_banner":1,"minecraft:red_bed":4,"minecraft:cracked_stone_bricks":2,"minecraft:beef":4,"handcrafted:wood_bowl":6,"minecraft:jungle_sapling":1,"minecraft:iron_nugget":57,"minecraft:poppy":3,"minecraft:chest":10,"supplementaries:rope":9,"minecraft:birch_sapling":21,"minecraft:egg":5,"minecraft:stone":1,"minecraft:fire_charge":1,"minecraft:redstone":105,"minecraft:carrot":25,"regions_unexplored:dusktrap":2,"regions_unexplored:mauve_sapling":368,"minecraft:hay_block":19,"regions_unexplored:purple_lupine":2,"minecraft:stripped_oak_log":3,"regions_unexplored:blackwood_fence_gate":17,"regions_unexplored:mauve_slab":22,"minecraft:oak_log":252,"minecraft:golden_boots":1,"naturalist:cooked_egg":18,"regions_unexplored:stripped_magnolia_log":1,"minecraft:white_banner":1,"minecraft:apple":45,"minecraft:stone_bricks":45,"minecraft:spore_blossom":1,"minecraft:stone_pickaxe":1,"candlelight:tomato":24,"handcrafted:tropical_fish_trophy":1,"herbalbrews:cauldron":1,"minecraft:flowering_azalea":8,"minecraft:dark_oak_stairs":37,"minecraft:smooth_basalt":4,"minecraft:dark_oak_slab":118,"medievalweapons:long_bow":1,"minecraft:gravel":12,"regions_unexplored:blackwood_trapdoor":4,"minecraft:slime_ball":4,"minecraft:polished_diorite":59,"candlelight:cherry_drawer":3,"minecraft:baked_potato":22,"minecraft:stripped_dark_oak_log":188,"minecraft:mangrove_propagule":2,"handcrafted:wood_crockery_combo":2,"minecraft:stone_brick_stairs":68,"minecraft:raw_copper":26,"minecraft:iron_leggings":1,"minecraft:zombie_head":1,"regions_unexplored:bamboo_sapling":2,"minecraft:smooth_stone":1,"minecraft:calcite":8,"minecraft:azalea":3,"minecraft:iron_pickaxe":2,"regions_unexplored:blackwood_log":375,"minecraft:furnace":56,"regions_unexplored:redwood_log":1,"minecraft:stick":457,"regions_unexplored:blackwood_sign":4,"meadow:cheese_form":3,"regions_unexplored:mauve_trapdoor":30,"minecraft:torch":150,"minecraft:porkchop":10,"minecraft:diorite":623,"regions_unexplored:blackwood_fence":48,"regions_unexplored:argillite":104,"minecraft:rotten_flesh":64,"regions_unexplored:mauve_log":477,"supplementaries:antique_ink":13,"bakery:cake_stand":2,"handcrafted:cherry_nightstand":2,"more_armor_trims:nihility_armor_trim_smithing_template":2,"minecraft:obsidian":15,"minecraft:cobblestone":1818,"bakery:kitchen_sink":2,"minecraft:cherry_planks":18,"minecraft:andesite":87,"minecraft:tuff":21,"minecraft:prismarine_bricks":1,"supplementaries:flax_seeds":13,"minecraft:dirt":2803,"minecraft:lapis_lazuli":62,"regions_unexplored:blackwood_stairs":71,"minecraft:bone":158,"minecraft:bow":2,"minecraft:wheat_seeds":12,"minecraft:raw_gold":53,"regions_unexplored:mauve_leaves":49,"minecraft:bamboo":35,"minecraft:mossy_stone_bricks":2,"minecraft:prismarine":2,"minecraft:oak_planks":11,"regions_unexplored:pine_planks":1,"minecraft:sand":13,"herbalbrews:copper_tea_kettle":2,"minecraft:grass_block":1,"candlelight:cooking_pot":1,"minecraft:mossy_cobblestone":1,"minecraft:dark_prismarine":7,"regions_unexplored:mauve_planks":136,"graveyard:upper_bone_staff":1,"minecraft:diamond":30,"bakery:wall_cabinet":1,"bakery:tray":1,"minecraft:bone_meal":24,"minecraft:golden_apple":2,"minecraft:emerald":10,"minecraft:oak_sapling":96,"minecraft:charcoal":3,"minecraft:wooden_pickaxe":1,"minecraft:chain":1,"minecraft:moss_carpet":2,"minecraft:oak_trapdoor":26,"minecraft:orange_concrete":1,"regions_unexplored:willow_stairs":46,"regions_unexplored:mauve_fence":7,"minecraft:dark_prismarine_stairs":1,"candlelight:tomato_seeds":4,"minecraft:lectern":2,"minecraft:sugar_cane":8,"minecraft:cherry_trapdoor":26,"minecraft:dark_oak_sapling":76,"minecraft:raw_iron":273,"minecraft:cherry_stairs":11,"exposure:photograph":2,"regions_unexplored:blue_lupine":4,"minecraft:dark_oak_planks":28,"minecraft:arrow":26,"minecraft:black_banner":1,"regions_unexplored:peat_dirt":18,"minecraft:basalt":1,"minecraft:glow_ink_sac":10,"minecraft:leather":16,"minecraft:birch_planks":1,"minecraft:gunpowder":4,"meadow:fondue":1,"minecraft:iron_ingot":5,"meadow:patched_wool":1,"comforts:sleeping_bag_gray":15,"minecraft:oak_slab":2,"meadow:woodcutter":1,"regions_unexplored:willow_sapling":47,"minecraft:stone_brick_slab":2,"minecraft:dripstone_block":1,"bakery:jar":2,"minecraft:white_bed":2,"bakery:cupcake_display":5,"minecraft:spider_eye":3,"minecraft:polished_diorite_stairs":12,"regions_unexplored:blackwood_sapling":148,"minecraft:cherry_sapling":136,"minecraft:coal":215},"minecraft:custom":{"minecraft:interact_with_crafting_table":271,"minecraft:open_barrel":16,"minecraft:leave_game":23,"minecraft:time_since_death":19139,"minecraft:damage_blocked_by_shield":2880,"minecraft:play_time":1182636,"minecraft:deaths":34,"minecraft:jump":16465,"minecraft:interact_with_furnace":510,"minecraft:sleep_in_bed":22,"minecraft:damage_dealt":23927,"minecraft:interact_with_smoker":7,"minecraft:horse_one_cm":516923,"minecraft:sneak_time":170527,"minecraft:interact_with_blast_furnace":42,"minecraft:total_world_time":1182636,"minecraft:interact_with_stonecutter":45,"minecraft:time_since_rest":19167,"minecraft:swim_one_cm":295725,"minecraft:fly_one_cm":2956231,"minecraft:open_chest":996,"minecraft:fall_one_cm":421469,"minecraft:sprint_one_cm":2349307,"minecraft:drop":207,"minecraft:walk_on_water_one_cm":105555,"minecraft:crouch_one_cm":598811,"minecraft:mob_kills":131,"minecraft:climb_one_cm":7356,"minecraft:walk_one_cm":2542874,"minecraft:walk_under_water_one_cm":89112,"minecraft:boat_one_cm":19663,"minecraft:damage_taken":21711,"minecraft:damage_absorbed":1470}},"DataVersion":3465}