{"stats":{"minecraft:crafted":{"minecraft:crafting_table":1,"minecraft:stick":12,"minecraft:iron_pickaxe":1,"minecraft:wooden_pickaxe":1,"minecraft:wooden_axe":1,"minecraft:torch":16,"minecraft:birch_planks":48,"minecraft:bread":1},"minecraft:mined":{"minecraft:dark_oak_planks":2,"minecraft:prismarine_bricks":2,"minecraft:dark_prismarine_stairs":1,"minecraft:dark_prismarine":7,"minecraft:orange_concrete":1,"minecraft:red_bed":2,"minecraft:birch_log":12,"regions_unexplored:dusktrap":1,"minecraft:clay":1,"minecraft:birch_leaves":1,"minecraft:crafting_table":1,"minecraft:grass_block":1,"minecraft:coal_ore":33,"regions_unexplored:blackwood_leaves":1,"minecraft:stone":93,"minecraft:prismarine":2,"regions_unexplored:argillite":7,"minecraft:diorite":1,"minecraft:fern":1,"minecraft:spawner":1},"minecraft:used":{"minecraft:dark_oak_planks":1,"minecraft:wooden_axe":6,"minecraft:birch_planks":14,"minecraft:bread":5,"minecraft:iron_pickaxe":136,"minecraft:suspicious_stew":2,"minecraft:wooden_pickaxe":14,"minecraft:dirt":1,"minecraft:cobblestone":6,"minecraft:crafting_table":2,"minecraft:potato":3},"minecraft:dropped":{"minecraft:red_bed":1,"minecraft:mutton":1,"minecraft:bowl":2,"minecraft:poisonous_potato":2,"minecraft:dark_oak_sapling":5,"minecraft:birch_sapling":1,"minecraft:feather":1,"minecraft:rotten_flesh":13,"minecraft:prismarine_crystals":4,"minecraft:pumpkin":1,"minecraft:arrow":4,"minecraft:wooden_pickaxe":1,"minecraft:string":4,"minecraft:stick":2,"minecraft:bread":41},"minecraft:killed_by":{"minecraft:drowned":1},"minecraft:picked_up":{"minecraft:birch_log":12,"minecraft:crafting_table":1,"minecraft:clay_ball":4,"minecraft:prismarine_bricks":1,"minecraft:diorite":1,"minecraft:red_bed":2,"minecraft:dirt":1,"minecraft:dark_oak_planks":2,"minecraft:dark_prismarine":7,"minecraft:orange_concrete":1,"regions_unexplored:dusktrap":1,"regions_unexplored:argillite":7,"minecraft:arrow":2,"minecraft:dark_prismarine_stairs":1,"minecraft:coal":33,"minecraft:prismarine":2,"minecraft:birch_sapling":1,"minecraft:cobblestone":93},"minecraft:custom":{"minecraft:time_since_rest":14254,"minecraft:sprint_one_cm":53057,"minecraft:damage_taken":690,"minecraft:walk_one_cm":32705,"minecraft:drop":18,"minecraft:swim_one_cm":52036,"minecraft:interact_with_crafting_table":5,"minecraft:fly_one_cm":59629,"minecraft:open_chest":33,"minecraft:crouch_one_cm":3880,"minecraft:play_time":24288,"minecraft:deaths":1,"minecraft:sneak_time":2245,"minecraft:walk_under_water_one_cm":5624,"minecraft:jump":289,"minecraft:leave_game":1,"minecraft:walk_on_water_one_cm":5634,"minecraft:time_since_death":14208,"minecraft:climb_one_cm":2211,"minecraft:total_world_time":24288,"minecraft:fall_one_cm":7075}},"DataVersion":3465}