{"stats":{"minecraft:crafted":{"minecraft:wooden_sword":1,"regions_unexplored:blackwood_planks":28,"minecraft:oak_planks":72,"inmis:gilded_backpack":1,"minecraft:furnace":2,"minecraft:iron_boots":1,"minecraft:leather":19,"minecraft:stone_pickaxe":4,"minecraft:chest":3,"minecraft:dark_oak_planks":48,"minecraft:cooked_cod":3,"minecraft:wooden_shovel":2,"minecraft:cooked_porkchop":3,"minecraft:crafting_table":4,"minecraft:wooden_pickaxe":7,"minecraft:iron_sword":1,"minecraft:birch_planks":48,"minecraft:stone_axe":1,"minecraft:bread":1,"minecraft:air":0,"minecraft:iron_chestplate":1,"inmis:plated_backpack":1,"minecraft:stick":64,"minecraft:iron_ingot":37,"minecraft:iron_pickaxe":3,"minecraft:wooden_axe":3,"minecraft:iron_shovel":1,"minecraft:gold_ingot":5,"inmis:frayed_backpack":1,"minecraft:torch":24},"minecraft:killed":{"minecraft:spider":1,"naturalist:boar":1,"minecraft:zombie":20},"minecraft:mined":{"minecraft:dark_oak_planks":2,"minecraft:dark_prismarine_stairs":1,"minecraft:dark_prismarine":7,"minecraft:oak_sapling":1,"minecraft:deepslate_diamond_ore":5,"regions_unexplored:dusktrap":2,"minecraft:dark_oak_log":12,"minecraft:granite":19,"minecraft:grass_block":97,"regions_unexplored:argillite_grass_block":2,"minecraft:spawner":2,"minecraft:orange_concrete":1,"regions_unexplored:argillite":76,"minecraft:furnace":2,"minecraft:iron_ore":13,"minecraft:cobbled_deepslate":1,"minecraft:andesite":30,"minecraft:deepslate_lapis_ore":1,"minecraft:deepslate_iron_ore":31,"minecraft:stone":431,"minecraft:red_bed":4,"minecraft:basalt":1,"minecraft:crafting_table":5,"minecraft:clay":7,"minecraft:torch":1,"regions_unexplored:bladed_tall_grass":1,"regions_unexplored:peat_grass_block":3,"regions_unexplored:blackwood_log":7,"minecraft:cobblestone":7,"minecraft:prismarine":2,"minecraft:diorite":35,"supplementaries:urn":1,"minecraft:prismarine_bricks":2,"minecraft:birch_log":12,"minecraft:birch_leaves":1,"minecraft:grass":5,"minecraft:oak_log":6,"minecraft:coal_ore":38,"regions_unexplored:peat_dirt":7,"minecraft:gravel":4,"minecraft:dripstone_block":1,"minecraft:dirt":60,"regions_unexplored:blackwood_leaves":1,"minecraft:oak_leaves":2,"minecraft:deepslate":99,"minecraft:fern":1},"minecraft:used":{"minecraft:iron_shovel":138,"minecraft:chest":2,"minecraft:iron_sword":104,"minecraft:wooden_shovel":22,"minecraft:stick":1,"minecraft:torch":23,"minecraft:dirt":17,"regions_unexplored:argillite":14,"regions_unexplored:clover":1,"minecraft:granite":6,"minecraft:dark_oak_planks":1,"minecraft:wooden_axe":8,"minecraft:furnace":4,"minecraft:cooked_cod":3,"minecraft:potato":3,"minecraft:cobbled_deepslate":63,"minecraft:diorite":15,"minecraft:birch_planks":27,"minecraft:stone_pickaxe":265,"regions_unexplored:peat_dirt":7,"minecraft:wooden_pickaxe":91,"minecraft:crafting_table":8,"minecraft:red_bed":3,"minecraft:dripstone_block":1,"minecraft:bread":20,"minecraft:iron_pickaxe":472,"minecraft:suspicious_stew":2,"minecraft:stone_axe":7,"minecraft:cobblestone":209,"minecraft:andesite":12},"minecraft:dropped":{"minecraft:bread":68,"minecraft:wheat_seeds":2,"minecraft:dark_oak_sapling":5,"minecraft:poisonous_potato":2,"minecraft:feather":1,"minecraft:cobblestone":84,"minecraft:prismarine_crystals":4,"medievalweapons:long_bow":1,"regions_unexplored:argillite":50,"minecraft:stick":3,"minecraft:dirt":12,"minecraft:red_bed":1,"minecraft:diorite":12,"minecraft:mutton":1,"minecraft:wooden_axe":1,"regions_unexplored:dusktrap":2,"minecraft:gold_nugget":1,"minecraft:pumpkin":1,"minecraft:iron_pickaxe":1,"minecraft:string":4,"minecraft:dark_oak_planks":8,"minecraft:cobbled_deepslate":12,"minecraft:bowl":2,"minecraft:birch_sapling":1,"minecraft:rotten_flesh":13,"regions_unexplored:clover":4,"minecraft:clay_ball":20,"minecraft:leather_chestplate":1,"regions_unexplored:peat_dirt":1,"minecraft:andesite":11,"minecraft:wooden_shovel":1,"minecraft:basalt":1,"minecraft:arrow":4,"minecraft:wooden_pickaxe":2,"minecraft:stone_pickaxe":1,"regions_unexplored:blue_lupine":1},"minecraft:broken":{"minecraft:wooden_pickaxe":1,"minecraft:stone_pickaxe":1,"minecraft:iron_pickaxe":1},"minecraft:killed_by":{"minecraft:drowned":1,"minecraft:skeleton":4,"minecraft:zombie":1},"minecraft:picked_up":{"minecraft:crafting_table":5,"minecraft:clay_ball":28,"minecraft:string":1,"minecraft:red_bed":4,"minecraft:orange_concrete":1,"minecraft:cobbled_deepslate":83,"minecraft:dark_prismarine_stairs":1,"minecraft:iron_pickaxe":1,"minecraft:birch_sapling":1,"regions_unexplored:blackwood_log":7,"minecraft:furnace":2,"minecraft:stick":7,"minecraft:raw_iron":44,"minecraft:torch":2,"regions_unexplored:blue_lupine":1,"minecraft:porkchop":2,"minecraft:diorite":34,"minecraft:dark_oak_planks":2,"regions_unexplored:argillite":68,"regions_unexplored:dusktrap":2,"minecraft:arrow":2,"minecraft:rotten_flesh":12,"supplementaries:ash":6,"minecraft:cobblestone":437,"minecraft:birch_log":12,"regions_unexplored:peat_dirt":10,"minecraft:basalt":1,"minecraft:andesite":30,"minecraft:leather":1,"minecraft:flint":1,"minecraft:oak_log":43,"minecraft:prismarine_bricks":1,"minecraft:lapis_lazuli":9,"minecraft:dirt":169,"minecraft:apple":4,"minecraft:wheat_seeds":2,"minecraft:raw_gold":2,"minecraft:iron_ingot":1,"minecraft:prismarine":2,"medievalweapons:long_bow":1,"minecraft:dripstone_block":1,"minecraft:gravel":3,"minecraft:dark_oak_log":12,"minecraft:dark_prismarine":7,"minecraft:diamond":5,"regions_unexplored:clover":5,"minecraft:granite":19,"minecraft:bread":18,"minecraft:oak_sapling":8,"minecraft:coal":42},"minecraft:custom":{"minecraft:mob_kills":22,"minecraft:interact_with_crafting_table":39,"minecraft:leave_game":1,"minecraft:time_since_death":33274,"minecraft:climb_one_cm":2211,"minecraft:sprint_one_cm":175196,"minecraft:walk_one_cm":139431,"minecraft:drop":63,"minecraft:play_time":108288,"minecraft:deaths":8,"minecraft:sneak_time":17358,"minecraft:walk_under_water_one_cm":7529,"minecraft:jump":1494,"minecraft:walk_on_water_one_cm":11404,"minecraft:total_world_time":108288,"minecraft:interact_with_furnace":33,"minecraft:sleep_in_bed":4,"minecraft:time_since_rest":23213,"minecraft:damage_taken":3261,"minecraft:damage_dealt":4986,"minecraft:swim_one_cm":52243,"minecraft:fly_one_cm":241312,"minecraft:open_chest":55,"minecraft:crouch_one_cm":38593,"minecraft:fall_one_cm":54424}},"DataVersion":3465}