{"stats":{"minecraft:crafted":{"minecraft:brick":6,"minecraft:smooth_stone":46,"minecraft:oak_planks":850,"regions_unexplored:mauve_slab":824,"minecraft:barrel":52,"minecraft:cherry_slab":6,"minecraft:chain":17,"regions_unexplored:mauve_fence":66,"minecraft:lightning_rod":1,"minecraft:stone":961,"regions_unexplored:blackwood_sign":48,"bakery:cupcake_display":2,"minecraft:cooked_mutton":3,"minecraft:iron_boots":2,"regions_unexplored:blackwood_trapdoor":50,"bakery:rolling_pin":2,"minecraft:chest":88,"regions_unexplored:blackwood_slab":252,"regions_unexplored:willow_planks":228,"minecraft:bricks":1,"regions_unexplored:mauve_trapdoor":143,"minecraft:oak_fence":3,"minecraft:smoker":2,"minecraft:oak_slab":24,"minecraft:wooden_shovel":2,"minecraft:cooked_porkchop":5,"minecraft:diamond_axe":2,"minecraft:crafting_table":11,"minecraft:iron_helmet":3,"minecraft:wooden_pickaxe":9,"minecraft:baked_potato":119,"minecraft:smithing_table":1,"minecraft:birch_planks":52,"regions_unexplored:mauve_door":3,"minecraft:book":24,"minecraft:dark_oak_slab":234,"minecraft:iron_chestplate":2,"minecraft:diamond_pickaxe":2,"minecraft:charcoal":117,"inmis:plated_backpack":1,"minecraft:shield":1,"minecraft:stick":720,"minecraft:iron_pickaxe":8,"minecraft:iron_ingot":284,"minecraft:iron_block":3,"minecraft:gold_ingot":35,"inmis:frayed_backpack":1,"minecraft:shears":1,"minecraft:cherry_planks":444,"minecraft:wooden_sword":1,"regions_unexplored:blackwood_planks":1500,"minecraft:iron_nugget":99,"regions_unexplored:cypress_planks":272,"inmis:gilded_backpack":1,"minecraft:furnace":19,"minecraft:blast_furnace":12,"minecraft:dark_oak_trapdoor":30,"inmis:bejeweled_backpack":1,"minecraft:bone_meal":336,"minecraft:oak_trapdoor":52,"regions_unexplored:pine_stairs":4,"regions_unexplored:blackwood_fence_gate":164,"regions_unexplored:blackwood_stairs":192,"minecraft:cherry_trapdoor":130,"regions_unexplored:cypress_stairs":40,"bakery:small_cooking_pot":2,"minecraft:polished_diorite":4,"regions_unexplored:mauve_planks":1804,"minecraft:leather":54,"minecraft:iron_axe":5,"minecraft:cherry_stairs":8,"minecraft:stone_pickaxe":7,"regions_unexplored:blackwood_fence":48,"minecraft:dark_oak_planks":1012,"minecraft:wheat":99,"minecraft:cooked_beef":4,"minecraft:cooked_cod":3,"meadow:woodcutter":1,"minecraft:diamond_sword":1,"minecraft:dark_oak_stairs":192,"minecraft:enchanting_table":1,"minecraft:iron_sword":1,"regions_unexplored:willow_stairs":152,"minecraft:bucket":3,"minecraft:stone_axe":1,"minecraft:bread":35,"minecraft:air":0,"minecraft:jungle_planks":12,"candlelight:cherry_drawer":2,"regions_unexplored:redwood_planks":4,"regions_unexplored:pine_planks":144,"minecraft:white_wool":3,"minecraft:oak_stairs":228,"minecraft:wooden_axe":3,"minecraft:iron_shovel":11,"minecraft:iron_leggings":1,"minecraft:stonecutter":1,"minecraft:anvil":1,"minecraft:white_bed":1,"minecraft:torch":144,"candlelight:tool_rack":3,"bakery:bread_knife":2},"minecraft:killed":{"minecraft:spider":13,"naturalist:boar":1,"minecraft:skeleton":20,"minecraft:bee":8,"minecraft:skeleton_horse":1,"minecraft:pig":4,"minecraft:zombie_villager":1,"minecraft:creeper":3,"minecraft:pillager":1,"minecraft:zombie":55,"minecraft:glow_squid":1,"minecraft:cow":2,"minecraft:slime":12,"minecraft:phantom":1,"graveyard:ghoul":1,"minecraft:enderman":1},"minecraft:mined":{"minecraft:dark_oak_planks":30,"minecraft:dark_prismarine_stairs":1,"bakery:cupcake_display":3,"minecraft:oak_sapling":13,"minecraft:white_bed":1,"regions_unexplored:blue_lupine":5,"minecraft:cherry_log":10,"minecraft:obsidian":15,"minecraft:cherry_trapdoor":23,"minecraft:granite":52,"meadow:patched_wool":1,"minecraft:grass_block":1092,"regions_unexplored:willow_sapling":1,"regions_unexplored:mauve_door":3,"minecraft:polished_diorite":62,"regions_unexplored:argillite_grass_block":5,"minecraft:spawner":7,"minecraft:orange_concrete":1,"regions_unexplored:mauve_fence":7,"minecraft:magma_block":2,"regions_unexplored:magnolia_stairs":1,"minecraft:dark_oak_trapdoor":10,"minecraft:iron_ore":109,"minecraft:barrel":22,"minecraft:cobbled_deepslate":24,"regions_unexplored:purple_lupine":2,"graveyard:upper_bone_staff":1,"minecraft:deepslate_lapis_ore":4,"minecraft:dark_oak_stairs":36,"minecraft:cave_vines":1,"regions_unexplored:blackwood_wall_sign":4,"minecraft:dirt_path":27,"amendments:wall_lantern":2,"minecraft:oak_stairs":27,"minecraft:azalea":2,"regions_unexplored:mauve_sapling":35,"minecraft:deepslate_redstone_ore":13,"minecraft:red_bed":4,"regions_unexplored:willow_log":1,"regions_unexplored:white_magnolia_leaves":1,"regions_unexplored:mauve_slab":11,"minecraft:clay":13,"minecraft:torch":11,"regions_unexplored:bladed_tall_grass":1,"regions_unexplored:peat_grass_block":4,"minecraft:calcite":6,"minecraft:poppy":3,"minecraft:chest":9,"minecraft:cobblestone":14,"minecraft:oak_planks":11,"minecraft:sugar_cane":7,"minecraft:prismarine":2,"regions_unexplored:blackwood_sapling":2,"minecraft:wall_torch":27,"minecraft:amethyst_block":4,"minecraft:birch_sapling":4,"minecraft:polished_diorite_stairs":12,"minecraft:chain":1,"minecraft:dark_oak_slab":12,"candlelight:tool_rack":1,"minecraft:birch_log":14,"regions_unexplored:mauve_planks":105,"regions_unexplored:mauve_leaves":54,"regions_unexplored:willow_stairs":17,"minecraft:stone_brick_stairs":42,"regions_unexplored:pine_sapling":1,"minecraft:grass":74,"minecraft:oak_log":17,"regions_unexplored:peat_dirt":10,"minecraft:dark_oak_sapling":9,"minecraft:dirt":1592,"regions_unexplored:clover":1,"minecraft:smooth_basalt":4,"minecraft:stonecutter":2,"minecraft:oak_leaves":23,"minecraft:deepslate":521,"minecraft:dark_prismarine":7,"minecraft:diamond_ore":2,"minecraft:tuff":18,"regions_unexplored:blackwood_trapdoor":4,"minecraft:deepslate_diamond_ore":26,"candlelight:cherry_drawer":2,"regions_unexplored:pink_lupine":2,"regions_unexplored:dusktrap":2,"minecraft:cherry_sapling":3,"minecraft:dark_oak_log":13,"minecraft:glow_lichen":1,"regions_unexplored:mauve_trapdoor":30,"minecraft:moss_block":2,"minecraft:hay_block":20,"minecraft:spore_blossom":1,"supplementaries:rope":14,"regions_unexplored:argillite":91,"minecraft:redstone_ore":4,"minecraft:oak_trapdoor":9,"minecraft:furnace":51,"minecraft:snow":1,"regions_unexplored:cypress_sapling":4,"minecraft:andesite":78,"regions_unexplored:blackwood_stairs":71,"bakery:small_cooking_pot":2,"minecraft:deepslate_iron_ore":167,"minecraft:vine":3,"minecraft:lantern":7,"minecraft:stripped_oak_log":3,"meadow:woodcutter":1,"regions_unexplored:medium_grass":2,"minecraft:stone":1719,"regions_unexplored:redwood_log":1,"minecraft:cherry_stairs":5,"regions_unexplored:windswept_grass":1,"regions_unexplored:blackwood_fence_gate":18,"minecraft:oak_slab":2,"minecraft:flowering_azalea":8,"regions_unexplored:cypress_log":1,"regions_unexplored:blackwood_planks":6,"regions_unexplored:blackwood_slab":36,"minecraft:stripped_dark_oak_log":138,"minecraft:basalt":1,"minecraft:stone_brick_slab":2,"minecraft:crafting_table":22,"minecraft:copper_ore":6,"candlelight:wild_tomatoes":29,"minecraft:lectern":2,"regions_unexplored:blackwood_log":7,"minecraft:lightning_rod":2,"minecraft:tall_grass":21,"regions_unexplored:mauve_log":9,"minecraft:deepslate_coal_ore":6,"minecraft:lapis_ore":5,"minecraft:deepslate_gold_ore":46,"minecraft:diorite":625,"minecraft:big_dripleaf":1,"supplementaries:urn":86,"minecraft:prismarine_bricks":2,"minecraft:black_wall_banner":1,"minecraft:birch_leaves":2,"minecraft:white_wall_banner":1,"minecraft:bee_nest":14,"minecraft:coal_ore":111,"regions_unexplored:stripped_magnolia_log":3,"minecraft:gravel":11,"minecraft:dripstone_block":1,"minecraft:cracked_stone_bricks":2,"regions_unexplored:blackwood_leaves":1,"minecraft:stone_bricks":32,"minecraft:orange_wall_banner":1,"minecraft:mossy_stone_bricks":2,"minecraft:gold_ore":5,"minecraft:fern":2},"minecraft:used":{"minecraft:moss_block":1,"minecraft:moss_carpet":2,"minecraft:iron_shovel":2718,"regions_unexplored:blackwood_stairs":239,"minecraft:shield":52,"minecraft:chest":94,"minecraft:iron_sword":243,"minecraft:stone":1,"minecraft:iron_chestplate":1,"regions_unexplored:argillite":14,"regions_unexplored:mauve_sapling":46,"regions_unexplored:mauve_slab":596,"minecraft:axolotl_bucket":6,"minecraft:snowball":1,"bakery:cupcake_display":5,"regions_unexplored:pine_stairs":3,"regions_unexplored:willow_stairs":103,"minecraft:lantern":8,"minecraft:iron_helmet":1,"minecraft:dark_oak_slab":87,"regions_unexplored:willow_sapling":1,"minecraft:stone_brick_stairs":190,"minecraft:stone_bricks":745,"exposure:photograph_frame":3,"minecraft:magma_block":1,"minecraft:bow":6,"minecraft:oak_sapling":10,"minecraft:furnace":56,"minecraft:cooked_cod":3,"minecraft:polished_diorite_stairs":34,"minecraft:potato":3,"minecraft:dark_oak_sapling":11,"minecraft:dark_oak_stairs":213,"minecraft:diorite":17,"naturalist:cooked_egg":6,"minecraft:oak_planks":90,"minecraft:stone_pickaxe":380,"minecraft:wooden_pickaxe":143,"minecraft:sugar_cane":1,"minecraft:diamond_axe":676,"naturalist:duck_egg":1,"minecraft:golden_apple":1,"minecraft:dark_oak_trapdoor":39,"regions_unexplored:redwood_planks":4,"regions_unexplored:cypress_stairs":18,"minecraft:blast_furnace":12,"minecraft:black_banner":1,"regions_unexplored:mauve_planks":613,"minecraft:dripstone_block":1,"minecraft:shears":49,"minecraft:lightning_rod":3,"minecraft:bread":103,"regions_unexplored:blackwood_sapling":4,"candlelight:cherry_drawer":4,"regions_unexplored:mauve_fence":65,"minecraft:gravel":4,"regions_unexplored:blackwood_planks":200,"minecraft:diamond_sword":211,"graveyard:upper_bone_staff":1,"minecraft:smithing_table":1,"minecraft:andesite":40,"minecraft:birch_log":2,"minecraft:chain":13,"regions_unexplored:blackwood_fence_gate":134,"minecraft:bone_meal":296,"minecraft:oak_fence":1,"minecraft:azalea":1,"minecraft:oak_trapdoor":51,"minecraft:enchanting_table":1,"minecraft:wooden_shovel":22,"minecraft:stick":1,"minecraft:torch":256,"minecraft:anvil":1,"minecraft:dirt":2636,"regions_unexplored:blackwood_sign":44,"regions_unexplored:clover":1,"minecraft:granite":8,"minecraft:polished_diorite":531,"minecraft:dark_oak_planks":126,"minecraft:wooden_axe":8,"minecraft:stone_brick_slab":3,"minecraft:iron_axe":80,"minecraft:oak_stairs":215,"minecraft:cherry_trapdoor":143,"regions_unexplored:cypress_sapling":1,"minecraft:iron_boots":1,"minecraft:barrel":72,"minecraft:smooth_basalt":4,"regions_unexplored:mauve_leaves":32,"minecraft:cooked_beef":12,"minecraft:cobbled_deepslate":196,"minecraft:cherry_log":39,"meadow:patched_wool":1,"minecraft:cooked_mutton":3,"minecraft:water_bucket":59,"regions_unexplored:mauve_door":4,"minecraft:birch_planks":27,"regions_unexplored:peat_dirt":7,"minecraft:baked_potato":123,"meadow:woodcutter":2,"minecraft:stonecutter":3,"bakery:small_cooking_pot":3,"minecraft:stripped_dark_oak_log":715,"regions_unexplored:blackwood_trapdoor":20,"minecraft:crafting_table":31,"minecraft:white_bed":2,"minecraft:oak_slab":10,"minecraft:red_bed":3,"minecraft:smoker":2,"regions_unexplored:blackwood_slab":283,"minecraft:diamond_pickaxe":1436,"minecraft:apple":27,"minecraft:iron_pickaxe":2074,"minecraft:suspicious_stew":2,"comforts:sleeping_bag_gray":13,"minecraft:stone_axe":13,"minecraft:cherry_stairs":6,"minecraft:cobblestone":309,"minecraft:white_banner":1,"minecraft:cooked_porkchop":5,"minecraft:bucket":68,"regions_unexplored:mauve_trapdoor":122,"candlelight:tool_rack":6},"minecraft:dropped":{"minecraft:birch_planks":1,"minecraft:baked_potato":5,"minecraft:glow_ink_sac":10,"minecraft:diamond":3,"minecraft:spore_blossom":1,"minecraft:crafting_table":1,"minecraft:dark_oak_sapling":5,"minecraft:lantern":1,"minecraft:leather":19,"minecraft:cracked_stone_bricks":1,"minecraft:flint":1,"minecraft:dirt":24,"minecraft:red_bed":1,"supplementaries:rope":9,"minecraft:dark_oak_trapdoor":1,"minecraft:mutton":1,"minecraft:gold_nugget":7,"minecraft:axolotl_bucket":1,"minecraft:iron_pickaxe":2,"minecraft:dark_oak_planks":8,"regions_unexplored:mauve_sapling":25,"minecraft:bone":4,"naturalist:cooked_egg":12,"minecraft:gravel":3,"minecraft:stone_axe":1,"minecraft:cherry_stairs":1,"minecraft:iron_nugget":5,"minecraft:cobbled_deepslate":12,"regions_unexplored:stripped_magnolia_log":1,"minecraft:birch_sapling":1,"minecraft:rotten_flesh":14,"minecraft:oak_planks":5,"minecraft:carrot":25,"minecraft:poppy":3,"minecraft:leather_chestplate":1,"supplementaries:flax_seeds":12,"supplementaries:ash":72,"regions_unexplored:peat_dirt":1,"minecraft:gunpowder":5,"minecraft:azalea":2,"minecraft:basalt":1,"minecraft:arrow":21,"regions_unexplored:cypress_planks":1,"minecraft:bread":93,"minecraft:iron_ingot":10,"minecraft:golden_boots":1,"minecraft:wheat_seeds":9,"minecraft:cherry_log":80,"minecraft:mossy_cobblestone":1,"minecraft:poisonous_potato":2,"minecraft:lead":2,"minecraft:iron_helmet":1,"minecraft:feather":1,"minecraft:cobblestone":145,"minecraft:prismarine_crystals":4,"minecraft:apple":20,"minecraft:granite":1,"medievalweapons:long_bow":1,"regions_unexplored:mauve_slab":2,"minecraft:golden_apple":1,"regions_unexplored:argillite":50,"minecraft:coal":19,"minecraft:stick":44,"minecraft:diorite":21,"minecraft:wooden_axe":1,"regions_unexplored:purple_lupine":2,"regions_unexplored:dusktrap":2,"minecraft:cherry_planks":10,"minecraft:zombie_head":1,"regions_unexplored:blackwood_planks":33,"minecraft:pumpkin":1,"minecraft:flowering_azalea":8,"minecraft:string":4,"minecraft:redstone":22,"regions_unexplored:pine_planks":58,"minecraft:oak_trapdoor":18,"minecraft:bowl":2,"minecraft:tuff":5,"regions_unexplored:clover":32,"minecraft:clay_ball":20,"regions_unexplored:mauve_planks":4,"regions_unexplored:mauve_log":1,"regions_unexplored:pink_lupine":2,"supplementaries:quiver":1,"supplementaries:rope_arrow":2,"regions_unexplored:pine_stairs":1,"minecraft:andesite":19,"minecraft:oak_sapling":1,"minecraft:wooden_shovel":1,"minecraft:spider_eye":3,"minecraft:stone_pickaxe":5,"minecraft:wooden_pickaxe":3,"minecraft:magma_block":1,"regions_unexplored:blue_lupine":4},"minecraft:broken":{"minecraft:iron_shovel":10,"minecraft:leather_leggings":1,"minecraft:iron_boots":1,"minecraft:iron_chestplate":1,"minecraft:iron_leggings":1,"minecraft:stone_pickaxe":1,"minecraft:iron_sword":1,"minecraft:leather_helmet":1,"minecraft:wooden_pickaxe":1,"minecraft:shield":1,"minecraft:diamond_axe":1,"minecraft:iron_axe":4,"minecraft:iron_pickaxe":8,"minecraft:iron_helmet":1},"minecraft:killed_by":{"minecraft:creeper":5,"minecraft:drowned":1,"graveyard:skeleton_creeper":2,"minecraft:cave_spider":1,"minecraft:zombie":2,"naturalist:hippo":2,"minecraft:player":1,"minecraft:spider":1,"creeperoverhaul:dripstone_creeper":1,"minecraft:bee":1,"minecraft:skeleton":6},"minecraft:picked_up":{"regions_unexplored:mauve_door":5,"minecraft:lead":2,"minecraft:oak_stairs":26,"minecraft:enchanted_book":1,"minecraft:stone_brick_stairs":68,"minecraft:amethyst_block":4,"minecraft:string":24,"minecraft:dark_oak_trapdoor":11,"minecraft:raw_copper":26,"minecraft:iron_leggings":1,"minecraft:zombie_head":1,"minecraft:smooth_stone":1,"regions_unexplored:pine_log":36,"minecraft:gold_nugget":24,"minecraft:cobbled_deepslate":546,"minecraft:calcite":8,"minecraft:azalea":3,"minecraft:iron_pickaxe":2,"regions_unexplored:blackwood_log":375,"regions_unexplored:redwood_log":1,"minecraft:furnace":56,"exposure:photograph_frame":3,"regions_unexplored:blackwood_planks":225,"regions_unexplored:blackwood_sign":4,"minecraft:stick":457,"bakery:small_cooking_pot":2,"regions_unexplored:mauve_trapdoor":30,"minecraft:torch":143,"minecraft:porkchop":10,"minecraft:lightning_rod":2,"minecraft:cherry_log":411,"minecraft:diorite":623,"regions_unexplored:blackwood_fence":48,"regions_unexplored:argillite":104,"minecraft:rotten_flesh":57,"minecraft:tropical_fish":8,"regions_unexplored:mauve_log":477,"supplementaries:antique_ink":13,"more_armor_trims:nihility_armor_trim_smithing_template":2,"supplementaries:quiver":2,"supplementaries:ash":184,"regions_unexplored:blackwood_slab":51,"minecraft:obsidian":15,"minecraft:snowball":1,"minecraft:cobblestone":1818,"minecraft:birch_log":83,"minecraft:magma_block":2,"minecraft:cooked_beef":8,"minecraft:cherry_planks":18,"minecraft:andesite":87,"minecraft:water_bucket":1,"minecraft:jungle_log":19,"candlelight:tool_rack":3,"minecraft:flint":2,"minecraft:tuff":21,"minecraft:prismarine_bricks":1,"supplementaries:flax_seeds":13,"minecraft:lapis_lazuli":62,"minecraft:dirt":2787,"regions_unexplored:blackwood_stairs":71,"minecraft:lantern":9,"minecraft:bone":158,"minecraft:bow":2,"minecraft:stonecutter":2,"minecraft:wheat_seeds":11,"minecraft:raw_gold":53,"regions_unexplored:mauve_leaves":49,"minecraft:mossy_stone_bricks":2,"minecraft:diamond_helmet":1,"minecraft:moss_block":25,"minecraft:prismarine":2,"minecraft:oak_planks":11,"regions_unexplored:pine_sapling":6,"regions_unexplored:cypress_sapling":17,"regions_unexplored:pine_planks":1,"minecraft:grass_block":1,"minecraft:dark_oak_log":834,"regions_unexplored:pink_lupine":2,"minecraft:barrel":22,"naturalist:duck_egg":1,"minecraft:mossy_cobblestone":1,"minecraft:dark_prismarine":7,"graveyard:upper_bone_staff":1,"regions_unexplored:mauve_planks":136,"regions_unexplored:cypress_log":105,"minecraft:diamond":30,"regions_unexplored:clover":33,"minecraft:granite":82,"minecraft:bone_meal":24,"minecraft:golden_apple":2,"regions_unexplored:willow_log":79,"minecraft:emerald":10,"minecraft:bread":29,"minecraft:oak_sapling":96,"minecraft:charcoal":3,"minecraft:crafting_table":23,"minecraft:clay_ball":60,"minecraft:orange_banner":1,"minecraft:chain":1,"minecraft:oak_trapdoor":26,"minecraft:red_bed":4,"minecraft:moss_carpet":2,"minecraft:orange_concrete":1,"regions_unexplored:willow_stairs":46,"regions_unexplored:mauve_fence":7,"minecraft:cracked_stone_bricks":2,"minecraft:dark_prismarine_stairs":1,"candlelight:tomato_seeds":4,"minecraft:beef":4,"minecraft:stone":1,"minecraft:jungle_sapling":1,"minecraft:iron_nugget":57,"minecraft:poppy":3,"minecraft:lectern":2,"supplementaries:rope":9,"minecraft:sugar_cane":8,"minecraft:chest":10,"minecraft:birch_sapling":21,"minecraft:cherry_trapdoor":25,"minecraft:egg":5,"minecraft:dark_oak_sapling":76,"minecraft:raw_iron":273,"minecraft:cherry_stairs":5,"exposure:photograph":2,"regions_unexplored:blue_lupine":4,"minecraft:fire_charge":1,"minecraft:carrot":25,"minecraft:redstone":105,"minecraft:dark_oak_planks":28,"regions_unexplored:dusktrap":2,"minecraft:arrow":26,"regions_unexplored:mauve_sapling":368,"minecraft:hay_block":19,"minecraft:black_banner":1,"regions_unexplored:purple_lupine":2,"minecraft:stripped_oak_log":3,"regions_unexplored:peat_dirt":18,"minecraft:basalt":1,"minecraft:glow_ink_sac":10,"regions_unexplored:blackwood_fence_gate":17,"minecraft:leather":16,"regions_unexplored:mauve_slab":22,"minecraft:birch_planks":1,"minecraft:oak_log":252,"minecraft:golden_boots":1,"naturalist:cooked_egg":18,"minecraft:gunpowder":4,"regions_unexplored:stripped_magnolia_log":1,"minecraft:white_banner":1,"minecraft:apple":45,"minecraft:stone_bricks":45,"minecraft:spore_blossom":1,"minecraft:iron_ingot":5,"minecraft:stone_pickaxe":1,"meadow:patched_wool":1,"candlelight:tomato":24,"comforts:sleeping_bag_gray":14,"minecraft:flowering_azalea":8,"minecraft:dark_oak_stairs":36,"minecraft:oak_slab":2,"meadow:woodcutter":1,"minecraft:smooth_basalt":4,"minecraft:dark_oak_slab":118,"regions_unexplored:willow_sapling":47,"medievalweapons:long_bow":1,"minecraft:stone_brick_slab":2,"minecraft:dripstone_block":1,"minecraft:gravel":12,"minecraft:white_bed":1,"bakery:cupcake_display":3,"minecraft:spider_eye":3,"minecraft:polished_diorite_stairs":12,"regions_unexplored:blackwood_trapdoor":4,"minecraft:slime_ball":4,"minecraft:polished_diorite":59,"regions_unexplored:blackwood_sapling":148,"candlelight:cherry_drawer":2,"minecraft:cherry_sapling":136,"minecraft:baked_potato":22,"minecraft:stripped_dark_oak_log":188,"minecraft:mangrove_propagule":2,"minecraft:coal":215},"minecraft:custom":{"minecraft:interact_with_crafting_table":232,"minecraft:open_barrel":12,"minecraft:leave_game":22,"minecraft:time_since_death":112191,"minecraft:sprint_one_cm":2199747,"minecraft:damage_blocked_by_shield":2880,"minecraft:drop":206,"minecraft:play_time":1105672,"minecraft:deaths":33,"minecraft:jump":15970,"minecraft:walk_on_water_one_cm":100709,"minecraft:interact_with_furnace":486,"minecraft:sleep_in_bed":21,"minecraft:damage_dealt":23614,"minecraft:crouch_one_cm":594374,"minecraft:interact_with_smoker":6,"minecraft:horse_one_cm":460422,"minecraft:mob_kills":128,"minecraft:climb_one_cm":7356,"minecraft:walk_one_cm":2396215,"minecraft:sneak_time":168801,"minecraft:walk_under_water_one_cm":80750,"minecraft:boat_one_cm":19663,"minecraft:interact_with_blast_furnace":41,"minecraft:total_world_time":1105672,"minecraft:interact_with_stonecutter":45,"minecraft:time_since_rest":3584,"minecraft:damage_absorbed":1470,"minecraft:damage_taken":21111,"minecraft:swim_one_cm":262664,"minecraft:fly_one_cm":2838215,"minecraft:open_chest":903,"minecraft:fall_one_cm":413441}},"DataVersion":3465}