{"stats":{"minecraft:crafted":{"minecraft:oak_planks":604,"regions_unexplored:mauve_slab":330,"minecraft:barrel":52,"minecraft:chain":17,"regions_unexplored:mauve_fence":66,"minecraft:lightning_rod":1,"minecraft:stone":913,"regions_unexplored:blackwood_sign":48,"minecraft:cooked_mutton":3,"minecraft:iron_boots":2,"regions_unexplored:blackwood_trapdoor":46,"minecraft:chest":9,"regions_unexplored:blackwood_slab":252,"regions_unexplored:willow_planks":228,"regions_unexplored:mauve_trapdoor":107,"minecraft:oak_fence":3,"minecraft:oak_slab":24,"minecraft:wooden_shovel":2,"minecraft:cooked_porkchop":5,"minecraft:diamond_axe":1,"minecraft:crafting_table":10,"minecraft:iron_helmet":3,"minecraft:wooden_pickaxe":9,"minecraft:baked_potato":87,"minecraft:birch_planks":52,"regions_unexplored:mauve_door":3,"minecraft:dark_oak_slab":234,"minecraft:iron_chestplate":2,"minecraft:diamond_pickaxe":1,"minecraft:charcoal":95,"inmis:plated_backpack":1,"minecraft:shield":1,"minecraft:stick":660,"minecraft:iron_pickaxe":8,"minecraft:iron_ingot":146,"minecraft:gold_ingot":35,"inmis:frayed_backpack":1,"minecraft:cherry_planks":172,"minecraft:wooden_sword":1,"regions_unexplored:blackwood_planks":1500,"minecraft:iron_nugget":90,"regions_unexplored:cypress_planks":124,"inmis:gilded_backpack":1,"minecraft:furnace":13,"minecraft:dark_oak_trapdoor":26,"inmis:bejeweled_backpack":1,"minecraft:bone_meal":276,"minecraft:oak_trapdoor":52,"regions_unexplored:pine_stairs":4,"regions_unexplored:blackwood_fence_gate":164,"regions_unexplored:blackwood_stairs":192,"minecraft:cherry_trapdoor":56,"regions_unexplored:cypress_stairs":40,"minecraft:polished_diorite":4,"regions_unexplored:mauve_planks":1196,"minecraft:leather":26,"minecraft:iron_axe":5,"minecraft:stone_pickaxe":7,"regions_unexplored:blackwood_fence":48,"minecraft:dark_oak_planks":676,"minecraft:wheat":99,"minecraft:cooked_beef":4,"minecraft:cooked_cod":3,"meadow:woodcutter":1,"minecraft:diamond_sword":1,"minecraft:dark_oak_stairs":192,"minecraft:iron_sword":1,"regions_unexplored:willow_stairs":152,"minecraft:bucket":3,"minecraft:stone_axe":1,"minecraft:bread":35,"minecraft:air":0,"regions_unexplored:redwood_planks":4,"regions_unexplored:pine_planks":144,"minecraft:white_wool":3,"minecraft:oak_stairs":168,"minecraft:wooden_axe":3,"minecraft:iron_shovel":10,"minecraft:iron_leggings":1,"minecraft:stonecutter":1,"minecraft:white_bed":1,"minecraft:torch":80},"minecraft:killed":{"minecraft:spider":8,"naturalist:boar":1,"minecraft:skeleton":14,"minecraft:bee":8,"minecraft:skeleton_horse":1,"minecraft:zombie_villager":1,"minecraft:creeper":3,"minecraft:zombie":54,"minecraft:glow_squid":1,"minecraft:slime":12,"minecraft:phantom":1,"graveyard:ghoul":1},"minecraft:mined":{"minecraft:dark_oak_planks":3,"minecraft:dark_prismarine_stairs":1,"minecraft:oak_sapling":12,"minecraft:cherry_log":1,"minecraft:obsidian":15,"minecraft:granite":49,"meadow:patched_wool":1,"minecraft:grass_block":1087,"regions_unexplored:willow_sapling":1,"regions_unexplored:mauve_door":3,"minecraft:polished_diorite":48,"regions_unexplored:argillite_grass_block":5,"minecraft:spawner":5,"minecraft:orange_concrete":1,"regions_unexplored:mauve_fence":7,"regions_unexplored:magnolia_stairs":1,"minecraft:dark_oak_trapdoor":9,"minecraft:iron_ore":43,"minecraft:barrel":19,"minecraft:cobbled_deepslate":2,"graveyard:upper_bone_staff":1,"minecraft:deepslate_lapis_ore":2,"minecraft:dark_oak_stairs":27,"minecraft:cave_vines":1,"minecraft:dirt_path":27,"regions_unexplored:blackwood_wall_sign":4,"minecraft:oak_stairs":19,"minecraft:azalea":2,"regions_unexplored:mauve_sapling":33,"minecraft:red_bed":4,"regions_unexplored:willow_log":1,"regions_unexplored:mauve_slab":7,"minecraft:clay":13,"minecraft:torch":6,"regions_unexplored:bladed_tall_grass":1,"regions_unexplored:peat_grass_block":4,"minecraft:calcite":6,"minecraft:poppy":3,"minecraft:cobblestone":9,"minecraft:oak_planks":10,"minecraft:sugar_cane":7,"minecraft:prismarine":2,"regions_unexplored:blackwood_sapling":2,"minecraft:wall_torch":21,"minecraft:amethyst_block":4,"minecraft:birch_sapling":4,"minecraft:polished_diorite_stairs":12,"minecraft:dark_oak_slab":1,"minecraft:birch_log":14,"regions_unexplored:mauve_planks":91,"regions_unexplored:willow_stairs":17,"minecraft:stone_brick_stairs":21,"regions_unexplored:pine_sapling":1,"minecraft:grass":63,"minecraft:oak_log":17,"regions_unexplored:peat_dirt":10,"minecraft:dark_oak_sapling":9,"minecraft:dirt":1365,"regions_unexplored:clover":1,"minecraft:smooth_basalt":4,"minecraft:stonecutter":1,"minecraft:oak_leaves":18,"minecraft:deepslate":165,"minecraft:dark_prismarine":7,"minecraft:diamond_ore":1,"minecraft:tuff":10,"regions_unexplored:blackwood_trapdoor":2,"minecraft:deepslate_diamond_ore":18,"regions_unexplored:dusktrap":2,"minecraft:cherry_sapling":1,"minecraft:dark_oak_log":13,"regions_unexplored:mauve_trapdoor":30,"minecraft:moss_block":2,"minecraft:hay_block":12,"minecraft:spore_blossom":1,"regions_unexplored:argillite":91,"supplementaries:rope":14,"minecraft:redstone_ore":4,"minecraft:oak_trapdoor":9,"minecraft:furnace":17,"regions_unexplored:cypress_sapling":4,"minecraft:andesite":72,"regions_unexplored:blackwood_stairs":20,"minecraft:deepslate_iron_ore":95,"minecraft:lantern":2,"minecraft:stripped_oak_log":3,"regions_unexplored:medium_grass":2,"minecraft:stone":1695,"regions_unexplored:redwood_log":1,"minecraft:cherry_stairs":1,"regions_unexplored:windswept_grass":1,"regions_unexplored:blackwood_fence_gate":15,"minecraft:flowering_azalea":8,"regions_unexplored:cypress_log":1,"regions_unexplored:blackwood_slab":24,"minecraft:stripped_dark_oak_log":120,"minecraft:basalt":1,"minecraft:crafting_table":11,"minecraft:lectern":2,"regions_unexplored:blackwood_log":7,"minecraft:copper_ore":6,"minecraft:tall_grass":20,"regions_unexplored:mauve_log":3,"minecraft:lapis_ore":5,"minecraft:deepslate_gold_ore":22,"minecraft:diorite":615,"minecraft:big_dripleaf":1,"supplementaries:urn":66,"minecraft:prismarine_bricks":2,"minecraft:black_wall_banner":1,"minecraft:birch_leaves":2,"minecraft:white_wall_banner":1,"minecraft:bee_nest":7,"minecraft:coal_ore":75,"regions_unexplored:stripped_magnolia_log":3,"minecraft:gravel":11,"minecraft:dripstone_block":1,"regions_unexplored:blackwood_leaves":1,"minecraft:stone_bricks":25,"minecraft:orange_wall_banner":1,"minecraft:gold_ore":4,"minecraft:fern":2},"minecraft:used":{"minecraft:moss_block":1,"minecraft:moss_carpet":2,"minecraft:iron_shovel":2495,"regions_unexplored:blackwood_stairs":130,"minecraft:shield":52,"minecraft:chest":8,"minecraft:iron_sword":243,"minecraft:stone":1,"minecraft:iron_chestplate":1,"regions_unexplored:argillite":14,"regions_unexplored:mauve_sapling":42,"regions_unexplored:mauve_slab":198,"minecraft:axolotl_bucket":6,"regions_unexplored:pine_stairs":3,"regions_unexplored:willow_stairs":103,"minecraft:lantern":1,"minecraft:iron_helmet":1,"minecraft:dark_oak_slab":45,"regions_unexplored:willow_sapling":1,"minecraft:stone_brick_stairs":142,"minecraft:stone_bricks":740,"minecraft:bow":6,"minecraft:oak_sapling":10,"minecraft:furnace":25,"minecraft:cooked_cod":3,"minecraft:polished_diorite_stairs":34,"minecraft:potato":3,"minecraft:dark_oak_sapling":11,"minecraft:dark_oak_stairs":175,"minecraft:diorite":15,"naturalist:cooked_egg":6,"minecraft:oak_planks":25,"minecraft:stone_pickaxe":328,"minecraft:wooden_pickaxe":143,"minecraft:diamond_axe":428,"naturalist:duck_egg":1,"minecraft:dark_oak_trapdoor":30,"regions_unexplored:redwood_planks":4,"regions_unexplored:cypress_stairs":18,"minecraft:black_banner":1,"regions_unexplored:mauve_planks":429,"minecraft:dripstone_block":1,"minecraft:lightning_rod":1,"minecraft:bread":98,"regions_unexplored:blackwood_sapling":4,"regions_unexplored:mauve_fence":41,"minecraft:gravel":4,"regions_unexplored:blackwood_planks":4,"minecraft:diamond_sword":148,"graveyard:upper_bone_staff":1,"minecraft:andesite":34,"minecraft:birch_log":1,"regions_unexplored:blackwood_fence_gate":85,"minecraft:bone_meal":252,"minecraft:oak_fence":1,"minecraft:azalea":1,"minecraft:oak_trapdoor":37,"minecraft:wooden_shovel":22,"minecraft:stick":1,"minecraft:torch":181,"minecraft:dirt":2405,"regions_unexplored:blackwood_sign":44,"regions_unexplored:clover":1,"minecraft:granite":6,"minecraft:polished_diorite":385,"minecraft:dark_oak_planks":21,"minecraft:wooden_axe":8,"minecraft:iron_axe":80,"minecraft:oak_stairs":163,"minecraft:cherry_trapdoor":54,"regions_unexplored:cypress_sapling":1,"minecraft:iron_boots":1,"minecraft:barrel":53,"minecraft:smooth_basalt":4,"minecraft:cooked_beef":12,"minecraft:cobbled_deepslate":109,"minecraft:cherry_log":2,"meadow:patched_wool":1,"minecraft:cooked_mutton":3,"minecraft:water_bucket":37,"regions_unexplored:mauve_door":4,"minecraft:birch_planks":27,"regions_unexplored:peat_dirt":7,"minecraft:baked_potato":77,"meadow:woodcutter":1,"minecraft:stonecutter":2,"minecraft:stripped_dark_oak_log":455,"minecraft:crafting_table":19,"minecraft:oak_slab":6,"minecraft:red_bed":3,"regions_unexplored:blackwood_trapdoor":14,"minecraft:white_bed":1,"regions_unexplored:blackwood_slab":140,"minecraft:diamond_pickaxe":700,"minecraft:iron_pickaxe":2074,"minecraft:suspicious_stew":2,"comforts:sleeping_bag_gray":8,"minecraft:stone_axe":13,"minecraft:cobblestone":299,"minecraft:white_banner":1,"minecraft:cooked_porkchop":5,"minecraft:bucket":46,"regions_unexplored:mauve_trapdoor":117},"minecraft:dropped":{"minecraft:birch_planks":1,"minecraft:baked_potato":5,"minecraft:glow_ink_sac":1,"minecraft:diamond":3,"minecraft:spore_blossom":1,"minecraft:dark_oak_sapling":5,"minecraft:lantern":1,"minecraft:leather":19,"minecraft:dirt":17,"minecraft:red_bed":1,"supplementaries:rope":9,"minecraft:mutton":1,"minecraft:gold_nugget":7,"minecraft:axolotl_bucket":1,"minecraft:iron_pickaxe":2,"minecraft:dark_oak_planks":8,"minecraft:bone":4,"naturalist:cooked_egg":12,"minecraft:gravel":3,"minecraft:stone_axe":1,"minecraft:iron_nugget":4,"minecraft:cobbled_deepslate":12,"regions_unexplored:stripped_magnolia_log":1,"minecraft:birch_sapling":1,"minecraft:rotten_flesh":14,"minecraft:oak_planks":5,"minecraft:carrot":25,"minecraft:leather_chestplate":1,"supplementaries:flax_seeds":12,"supplementaries:ash":49,"regions_unexplored:peat_dirt":1,"minecraft:gunpowder":5,"minecraft:azalea":2,"minecraft:arrow":4,"minecraft:basalt":1,"minecraft:bread":93,"minecraft:iron_ingot":10,"minecraft:wheat_seeds":3,"minecraft:poisonous_potato":2,"minecraft:lead":1,"minecraft:iron_helmet":1,"minecraft:feather":1,"minecraft:cobblestone":135,"minecraft:prismarine_crystals":4,"medievalweapons:long_bow":1,"regions_unexplored:argillite":50,"minecraft:coal":19,"minecraft:stick":17,"minecraft:diorite":14,"minecraft:wooden_axe":1,"regions_unexplored:dusktrap":2,"minecraft:cherry_planks":4,"regions_unexplored:blackwood_planks":33,"minecraft:pumpkin":1,"minecraft:flowering_azalea":8,"minecraft:string":4,"minecraft:redstone":22,"regions_unexplored:pine_planks":58,"minecraft:bowl":2,"regions_unexplored:clover":27,"minecraft:clay_ball":20,"regions_unexplored:mauve_log":1,"supplementaries:quiver":1,"supplementaries:rope_arrow":2,"regions_unexplored:pine_stairs":1,"minecraft:andesite":19,"minecraft:wooden_shovel":1,"minecraft:stone_pickaxe":3,"minecraft:wooden_pickaxe":3,"regions_unexplored:blue_lupine":1},"minecraft:broken":{"minecraft:iron_shovel":9,"minecraft:leather_leggings":1,"minecraft:iron_boots":1,"minecraft:iron_chestplate":1,"minecraft:iron_leggings":1,"minecraft:stone_pickaxe":1,"minecraft:iron_sword":1,"minecraft:leather_helmet":1,"minecraft:wooden_pickaxe":1,"minecraft:shield":1,"minecraft:iron_axe":4,"minecraft:iron_pickaxe":8,"minecraft:iron_helmet":1},"minecraft:killed_by":{"minecraft:creeper":5,"minecraft:drowned":1,"graveyard:skeleton_creeper":2,"minecraft:zombie":2,"naturalist:hippo":2,"minecraft:player":1,"minecraft:spider":1,"creeperoverhaul:dripstone_creeper":1,"minecraft:skeleton":5},"minecraft:picked_up":{"regions_unexplored:mauve_door":3,"minecraft:oak_stairs":18,"minecraft:stone_brick_stairs":24,"minecraft:amethyst_block":4,"minecraft:string":16,"minecraft:dark_oak_trapdoor":9,"minecraft:raw_copper":26,"regions_unexplored:pine_log":36,"minecraft:gold_nugget":24,"minecraft:cobbled_deepslate":147,"minecraft:calcite":6,"minecraft:azalea":3,"minecraft:iron_pickaxe":2,"regions_unexplored:blackwood_log":375,"minecraft:furnace":17,"regions_unexplored:redwood_log":1,"regions_unexplored:blackwood_planks":33,"regions_unexplored:blackwood_sign":4,"minecraft:stick":341,"regions_unexplored:mauve_trapdoor":30,"minecraft:torch":109,"minecraft:porkchop":2,"minecraft:cherry_log":133,"minecraft:diorite":614,"regions_unexplored:argillite":86,"minecraft:rotten_flesh":55,"minecraft:tropical_fish":4,"regions_unexplored:mauve_log":316,"supplementaries:antique_ink":7,"more_armor_trims:nihility_armor_trim_smithing_template":2,"supplementaries:quiver":2,"supplementaries:ash":105,"regions_unexplored:blackwood_slab":20,"minecraft:obsidian":15,"minecraft:cobblestone":1750,"minecraft:birch_log":54,"minecraft:cooked_beef":8,"minecraft:cherry_planks":4,"minecraft:andesite":71,"minecraft:flint":2,"minecraft:tuff":10,"minecraft:prismarine_bricks":1,"supplementaries:flax_seeds":13,"minecraft:lapis_lazuli":47,"minecraft:dirt":2490,"regions_unexplored:blackwood_stairs":20,"minecraft:lantern":2,"minecraft:bone":103,"minecraft:bow":2,"minecraft:stonecutter":1,"minecraft:wheat_seeds":9,"minecraft:raw_gold":28,"minecraft:diamond_helmet":1,"minecraft:moss_block":13,"minecraft:prismarine":2,"minecraft:oak_planks":8,"regions_unexplored:pine_sapling":3,"regions_unexplored:cypress_sapling":9,"regions_unexplored:pine_planks":1,"minecraft:dark_oak_log":561,"minecraft:barrel":19,"naturalist:duck_egg":1,"minecraft:dark_prismarine":7,"graveyard:upper_bone_staff":1,"regions_unexplored:mauve_planks":76,"regions_unexplored:cypress_log":68,"minecraft:diamond":21,"regions_unexplored:clover":33,"minecraft:granite":49,"minecraft:emerald":7,"regions_unexplored:willow_log":79,"minecraft:bread":29,"minecraft:oak_sapling":82,"minecraft:crafting_table":11,"minecraft:clay_ball":52,"minecraft:orange_banner":1,"minecraft:oak_trapdoor":8,"minecraft:red_bed":4,"minecraft:moss_carpet":2,"minecraft:orange_concrete":1,"regions_unexplored:willow_stairs":17,"regions_unexplored:mauve_fence":7,"minecraft:dark_prismarine_stairs":1,"minecraft:iron_nugget":57,"minecraft:poppy":3,"minecraft:lectern":2,"minecraft:sugar_cane":7,"supplementaries:rope":9,"minecraft:birch_sapling":17,"minecraft:egg":5,"minecraft:dark_oak_sapling":43,"minecraft:raw_iron":137,"minecraft:cherry_stairs":1,"regions_unexplored:blue_lupine":1,"minecraft:fire_charge":1,"minecraft:carrot":25,"minecraft:redstone":44,"minecraft:dark_oak_planks":3,"regions_unexplored:dusktrap":2,"minecraft:arrow":13,"regions_unexplored:mauve_sapling":197,"minecraft:hay_block":11,"minecraft:black_banner":1,"minecraft:stripped_oak_log":3,"regions_unexplored:peat_dirt":14,"minecraft:basalt":1,"minecraft:glow_ink_sac":10,"regions_unexplored:blackwood_fence_gate":14,"minecraft:leather":1,"regions_unexplored:mauve_slab":8,"minecraft:birch_planks":1,"minecraft:oak_log":205,"minecraft:golden_boots":1,"naturalist:cooked_egg":18,"minecraft:gunpowder":4,"regions_unexplored:stripped_magnolia_log":1,"minecraft:white_banner":1,"minecraft:apple":37,"minecraft:stone_bricks":26,"minecraft:spore_blossom":1,"minecraft:iron_ingot":5,"meadow:patched_wool":1,"comforts:sleeping_bag_gray":9,"minecraft:flowering_azalea":8,"minecraft:dark_oak_stairs":27,"minecraft:smooth_basalt":4,"minecraft:dark_oak_slab":1,"regions_unexplored:willow_sapling":24,"medievalweapons:long_bow":1,"minecraft:dripstone_block":1,"minecraft:gravel":11,"minecraft:spider_eye":2,"minecraft:polished_diorite_stairs":12,"regions_unexplored:blackwood_trapdoor":2,"minecraft:slime_ball":4,"minecraft:polished_diorite":45,"regions_unexplored:blackwood_sapling":80,"minecraft:cherry_sapling":43,"minecraft:stripped_dark_oak_log":117,"minecraft:mangrove_propagule":1,"minecraft:coal":89},"minecraft:custom":{"minecraft:interact_with_crafting_table":181,"minecraft:open_barrel":5,"minecraft:leave_game":20,"minecraft:time_since_death":39368,"minecraft:sprint_one_cm":1495957,"minecraft:damage_blocked_by_shield":2880,"minecraft:drop":141,"minecraft:play_time":770450,"minecraft:deaths":25,"minecraft:jump":11505,"minecraft:walk_on_water_one_cm":74076,"minecraft:interact_with_furnace":409,"minecraft:sleep_in_bed":15,"minecraft:damage_dealt":19994,"minecraft:crouch_one_cm":458815,"minecraft:horse_one_cm":39132,"minecraft:mob_kills":108,"minecraft:climb_one_cm":3196,"minecraft:walk_one_cm":1556520,"minecraft:sneak_time":125392,"minecraft:walk_under_water_one_cm":52998,"minecraft:boat_one_cm":19663,"minecraft:total_world_time":770450,"minecraft:interact_with_stonecutter":41,"minecraft:time_since_rest":39408,"minecraft:damage_absorbed":1430,"minecraft:damage_taken":16701,"minecraft:swim_one_cm":217463,"minecraft:fly_one_cm":2074890,"minecraft:open_chest":600,"minecraft:fall_one_cm":312565}},"DataVersion":3465}