{"stats":{"minecraft:used":{"minecraft:cactus":3},"minecraft:mined":{"minecraft:grass":5,"minecraft:cactus":5,"minecraft:oak_log":1,"minecraft:oak_leaves":4,"minecraft:fern":1},"minecraft:custom":{"minecraft:time_since_rest":7026,"minecraft:sprint_one_cm":34519,"minecraft:play_time":7026,"minecraft:walk_one_cm":5633,"minecraft:walk_under_water_one_cm":4973,"minecraft:jump":150,"minecraft:damage_dealt":80,"minecraft:leave_game":2,"minecraft:time_since_death":7026,"minecraft:walk_on_water_one_cm":1872,"minecraft:total_world_time":7026,"minecraft:climb_one_cm":208,"minecraft:swim_one_cm":3141,"minecraft:fly_one_cm":95322,"minecraft:fall_one_cm":3669},"minecraft:crafted":{"minecraft:oak_planks":4},"minecraft:picked_up":{"minecraft:stick":2,"minecraft:cactus":8,"minecraft:wheat_seeds":1,"minecraft:oak_log":1}},"DataVersion":3465}