{"stats":{"minecraft:used":{"minecraft:bow":1,"minecraft:cactus":3},"minecraft:mined":{"minecraft:grass":5,"minecraft:oak_log":1,"minecraft:cactus":5,"minecraft:oak_leaves":4,"minecraft:fern":1},"minecraft:killed":{"minecraft:skeleton":1},"minecraft:custom":{"minecraft:time_since_rest":15137,"minecraft:crouch_one_cm":83,"minecraft:sprint_one_cm":36664,"minecraft:play_time":15137,"minecraft:walk_one_cm":8570,"minecraft:sneak_time":214,"minecraft:walk_under_water_one_cm":6758,"minecraft:mob_kills":1,"minecraft:jump":169,"minecraft:damage_dealt":278,"minecraft:leave_game":3,"minecraft:walk_on_water_one_cm":1986,"minecraft:time_since_death":15137,"minecraft:climb_one_cm":208,"minecraft:total_world_time":15137,"minecraft:swim_one_cm":14188,"minecraft:fall_one_cm":3669,"minecraft:fly_one_cm":244199},"minecraft:crafted":{"minecraft:oak_planks":4},"minecraft:picked_up":{"minecraft:arrow":2,"minecraft:stick":2,"minecraft:bone":2,"minecraft:cactus":8,"minecraft:bow":1,"minecraft:wheat_seeds":1,"minecraft:oak_log":1}},"DataVersion":3465}