{"stats":{"minecraft:crafted":{"minecraft:wooden_sword":1,"minecraft:oak_planks":14,"minecraft:wooden_shovel":1,"minecraft:crafting_table":1,"minecraft:wooden_pickaxe":1,"minecraft:stick":8,"minecraft:wooden_axe":2,"minecraft:dark_oak_planks":84,"regions_unexplored:magnolia_planks":112},"minecraft:killed":{"minecraft:pig":1,"naturalist:duck":1,"naturalist:boar":2,"minecraft:sheep":1,"naturalist:deer":1,"minecraft:zombie":3,"minecraft:chicken":5},"minecraft:mined":{"minecraft:red_bed":4,"regions_unexplored:white_magnolia_leaves":1,"minecraft:dark_oak_log":49,"regions_unexplored:magnolia_log":1,"minecraft:soul_lantern":2,"minecraft:brewing_stand":1,"minecraft:crafting_table":2,"minecraft:carved_pumpkin":2,"minecraft:grass_block":16,"regions_unexplored:daisy":6,"regions_unexplored:hyssop":16,"minecraft:furnace":2,"regions_unexplored:mossy_stone":18,"minecraft:moss_carpet":1,"minecraft:grass":36,"minecraft:dirt_path":1,"minecraft:dirt":1,"regions_unexplored:medium_grass":4,"minecraft:bamboo":1,"minecraft:stone_bricks":1,"minecraft:stone":30,"minecraft:fern":1,"regions_unexplored:fireweed":9},"minecraft:used":{"minecraft:baked_potato":14,"minecraft:wooden_pickaxe":57,"minecraft:wooden_shovel":14,"minecraft:dirt":4,"minecraft:crafting_table":2,"minecraft:red_bed":4,"minecraft:wooden_axe":51,"minecraft:soul_lantern":1,"minecraft:bamboo":4,"minecraft:wooden_sword":35,"minecraft:furnace":1,"minecraft:egg":1,"minecraft:dark_oak_sapling":1},"minecraft:dropped":{"regions_unexplored:hyssop":2,"minecraft:oak_sapling":3},"minecraft:broken":{"minecraft:wooden_axe":1},"minecraft:killed_by":{"minecraft:skeleton":1},"minecraft:picked_up":{"minecraft:crafting_table":2,"minecraft:feather":6,"minecraft:chicken":5,"naturalist:venison":1,"regions_unexplored:magnolia_log":29,"minecraft:leather":1,"minecraft:oak_log":4,"minecraft:brewing_stand":1,"minecraft:dirt":18,"minecraft:red_bed":4,"minecraft:wheat_seeds":6,"minecraft:bamboo":8,"minecraft:furnace":2,"minecraft:egg":1,"minecraft:dark_oak_sapling":1,"minecraft:stick":4,"naturalist:duck":1,"regions_unexplored:white_magnolia_sapling":6,"minecraft:porkchop":5,"meadow:inky_wool":1,"minecraft:dark_oak_log":48,"regions_unexplored:daisy":3,"minecraft:mossy_cobblestone":18,"regions_unexplored:pink_magnolia_sapling":2,"regions_unexplored:hyssop":2,"inmis:frayed_backpack":1,"minecraft:rotten_flesh":3,"minecraft:soul_lantern":2,"minecraft:carved_pumpkin":2,"minecraft:baked_potato":64,"minecraft:oak_sapling":3,"minecraft:mutton":2,"minecraft:cobblestone":30},"minecraft:custom":{"minecraft:mob_kills":14,"minecraft:interact_with_crafting_table":3,"minecraft:interact_with_loom":1,"minecraft:bell_ring":1,"minecraft:time_since_death":17218,"minecraft:sleep_in_bed":4,"minecraft:climb_one_cm":1717,"minecraft:time_since_rest":4778,"minecraft:sprint_one_cm":113993,"minecraft:damage_taken":905,"minecraft:walk_one_cm":224383,"minecraft:drop":3,"minecraft:damage_dealt":1288,"minecraft:fly_one_cm":46672,"minecraft:open_chest":11,"minecraft:crouch_one_cm":311,"minecraft:play_time":44754,"minecraft:deaths":1,"minecraft:sneak_time":596,"minecraft:walk_under_water_one_cm":1581,"minecraft:jump":635,"minecraft:walk_on_water_one_cm":2704,"minecraft:total_world_time":44754,"minecraft:fall_one_cm":13541}},"DataVersion":3465}