{"stats":{"minecraft:crafted":{"naturalist:cooked_duck":1,"minecraft:wooden_sword":1,"minecraft:oak_planks":14,"minecraft:stone_shovel":1,"naturalist:cooked_venison":1,"minecraft:cooked_chicken":5,"minecraft:furnace":2,"minecraft:cooked_mutton":2,"minecraft:leather":6,"minecraft:stone_pickaxe":6,"minecraft:chest":5,"minecraft:dark_oak_planks":84,"regions_unexplored:magnolia_planks":120,"minecraft:wooden_shovel":1,"minecraft:cooked_porkchop":5,"minecraft:crafting_table":3,"minecraft:wooden_pickaxe":1,"regions_unexplored:magnolia_door":3,"minecraft:stone_axe":1,"minecraft:air":0,"minecraft:stick":32,"minecraft:wooden_axe":2,"minecraft:stone_sword":1,"minecraft:torch":20},"minecraft:killed":{"minecraft:spider":1,"naturalist:duck":1,"naturalist:boar":2,"minecraft:skeleton":1,"naturalist:deer":1,"minecraft:chicken":6,"minecraft:pig":1,"minecraft:creeper":1,"minecraft:sheep":3,"minecraft:donkey":1,"minecraft:zombie":6},"minecraft:mined":{"regions_unexplored:magnolia_log":3,"minecraft:dark_oak_log":49,"minecraft:brewing_stand":1,"minecraft:carved_pumpkin":2,"minecraft:granite":2,"minecraft:grass_block":23,"minecraft:furnace":2,"minecraft:iron_ore":19,"regions_unexplored:mossy_stone":39,"minecraft:andesite":2,"minecraft:moss_carpet":1,"minecraft:dirt_path":1,"regions_unexplored:medium_grass":4,"minecraft:bamboo":1,"minecraft:stone":573,"regions_unexplored:white_magnolia_sapling":1,"minecraft:red_bed":5,"regions_unexplored:white_magnolia_leaves":1,"minecraft:soul_lantern":2,"minecraft:crafting_table":5,"minecraft:torch":6,"regions_unexplored:pink_magnolia_sapling":1,"minecraft:copper_ore":21,"minecraft:cobblestone":1,"regions_unexplored:daisy":7,"minecraft:diorite":40,"minecraft:wall_torch":3,"regions_unexplored:hyssop":20,"minecraft:stone_brick_stairs":1,"minecraft:grass":45,"minecraft:coal_ore":58,"minecraft:dirt":17,"minecraft:stone_bricks":1,"regions_unexplored:magnolia_planks":58,"minecraft:fern":1,"regions_unexplored:fireweed":14},"minecraft:used":{"minecraft:stone_sword":27,"minecraft:stone_shovel":19,"minecraft:chest":5,"minecraft:cooked_chicken":1,"minecraft:wooden_shovel":14,"minecraft:torch":19,"minecraft:dirt":4,"regions_unexplored:hyssop":6,"minecraft:wooden_axe":64,"regions_unexplored:magnolia_door":2,"minecraft:bamboo":4,"minecraft:furnace":4,"minecraft:egg":1,"minecraft:dark_oak_sapling":1,"minecraft:stone_pickaxe":712,"minecraft:baked_potato":19,"minecraft:wooden_pickaxe":61,"regions_unexplored:pink_magnolia_sapling":3,"minecraft:crafting_table":8,"minecraft:red_bed":5,"regions_unexplored:magnolia_planks":168,"regions_unexplored:fireweed":3,"regions_unexplored:white_magnolia_sapling":7,"minecraft:soul_lantern":1,"minecraft:stone_axe":50,"minecraft:wooden_sword":36,"minecraft:cobblestone":49,"minecraft:cooked_porkchop":1,"minecraft:bone_meal":13},"minecraft:dropped":{"minecraft:wheat_seeds":1,"minecraft:mossy_cobblestone":36,"minecraft:crafting_table":1,"regions_unexplored:daisy":1,"minecraft:cobweb":1,"minecraft:bone_meal":6,"minecraft:moss_carpet":4,"regions_unexplored:hyssop":3,"minecraft:gunpowder":1,"minecraft:oak_sapling":3,"minecraft:spider_eye":1,"minecraft:bamboo":4},"minecraft:broken":{"minecraft:wooden_pickaxe":1,"minecraft:stone_pickaxe":5,"minecraft:wooden_axe":1},"minecraft:killed_by":{"minecraft:creeper":1,"minecraft:spider":2,"minecraft:skeleton":2,"minecraft:zombie":1},"minecraft:picked_up":{"minecraft:crafting_table":6,"minecraft:chicken":5,"naturalist:venison":1,"regions_unexplored:magnolia_log":31,"minecraft:brewing_stand":1,"minecraft:string":1,"minecraft:red_bed":5,"minecraft:moss_carpet":4,"minecraft:raw_copper":66,"minecraft:egg":1,"minecraft:furnace":2,"minecraft:dark_oak_sapling":1,"minecraft:stick":4,"minecraft:raw_iron":19,"naturalist:duck":1,"minecraft:torch":9,"minecraft:porkchop":5,"minecraft:diorite":40,"meadow:inky_wool":1,"regions_unexplored:daisy":7,"regions_unexplored:pink_magnolia_sapling":3,"inmis:frayed_backpack":1,"minecraft:rotten_flesh":6,"minecraft:carved_pumpkin":2,"minecraft:mutton":4,"minecraft:white_wool":1,"minecraft:cobblestone":564,"minecraft:feather":8,"minecraft:andesite":2,"minecraft:leather":1,"minecraft:brown_wool":1,"minecraft:oak_log":4,"minecraft:gunpowder":1,"minecraft:dirt":41,"minecraft:bone":1,"minecraft:wheat_seeds":7,"regions_unexplored:magnolia_planks":58,"minecraft:bamboo":12,"regions_unexplored:white_magnolia_sapling":7,"minecraft:dark_oak_log":48,"minecraft:spider_eye":1,"minecraft:mossy_cobblestone":36,"regions_unexplored:hyssop":9,"regions_unexplored:fireweed":3,"minecraft:soul_lantern":2,"minecraft:granite":2,"minecraft:bone_meal":6,"minecraft:baked_potato":64,"minecraft:oak_sapling":6,"minecraft:coal":58},"minecraft:custom":{"minecraft:mob_kills":24,"minecraft:open_barrel":2,"minecraft:interact_with_crafting_table":21,"minecraft:bell_ring":1,"minecraft:time_since_death":44790,"minecraft:climb_one_cm":1717,"minecraft:sprint_one_cm":263015,"minecraft:walk_one_cm":480489,"minecraft:drop":22,"minecraft:play_time":116754,"minecraft:deaths":6,"minecraft:sneak_time":965,"minecraft:walk_under_water_one_cm":20209,"minecraft:jump":1186,"minecraft:walk_on_water_one_cm":18516,"minecraft:total_world_time":116754,"minecraft:interact_with_furnace":22,"minecraft:interact_with_loom":1,"minecraft:sleep_in_bed":7,"minecraft:time_since_rest":30707,"minecraft:damage_taken":2420,"minecraft:damage_dealt":2488,"minecraft:fly_one_cm":84825,"minecraft:open_chest":37,"minecraft:crouch_one_cm":798,"minecraft:fall_one_cm":21197}},"DataVersion":3465}