{"stats":{"minecraft:crafted":{"naturalist:cooked_duck":1,"minecraft:wooden_sword":1,"minecraft:oak_planks":14,"minecraft:wooden_shovel":1,"minecraft:stone_shovel":1,"naturalist:cooked_venison":1,"minecraft:cooked_porkchop":5,"minecraft:crafting_table":2,"regions_unexplored:magnolia_door":3,"minecraft:wooden_pickaxe":1,"minecraft:cooked_chicken":5,"minecraft:furnace":2,"minecraft:stone_axe":1,"minecraft:cooked_mutton":2,"minecraft:air":0,"minecraft:leather":6,"minecraft:stick":20,"minecraft:stone_sword":1,"minecraft:stone_pickaxe":2,"minecraft:wooden_axe":2,"minecraft:chest":4,"minecraft:torch":20,"minecraft:dark_oak_planks":84,"regions_unexplored:magnolia_planks":120},"minecraft:killed":{"minecraft:pig":1,"minecraft:spider":1,"minecraft:creeper":1,"naturalist:duck":1,"naturalist:boar":2,"minecraft:skeleton":1,"minecraft:sheep":3,"naturalist:deer":1,"minecraft:donkey":1,"minecraft:zombie":6,"minecraft:chicken":6},"minecraft:mined":{"regions_unexplored:white_magnolia_sapling":1,"minecraft:red_bed":5,"regions_unexplored:white_magnolia_leaves":1,"minecraft:dark_oak_log":49,"regions_unexplored:magnolia_log":3,"minecraft:torch":6,"minecraft:soul_lantern":2,"minecraft:brewing_stand":1,"minecraft:crafting_table":4,"minecraft:carved_pumpkin":2,"minecraft:grass_block":23,"regions_unexplored:pink_magnolia_sapling":1,"regions_unexplored:daisy":7,"minecraft:wall_torch":1,"regions_unexplored:hyssop":20,"minecraft:furnace":2,"regions_unexplored:mossy_stone":39,"minecraft:moss_carpet":1,"minecraft:stone_brick_stairs":1,"minecraft:grass":45,"minecraft:coal_ore":41,"minecraft:dirt_path":1,"minecraft:dirt":6,"regions_unexplored:medium_grass":4,"minecraft:bamboo":1,"minecraft:stone_bricks":1,"minecraft:stone":176,"regions_unexplored:magnolia_planks":58,"minecraft:fern":1,"regions_unexplored:fireweed":14},"minecraft:used":{"minecraft:stone_sword":27,"minecraft:stone_shovel":9,"minecraft:stone_pickaxe":212,"minecraft:baked_potato":19,"minecraft:chest":4,"minecraft:wooden_pickaxe":61,"minecraft:wooden_shovel":14,"minecraft:cooked_chicken":1,"regions_unexplored:pink_magnolia_sapling":3,"minecraft:torch":15,"minecraft:dirt":4,"minecraft:crafting_table":6,"minecraft:red_bed":5,"regions_unexplored:magnolia_planks":168,"regions_unexplored:hyssop":6,"regions_unexplored:fireweed":3,"regions_unexplored:magnolia_door":2,"minecraft:wooden_axe":64,"regions_unexplored:white_magnolia_sapling":7,"minecraft:soul_lantern":1,"minecraft:bamboo":4,"minecraft:stone_axe":49,"minecraft:wooden_sword":36,"minecraft:cobblestone":3,"minecraft:furnace":4,"minecraft:cooked_porkchop":1,"minecraft:egg":1,"minecraft:bone_meal":13,"minecraft:dark_oak_sapling":1},"minecraft:dropped":{"minecraft:moss_carpet":4,"minecraft:wheat_seeds":1,"minecraft:mossy_cobblestone":36,"regions_unexplored:hyssop":3,"regions_unexplored:daisy":1,"minecraft:cobweb":1,"minecraft:spider_eye":1,"minecraft:oak_sapling":3,"minecraft:bamboo":4},"minecraft:broken":{"minecraft:stone_pickaxe":1,"minecraft:wooden_axe":1,"minecraft:wooden_pickaxe":1},"minecraft:killed_by":{"minecraft:skeleton":2,"minecraft:creeper":1,"minecraft:spider":2,"minecraft:zombie":1},"minecraft:picked_up":{"minecraft:crafting_table":4,"minecraft:feather":8,"minecraft:brown_wool":1,"minecraft:chicken":5,"naturalist:venison":1,"regions_unexplored:magnolia_log":31,"minecraft:leather":1,"minecraft:oak_log":4,"minecraft:brewing_stand":1,"minecraft:gunpowder":1,"minecraft:string":1,"minecraft:dirt":30,"minecraft:red_bed":5,"minecraft:moss_carpet":4,"minecraft:bone":1,"regions_unexplored:magnolia_planks":58,"minecraft:wheat_seeds":7,"minecraft:bamboo":12,"minecraft:furnace":2,"minecraft:egg":1,"minecraft:dark_oak_sapling":1,"minecraft:stick":4,"naturalist:duck":1,"regions_unexplored:white_magnolia_sapling":7,"minecraft:torch":7,"minecraft:porkchop":5,"minecraft:spider_eye":1,"meadow:inky_wool":1,"minecraft:dark_oak_log":48,"regions_unexplored:daisy":7,"minecraft:mossy_cobblestone":36,"regions_unexplored:pink_magnolia_sapling":3,"regions_unexplored:hyssop":9,"inmis:frayed_backpack":1,"minecraft:rotten_flesh":6,"regions_unexplored:fireweed":3,"minecraft:soul_lantern":2,"minecraft:carved_pumpkin":2,"minecraft:baked_potato":64,"minecraft:oak_sapling":6,"minecraft:white_wool":1,"minecraft:mutton":4,"minecraft:coal":41,"minecraft:cobblestone":171},"minecraft:custom":{"minecraft:interact_with_furnace":22,"minecraft:mob_kills":24,"minecraft:interact_with_crafting_table":18,"minecraft:open_barrel":2,"minecraft:interact_with_loom":1,"minecraft:bell_ring":1,"minecraft:time_since_death":20790,"minecraft:sleep_in_bed":7,"minecraft:climb_one_cm":1717,"minecraft:time_since_rest":6707,"minecraft:sprint_one_cm":247006,"minecraft:damage_taken":2420,"minecraft:walk_one_cm":439119,"minecraft:drop":15,"minecraft:damage_dealt":2488,"minecraft:fly_one_cm":80839,"minecraft:open_chest":33,"minecraft:crouch_one_cm":311,"minecraft:play_time":92754,"minecraft:deaths":6,"minecraft:sneak_time":657,"minecraft:walk_under_water_one_cm":7412,"minecraft:jump":1069,"minecraft:walk_on_water_one_cm":8693,"minecraft:total_world_time":92754,"minecraft:fall_one_cm":20570}},"DataVersion":3465}