{"stats":{"minecraft:crafted":{"naturalist:cooked_duck":1,"candlelight:cooking_pan":1,"minecraft:smooth_stone":6,"minecraft:oak_planks":252,"naturalist:cooked_venison":1,"minecraft:cooked_chicken":5,"minecraft:lightning_rod":1,"minecraft:stone":70,"medievalweapons:recurve_bow":1,"minecraft:bookshelf":15,"candlelight:gold_ring":1,"minecraft:cooked_mutton":10,"minecraft:glass":57,"minecraft:bow":1,"minecraft:iron_boots":2,"minecraft:chest":14,"minecraft:smoker":1,"minecraft:wooden_shovel":1,"minecraft:arrow":28,"minecraft:cooked_porkchop":21,"minecraft:crafting_table":8,"minecraft:spruce_planks":6,"minecraft:iron_helmet":3,"minecraft:wooden_pickaxe":1,"minecraft:baked_potato":86,"medievalweapons:diamond_small_axe":1,"minecraft:copper_ingot":64,"minecraft:iron_chestplate":2,"minecraft:diamond_pickaxe":1,"inmis:plated_backpack":1,"minecraft:shield":3,"minecraft:stick":152,"minecraft:iron_ingot":253,"minecraft:iron_pickaxe":12,"minecraft:iron_block":3,"minecraft:stone_sword":1,"minecraft:gold_ingot":77,"regions_unexplored:magnolia_fence":3,"regions_unexplored:magnolia_sign":3,"regions_unexplored:magnolia_boat":3,"minecraft:wooden_sword":1,"minecraft:saddle":1,"horseexpert:monocle":1,"minecraft:stone_shovel":1,"minecraft:fishing_rod":1,"minecraft:smooth_stone_slab":6,"comforts:sleeping_bag_white":1,"inmis:gilded_backpack":1,"minecraft:furnace":6,"minecraft:blast_furnace":1,"inmis:bejeweled_backpack":1,"minecraft:oak_trapdoor":4,"minecraft:glass_pane":64,"minecraft:leather":6,"minecraft:iron_axe":1,"minecraft:stone_pickaxe":12,"minecraft:cobblestone_wall":12,"minecraft:dark_oak_planks":84,"regions_unexplored:magnolia_planks":326,"minecraft:cooked_beef":6,"minecraft:sugar":1,"minecraft:cooked_cod":1,"minecraft:amethyst_shard":72,"minecraft:enchanting_table":1,"regions_unexplored:magnolia_door":3,"minecraft:iron_sword":1,"minecraft:bucket":2,"minecraft:stone_axe":1,"minecraft:air":0,"minecraft:oak_boat":1,"minecraft:golden_apple":3,"minecraft:gold_nugget":9,"minecraft:wooden_axe":2,"minecraft:iron_shovel":1,"minecraft:iron_leggings":2,"minecraft:stonecutter":1,"minecraft:anvil":1,"minecraft:torch":272},"minecraft:killed":{"minecraft:cave_spider":11,"graveyard:skeleton_creeper":1,"minecraft:spider":22,"endermanoverhaul:dark_oak_enderman":1,"minecraft:cod":1,"naturalist:boar":2,"naturalist:snail":1,"minecraft:skeleton":21,"minecraft:chicken":6,"minecraft:pig":2,"minecraft:zombie_villager":1,"minecraft:salmon":1,"minecraft:creeper":2,"minecraft:sheep":3,"naturalist:hippo":1,"minecraft:pillager":8,"minecraft:zombie":50,"minecraft:donkey":1,"naturalist:duck":1,"minecraft:phantom":2,"naturalist:deer":1,"graveyard:ghoul":1,"minecraft:enderman":2},"minecraft:mined":{"minecraft:large_amethyst_bud":3,"minecraft:spruce_planks":8,"minecraft:oak_sapling":2,"minecraft:mossy_stone_brick_slab":1,"regions_unexplored:magnolia_log":21,"minecraft:brewing_stand":1,"minecraft:carved_pumpkin":2,"minecraft:obsidian":21,"minecraft:granite":22,"minecraft:budding_amethyst":2,"minecraft:grass_block":82,"minecraft:spawner":1,"minecraft:iron_ore":113,"minecraft:cobbled_deepslate":15,"regions_unexplored:mossy_stone":39,"minecraft:moss_carpet":1,"minecraft:deepslate_lapis_ore":14,"minecraft:dirt_path":2,"minecraft:small_amethyst_bud":1,"minecraft:iron_bars":1,"minecraft:black_candle":1,"minecraft:deepslate_redstone_ore":38,"regions_unexplored:white_magnolia_sapling":1,"minecraft:red_bed":6,"minecraft:medium_amethyst_bud":3,"regions_unexplored:white_magnolia_leaves":2,"minecraft:amethyst_cluster":4,"minecraft:soul_lantern":2,"minecraft:torch":14,"minecraft:blast_furnace":3,"minecraft:calcite":8,"regions_unexplored:pink_magnolia_sapling":1,"minecraft:glass":10,"minecraft:cobblestone":24,"minecraft:oak_planks":3,"minecraft:sugar_cane":4,"regions_unexplored:bamboo_log":1,"minecraft:wall_torch":18,"minecraft:amethyst_block":8,"regions_unexplored:hyssop":22,"graveyard:oak_coffin":1,"minecraft:stone_brick_stairs":4,"minecraft:grass":59,"minecraft:oak_log":9,"minecraft:sand":64,"minecraft:dirt":77,"minecraft:smooth_basalt":7,"minecraft:stonecutter":1,"regions_unexplored:prismoss_sprout":1,"minecraft:oak_leaves":3,"minecraft:deepslate":2136,"regions_unexplored:fireweed":15,"minecraft:deepslate_tiles":1,"minecraft:tuff":115,"minecraft:mossy_cobblestone":8,"minecraft:deepslate_diamond_ore":14,"minecraft:dark_oak_log":49,"minecraft:redstone_wire":2,"minecraft:spruce_leaves":40,"regions_unexplored:large_prismarite_cluster":1,"minecraft:redstone_ore":3,"minecraft:furnace":6,"minecraft:andesite":62,"minecraft:mossy_stone_brick_stairs":4,"minecraft:bookshelf":15,"minecraft:deepslate_iron_ore":143,"minecraft:vine":21,"minecraft:rail":1,"regions_unexplored:medium_grass":8,"minecraft:bamboo":6,"minecraft:stone":1050,"minecraft:white_wool":20,"minecraft:glass_pane":2,"minecraft:stone_brick_slab":1,"minecraft:observer":1,"minecraft:crafting_table":17,"minecraft:emerald_ore":2,"minecraft:tall_grass":6,"minecraft:copper_ore":21,"minecraft:deepslate_gold_ore":97,"regions_unexplored:daisy":9,"minecraft:diorite":78,"supplementaries:urn":34,"minecraft:spruce_log":2,"minecraft:birch_leaves":1,"minecraft:coal_ore":241,"minecraft:end_rod":1,"minecraft:gravel":142,"minecraft:cobweb":40,"minecraft:cracked_stone_bricks":6,"minecraft:stone_bricks":9,"minecraft:gold_ore":14,"minecraft:mossy_stone_bricks":5,"regions_unexplored:magnolia_planks":58,"minecraft:fern":3},"minecraft:used":{"minecraft:writable_book":2,"minecraft:iron_shovel":239,"minecraft:chest":8,"minecraft:shield":133,"minecraft:stone":54,"minecraft:iron_sword":190,"naturalist:cooked_venison":1,"minecraft:tuff":2,"medievalweapons:diamond_small_axe":269,"minecraft:glass":10,"minecraft:stone_bricks":1,"minecraft:bow":6,"minecraft:furnace":10,"minecraft:egg":1,"minecraft:potato":2,"minecraft:dark_oak_sapling":1,"minecraft:mossy_stone_bricks":4,"minecraft:oak_planks":7,"minecraft:stone_pickaxe":1579,"minecraft:wooden_pickaxe":61,"minecraft:golden_apple":1,"minecraft:sand":2,"candlelight:cooking_pan":2,"minecraft:blast_furnace":4,"minecraft:lightning_rod":1,"regions_unexplored:fireweed":3,"minecraft:bread":24,"minecraft:soul_lantern":1,"minecraft:wooden_sword":36,"minecraft:andesite":1,"minecraft:oak_boat":1,"minecraft:bone_meal":13,"minecraft:stone_sword":30,"minecraft:enchanting_table":1,"regions_unexplored:magnolia_boat":3,"minecraft:stone_shovel":112,"minecraft:redstone":2,"minecraft:wooden_shovel":14,"minecraft:cooked_chicken":5,"minecraft:torch":408,"minecraft:dirt":111,"minecraft:anvil":1,"regions_unexplored:hyssop":6,"minecraft:wooden_axe":64,"regions_unexplored:magnolia_door":2,"minecraft:bookshelf":14,"minecraft:iron_axe":65,"minecraft:bamboo":4,"comforts:sleeping_bag_white":6,"minecraft:cooked_beef":6,"minecraft:cobbled_deepslate":162,"minecraft:cooked_mutton":10,"minecraft:water_bucket":4,"minecraft:baked_potato":93,"minecraft:stonecutter":1,"regions_unexplored:pink_magnolia_sapling":5,"minecraft:crafting_table":23,"minecraft:red_bed":6,"regions_unexplored:magnolia_planks":194,"minecraft:smoker":1,"minecraft:diamond_pickaxe":23,"minecraft:apple":5,"regions_unexplored:white_magnolia_sapling":11,"minecraft:iron_pickaxe":2732,"minecraft:stone_axe":76,"minecraft:fishing_rod":7,"minecraft:cobblestone":280,"medievalweapons:recurve_bow":50,"minecraft:cooked_porkchop":19,"minecraft:bucket":6,"minecraft:glass_pane":42},"minecraft:dropped":{"minecraft:iron_sword":2,"naturalist:snail_shell":1,"minecraft:crafting_table":1,"minecraft:mossy_stone_brick_stairs":1,"minecraft:flint":5,"minecraft:dirt":55,"regions_unexplored:large_prismarite_cluster":1,"minecraft:gold_nugget":24,"minecraft:bone_meal":6,"regions_unexplored:prismarite_cluster":2,"minecraft:sugar":1,"minecraft:iron_pickaxe":1,"minecraft:fishing_rod":1,"minecraft:bone":8,"minecraft:gravel":85,"minecraft:cobbled_deepslate":1180,"minecraft:soul_lantern":1,"minecraft:rotten_flesh":31,"minecraft:cooked_mutton":1,"minecraft:salmon":1,"supplementaries:antique_ink":2,"supplementaries:flax_seeds":1,"supplementaries:ash":9,"minecraft:gunpowder":3,"exposure:photograph":1,"regions_unexplored:magnolia_planks":42,"regions_unexplored:fireweed":2,"minecraft:wheat_seeds":2,"minecraft:mossy_cobblestone":39,"minecraft:bookshelf":1,"minecraft:iron_helmet":1,"minecraft:feather":8,"minecraft:cobblestone":342,"minecraft:lead":1,"minecraft:granite":32,"regions_unexplored:daisy":7,"minecraft:end_rod":1,"minecraft:stick":2,"minecraft:cobweb":1,"minecraft:black_candle":4,"minecraft:diorite":38,"minecraft:torch":2,"naturalist:bass":1,"minecraft:brown_wool":2,"minecraft:iron_leggings":1,"minecraft:string":6,"minecraft:lily_pad":8,"minecraft:redstone":36,"minecraft:furnace":1,"minecraft:moss_carpet":5,"regions_unexplored:bamboo_log":2,"minecraft:raw_copper":2,"regions_unexplored:hyssop":9,"minecraft:glass_pane":12,"regions_unexplored:bamboo_sapling":6,"minecraft:stone":5,"minecraft:shield":1,"minecraft:andesite":123,"minecraft:oak_sapling":3,"minecraft:stone_bricks":2,"minecraft:spider_eye":9,"minecraft:bamboo":4,"exposure:aged_photograph":1},"minecraft:broken":{"minecraft:iron_boots":1,"minecraft:iron_chestplate":1,"minecraft:stone_pickaxe":12,"minecraft:stone_axe":1,"minecraft:wooden_axe":1,"minecraft:wooden_pickaxe":1,"minecraft:shield":1,"minecraft:iron_pickaxe":10,"minecraft:iron_helmet":1},"minecraft:killed_by":{"minecraft:creeper":1,"graveyard:skeleton_creeper":2,"minecraft:zombie":2,"naturalist:hippo":1,"minecraft:spider":2,"minecraft:enderman":1,"minecraft:skeleton":4},"minecraft:picked_up":{"regions_unexplored:magnolia_log":86,"minecraft:lead":3,"minecraft:stone_brick_stairs":3,"minecraft:brewing_stand":1,"minecraft:amethyst_block":8,"minecraft:string":70,"regions_unexplored:prismarite_cluster":3,"minecraft:raw_copper":66,"minecraft:iron_leggings":1,"minecraft:cobbled_deepslate":1776,"minecraft:deepslate_tiles":1,"regions_unexplored:bamboo_sapling":6,"minecraft:gold_nugget":32,"comforts:sleeping_bag_white":6,"minecraft:furnace":7,"minecraft:stick":34,"minecraft:torch":121,"minecraft:porkchop":7,"minecraft:diorite":97,"regions_unexplored:daisy":14,"regions_unexplored:pink_magnolia_sapling":5,"minecraft:rotten_flesh":51,"supplementaries:antique_ink":2,"minecraft:carved_pumpkin":2,"minecraft:end_rod":1,"supplementaries:ash":9,"minecraft:obsidian":21,"minecraft:cod":1,"minecraft:cobblestone":1184,"minecraft:feather":16,"minecraft:andesite":125,"minecraft:brown_wool":3,"exposure:aged_photograph":1,"minecraft:flint":18,"minecraft:tuff":107,"supplementaries:flax_seeds":1,"minecraft:lapis_lazuli":92,"minecraft:dirt":215,"minecraft:bone":36,"minecraft:wheat_seeds":16,"regions_unexplored:magnolia_planks":105,"minecraft:raw_gold":109,"minecraft:mossy_stone_bricks":4,"minecraft:bamboo":86,"naturalist:snail_shell":1,"minecraft:oak_planks":3,"minecraft:mossy_stone_brick_stairs":4,"regions_unexplored:bamboo_log":2,"minecraft:sand":59,"minecraft:dark_oak_log":48,"minecraft:mossy_cobblestone":39,"graveyard:oak_coffin":1,"regions_unexplored:hyssop":18,"minecraft:diamond":14,"minecraft:soul_lantern":2,"minecraft:granite":44,"minecraft:bone_meal":6,"minecraft:emerald":8,"minecraft:oak_sapling":29,"minecraft:fishing_rod":1,"minecraft:crafting_table":18,"minecraft:chicken":5,"naturalist:venison":1,"minecraft:shield":2,"minecraft:red_bed":6,"minecraft:moss_carpet":5,"minecraft:observer":1,"minecraft:phantom_membrane":2,"minecraft:sugar_cane":11,"minecraft:egg":1,"minecraft:dark_oak_sapling":1,"minecraft:raw_iron":252,"naturalist:duck":1,"minecraft:stone":5,"minecraft:redstone":177,"meadow:inky_wool":1,"inmis:frayed_backpack":1,"minecraft:arrow":15,"minecraft:mutton":4,"minecraft:white_wool":23,"minecraft:salmon":1,"minecraft:leather":1,"minecraft:oak_log":71,"minecraft:lily_pad":12,"minecraft:gunpowder":4,"minecraft:cooked_mutton":1,"naturalist:bass":1,"regions_unexplored:large_prismarite_cluster":1,"minecraft:apple":2,"minecraft:stone_bricks":3,"minecraft:iron_ingot":1,"minecraft:iron_sword":1,"minecraft:book":45,"minecraft:smooth_basalt":7,"minecraft:black_candle":4,"regions_unexplored:white_magnolia_sapling":11,"minecraft:stone_brick_slab":1,"minecraft:gravel":129,"minecraft:amethyst_shard":16,"minecraft:blast_furnace":3,"minecraft:spruce_log":2,"minecraft:mossy_stone_brick_slab":1,"minecraft:spider_eye":15,"regions_unexplored:fireweed":7,"minecraft:iron_helmet":1,"minecraft:baked_potato":64,"minecraft:coal":266,"minecraft:ender_pearl":1},"minecraft:custom":{"minecraft:interact_with_crafting_table":208,"minecraft:open_barrel":14,"minecraft:bell_ring":1,"minecraft:leave_game":20,"minecraft:time_since_death":112527,"minecraft:sprint_one_cm":1217978,"minecraft:damage_blocked_by_shield":6480,"minecraft:drop":192,"minecraft:talked_to_villager":42,"minecraft:play_time":659945,"minecraft:deaths":14,"minecraft:jump":9491,"minecraft:interact_with_brewingstand":6,"minecraft:walk_on_water_one_cm":114885,"minecraft:interact_with_furnace":183,"minecraft:interact_with_cartography_table":1,"minecraft:interact_with_loom":1,"minecraft:sleep_in_bed":17,"minecraft:damage_dealt":25109,"minecraft:crouch_one_cm":11436,"minecraft:interact_with_smoker":33,"minecraft:mob_kills":150,"minecraft:interact_with_anvil":15,"minecraft:climb_one_cm":14862,"minecraft:walk_one_cm":2357372,"minecraft:sneak_time":5817,"minecraft:walk_under_water_one_cm":67721,"minecraft:boat_one_cm":128249,"minecraft:interact_with_blast_furnace":84,"minecraft:total_world_time":659945,"minecraft:interact_with_stonecutter":2,"minecraft:time_since_rest":16978,"minecraft:damage_taken":11560,"minecraft:damage_absorbed":2310,"minecraft:swim_one_cm":5164,"minecraft:fly_one_cm":537919,"minecraft:open_chest":256,"minecraft:fish_caught":2,"minecraft:fall_one_cm":139892}},"DataVersion":3465}