{"stats":{"minecraft:crafted":{"naturalist:cooked_duck":2,"candlelight:cooking_pan":1,"minecraft:smooth_stone":6,"minecraft:oak_planks":504,"minecraft:oak_sign":6,"minecraft:barrel":6,"naturalist:cooked_venison":1,"minecraft:cherry_pressure_plate":4,"minecraft:cherry_slab":132,"minecraft:cooked_chicken":5,"minecraft:chain":4,"minecraft:lightning_rod":1,"minecraft:oak_hanging_sign":12,"medievalweapons:recurve_bow":1,"minecraft:stone":238,"minecraft:bookshelf":15,"candlelight:gold_ring":1,"minecraft:cooked_mutton":10,"hearth_and_home:cobblestone_bricks":4,"minecraft:glass":57,"minecraft:hopper":3,"minecraft:diamond_helmet":2,"minecraft:diamond_leggings":1,"minecraft:bow":3,"minecraft:iron_boots":4,"minecraft:chest":16,"minecraft:stone_bricks":128,"minecraft:oak_fence":12,"minecraft:smoker":1,"minecraft:oak_slab":24,"minecraft:stripped_oak_log":15,"minecraft:wooden_shovel":1,"minecraft:arrow":28,"minecraft:cooked_porkchop":21,"minecraft:diamond_axe":1,"minecraft:crafting_table":13,"supplementaries:key":1,"minecraft:spruce_planks":242,"minecraft:iron_helmet":5,"minecraft:wooden_pickaxe":1,"minecraft:baked_potato":86,"medievalweapons:diamond_small_axe":1,"minecraft:copper_ingot":64,"medievalweapons:iron_healing_staff":1,"minecraft:stone_brick_stairs":16,"minecraft:spruce_trapdoor":56,"minecraft:iron_chestplate":4,"minecraft:diamond_pickaxe":1,"minecraft:cherry_sign":6,"inmis:plated_backpack":1,"minecraft:shield":9,"minecraft:stripped_cherry_wood":9,"minecraft:stick":218,"minecraft:iron_ingot":337,"minecraft:iron_pickaxe":20,"minecraft:iron_block":3,"minecraft:stone_sword":1,"minecraft:gold_ingot":209,"regions_unexplored:magnolia_fence":3,"regions_unexplored:magnolia_sign":3,"regions_unexplored:magnolia_boat":3,"graveyard:wither_skeleton_hand":1,"minecraft:cherry_planks":490,"minecraft:wooden_sword":1,"minecraft:saddle":1,"horseexpert:monocle":1,"minecraft:coal":14,"minecraft:stone_shovel":1,"minecraft:fishing_rod":1,"minecraft:smooth_stone_slab":6,"minecraft:iron_nugget":18,"minecraft:diamond_hoe":1,"comforts:sleeping_bag_white":1,"inmis:gilded_backpack":1,"minecraft:furnace":6,"minecraft:blast_furnace":1,"inmis:bejeweled_backpack":1,"minecraft:bone_meal":177,"minecraft:oak_trapdoor":18,"minecraft:glass_pane":64,"minecraft:cherry_trapdoor":42,"minecraft:leather":6,"minecraft:iron_axe":2,"minecraft:iron_hoe":1,"minecraft:spruce_slab":12,"minecraft:cherry_stairs":20,"minecraft:stone_pickaxe":12,"minecraft:cobblestone_wall":12,"minecraft:diamond_boots":2,"minecraft:dark_oak_planks":84,"regions_unexplored:magnolia_planks":326,"minecraft:cooked_beef":6,"minecraft:sugar":1,"minecraft:cooked_cod":1,"minecraft:stripped_spruce_wood":21,"minecraft:amethyst_shard":72,"minecraft:enchanting_table":1,"regions_unexplored:magnolia_door":3,"minecraft:iron_sword":1,"minecraft:bucket":3,"minecraft:stripped_cherry_log":130,"minecraft:stone_axe":1,"minecraft:air":0,"minecraft:oak_fence_gate":2,"minecraft:oak_boat":1,"minecraft:golden_apple":17,"minecraft:gold_nugget":18,"minecraft:oak_stairs":4,"minecraft:wooden_axe":2,"minecraft:iron_shovel":2,"minecraft:cherry_door":6,"minecraft:iron_leggings":4,"minecraft:stonecutter":1,"minecraft:anvil":1,"minecraft:white_bed":2,"minecraft:torch":484,"minecraft:stripped_spruce_log":1,"minecraft:diamond_chestplate":1},"minecraft:killed":{"deeperdarker:sculk_centipede":1,"minecraft:cave_spider":27,"graveyard:skeleton_creeper":1,"minecraft:spider":135,"endermanoverhaul:dark_oak_enderman":1,"minecraft:cod":1,"naturalist:boar":2,"naturalist:snail":1,"minecraft:skeleton":39,"deeperdarker:sculk_leech":5,"minecraft:chicken":6,"minecraft:silverfish":11,"creeperoverhaul:cave_creeper":3,"deeperdarker:stalker":1,"minecraft:pig":2,"minecraft:zombie_villager":1,"minecraft:salmon":2,"minecraft:creeper":7,"minecraft:sheep":3,"naturalist:hippo":1,"minecraft:pillager":8,"minecraft:donkey":1,"minecraft:zombie":97,"minecraft:stray":24,"minecraft:vindicator":1,"endermanoverhaul:swamp_enderman":1,"minecraft:slime":4,"naturalist:duck":2,"minecraft:phantom":4,"naturalist:deer":1,"naturalist:bass":4,"minecraft:drowned":1,"minecraft:warden":1,"minecraft:husk":25,"graveyard:ghoul":1,"deeperdarker:shriek_worm":1,"minecraft:player":1,"minecraft:enderman":3},"minecraft:mined":{"minecraft:large_amethyst_bud":3,"minecraft:spruce_planks":8,"minecraft:oak_sapling":3,"minecraft:mossy_stone_brick_slab":1,"minecraft:sculk_vein":29,"regions_unexplored:magnolia_log":21,"minecraft:brewing_stand":1,"minecraft:obsidian":21,"minecraft:carved_pumpkin":2,"minecraft:granite":29,"minecraft:budding_amethyst":2,"philipsruins:cracked_bone":5,"minecraft:grass_block":118,"deeperdarker:echo_soil":1,"minecraft:coal_block":2,"minecraft:spawner":1,"minecraft:sculk_catalyst":3,"minecraft:iron_ore":155,"minecraft:cobbled_deepslate":93,"regions_unexplored:mossy_stone":43,"minecraft:moss_carpet":1,"minecraft:deepslate_lapis_ore":19,"minecraft:enchanting_table":1,"minecraft:sculk_shrieker":3,"minecraft:dirt_path":2,"minecraft:small_amethyst_bud":1,"minecraft:iron_bars":1,"minecraft:black_candle":1,"deeperdarker:infested_sculk":2,"minecraft:tripwire":1,"minecraft:deepslate_redstone_ore":108,"minecraft:cut_sandstone":1,"regions_unexplored:white_magnolia_sapling":1,"minecraft:red_bed":6,"regions_unexplored:white_magnolia_leaves":2,"minecraft:medium_amethyst_bud":3,"minecraft:amethyst_cluster":8,"deeperdarker:sculk_stone":16,"minecraft:soul_lantern":2,"philipsruins:bone_bricks":3,"minecraft:torch":24,"minecraft:blast_furnace":3,"minecraft:calcite":8,"minecraft:chest":9,"regions_unexplored:pink_magnolia_sapling":1,"minecraft:glass":10,"minecraft:cobblestone":27,"minecraft:oak_planks":3,"minecraft:sugar_cane":4,"regions_unexplored:bamboo_log":1,"minecraft:wall_torch":38,"minecraft:amethyst_block":8,"minecraft:seagrass":1,"regions_unexplored:hyssop":51,"minecraft:blue_terracotta":1,"graveyard:oak_coffin":1,"minecraft:stone_brick_stairs":4,"minecraft:grass":123,"minecraft:oak_log":10,"minecraft:dirt":112,"minecraft:sand":64,"regions_unexplored:small_oak_sapling":1,"minecraft:smooth_basalt":7,"minecraft:stonecutter":1,"regions_unexplored:prismoss_sprout":1,"minecraft:oak_leaves":3,"minecraft:deepslate":4961,"philipsruins:bone_bricks_slab":1,"regions_unexplored:fireweed":26,"minecraft:infested_deepslate":2,"minecraft:deepslate_tiles":3,"minecraft:tuff":304,"minecraft:mossy_cobblestone":8,"minecraft:deepslate_diamond_ore":38,"minecraft:red_stained_glass":1,"minecraft:cherry_sapling":9,"minecraft:dark_oak_log":49,"philipsruins:fractured_bone_bricks":2,"philipsruins:bone_chunk_block":6,"minecraft:redstone_wire":2,"minecraft:spruce_leaves":75,"regions_unexplored:large_prismarite_cluster":1,"minecraft:redstone_ore":3,"minecraft:spruce_sapling":8,"minecraft:furnace":6,"minecraft:andesite":62,"minecraft:chiseled_deepslate":1,"minecraft:gold_block":2,"deeperdarker:sculk_tendrils":1,"minecraft:polished_deepslate":7,"minecraft:mossy_stone_brick_stairs":4,"minecraft:bookshelf":29,"minecraft:potatoes":1,"philipsruins:bone_bricks_stairs":3,"minecraft:deepslate_iron_ore":184,"minecraft:vine":21,"minecraft:rail":1,"deeperdarker:sculk_tendrils_plant":4,"regions_unexplored:medium_grass":29,"minecraft:bamboo":6,"minecraft:stone":1103,"minecraft:white_wool":20,"minecraft:glass_pane":2,"deeperdarker:ancient_vase":53,"minecraft:stone_brick_slab":1,"minecraft:observer":1,"minecraft:crafting_table":23,"minecraft:emerald_ore":2,"minecraft:sculk_sensor":3,"minecraft:copper_ore":21,"minecraft:tall_grass":7,"minecraft:lapis_ore":2,"minecraft:deepslate_gold_ore":129,"regions_unexplored:daisy":15,"minecraft:sculk":700,"minecraft:diorite":78,"supplementaries:urn":53,"minecraft:cobblestone_wall":1,"minecraft:birch_leaves":1,"minecraft:spruce_log":4,"minecraft:coal_ore":285,"minecraft:end_rod":1,"minecraft:gravel":262,"minecraft:dripstone_block":1,"minecraft:cobweb":43,"minecraft:cracked_stone_bricks":6,"minecraft:stone_bricks":9,"minecraft:mossy_stone_bricks":5,"minecraft:gold_ore":24,"regions_unexplored:magnolia_planks":58,"minecraft:fern":3},"minecraft:used":{"minecraft:cherry_sapling":53,"minecraft:blue_terracotta":1,"minecraft:iron_shovel":383,"minecraft:writable_book":2,"minecraft:polished_deepslate":4,"minecraft:diamond_hoe":404,"minecraft:chest":20,"minecraft:shield":470,"minecraft:stone":58,"minecraft:iron_sword":190,"naturalist:cooked_venison":1,"minecraft:tuff":4,"minecraft:honey_bottle":2,"medievalweapons:diamond_small_axe":891,"regions_unexplored:magnolia_fence":1,"minecraft:glass":10,"minecraft:stone_bricks":1,"minecraft:bow":302,"minecraft:cooked_cod":1,"minecraft:furnace":10,"minecraft:egg":1,"minecraft:potato":3,"minecraft:dark_oak_sapling":1,"minecraft:mossy_stone_bricks":4,"minecraft:oak_planks":14,"minecraft:stone_pickaxe":1579,"minecraft:wooden_pickaxe":61,"minecraft:diamond_axe":47,"naturalist:duck_egg":2,"minecraft:golden_apple":18,"minecraft:sand":2,"candlelight:cooking_pan":2,"minecraft:blast_furnace":4,"minecraft:lightning_rod":1,"regions_unexplored:fireweed":3,"minecraft:chiseled_sandstone":1,"minecraft:melon_slice":7,"minecraft:bread":95,"minecraft:string":1,"minecraft:cherry_sign":1,"minecraft:soul_lantern":1,"minecraft:wooden_sword":36,"naturalist:cooked_duck":2,"minecraft:andesite":1,"minecraft:oak_boat":1,"philipsruins:bone_chunk_block":2,"minecraft:bone_meal":196,"minecraft:stone_sword":30,"minecraft:enchanting_table":1,"regions_unexplored:magnolia_boat":3,"minecraft:stone_shovel":112,"minecraft:redstone":2,"minecraft:spruce_planks":1,"minecraft:sculk":2,"minecraft:wooden_shovel":14,"minecraft:cooked_chicken":5,"minecraft:torch":634,"minecraft:dirt":178,"minecraft:anvil":1,"minecraft:cobblestone_wall":3,"regions_unexplored:hyssop":6,"minecraft:iron_hoe":252,"minecraft:wooden_axe":64,"regions_unexplored:magnolia_door":3,"minecraft:bookshelf":14,"minecraft:iron_axe":82,"philipsruins:cracked_bone":1,"minecraft:bamboo":4,"comforts:sleeping_bag_white":11,"minecraft:cooked_beef":6,"minecraft:enchanted_golden_apple":1,"minecraft:cobbled_deepslate":449,"regions_unexplored:blue_lupine":1,"minecraft:cooked_mutton":10,"minecraft:water_bucket":12,"minecraft:baked_potato":150,"minecraft:cherry_planks":12,"minecraft:stonecutter":1,"regions_unexplored:pink_magnolia_sapling":5,"minecraft:glow_item_frame":1,"minecraft:crafting_table":35,"minecraft:red_bed":6,"minecraft:white_bed":2,"regions_unexplored:magnolia_planks":194,"minecraft:smoker":1,"minecraft:diamond_pickaxe":1652,"minecraft:apple":63,"regions_unexplored:white_magnolia_sapling":11,"minecraft:iron_pickaxe":4744,"minecraft:spruce_sapling":26,"minecraft:stone_axe":76,"minecraft:fishing_rod":7,"minecraft:cobblestone":291,"medievalweapons:recurve_bow":50,"minecraft:cooked_porkchop":21,"minecraft:bucket":15,"minecraft:glass_pane":45,"medievalweapons:iron_healing_staff":6},"minecraft:dropped":{"minecraft:iron_sword":2,"naturalist:snail_shell":1,"minecraft:lapis_lazuli":26,"minecraft:oak_log":16,"minecraft:diamond":16,"minecraft:crafting_table":1,"philipsruins:cracked_bone":2,"philipsruins:bone_bricks":3,"minecraft:mossy_stone_brick_stairs":1,"minecraft:flint":5,"minecraft:dirt":56,"regions_unexplored:large_prismarite_cluster":1,"minecraft:gold_nugget":34,"minecraft:bone_meal":6,"minecraft:sand":24,"regions_unexplored:prismarite_cluster":2,"minecraft:sugar":1,"minecraft:iron_pickaxe":1,"minecraft:fishing_rod":4,"minecraft:bone":33,"minecraft:gravel":164,"medievalweapons:diamond_small_axe":1,"minecraft:iron_nugget":27,"minecraft:cobbled_deepslate":1884,"minecraft:soul_lantern":1,"minecraft:cherry_sapling":14,"minecraft:rotten_flesh":147,"minecraft:oak_planks":1,"minecraft:cooked_mutton":1,"deeperdarker:heart_of_the_deep":1,"minecraft:honey_bottle":2,"minecraft:salmon":1,"supplementaries:antique_ink":2,"supplementaries:flax_seeds":1,"supplementaries:ash":21,"minecraft:tipped_arrow":2,"minecraft:gunpowder":11,"minecraft:chest":2,"minecraft:leather_boots":1,"minecraft:arrow":3,"exposure:photograph":1,"minecraft:bread":6,"regions_unexplored:magnolia_planks":42,"regions_unexplored:fireweed":4,"minecraft:wheat_seeds":4,"minecraft:mossy_cobblestone":39,"minecraft:bookshelf":1,"minecraft:diamond_leggings":2,"minecraft:iron_helmet":2,"minecraft:feather":10,"minecraft:cobblestone":392,"minecraft:lead":1,"minecraft:granite":33,"philipsruins:bone_bricks_stairs":1,"regions_unexplored:daisy":7,"minecraft:stick":142,"minecraft:end_rod":1,"minecraft:cobweb":15,"philipsruins:bone_bricks_slab":1,"regions_unexplored:small_oak_log":40,"minecraft:black_candle":4,"minecraft:diorite":38,"minecraft:sculk_catalyst":1,"minecraft:torch":4,"naturalist:bass":1,"minecraft:melon_slice":1,"minecraft:brown_wool":2,"minecraft:iron_leggings":2,"minecraft:iron_shovel":1,"minecraft:string":166,"minecraft:lily_pad":8,"minecraft:redstone":84,"minecraft:polished_deepslate":11,"minecraft:furnace":1,"regions_unexplored:magnolia_fence":2,"minecraft:moss_carpet":5,"minecraft:oak_trapdoor":4,"regions_unexplored:bamboo_log":2,"minecraft:raw_copper":2,"minecraft:tuff":113,"minecraft:raw_iron":10,"philipsruins:broken_bone":40,"regions_unexplored:hyssop":12,"regions_unexplored:small_oak_sapling":2,"minecraft:glass_pane":12,"regions_unexplored:bamboo_sapling":6,"minecraft:potato":29,"minecraft:stone":43,"minecraft:shield":1,"minecraft:diamond_chestplate":2,"minecraft:spruce_planks":119,"minecraft:iron_chestplate":4,"minecraft:andesite":123,"minecraft:oak_sapling":49,"minecraft:stone_bricks":2,"minecraft:spider_eye":45,"minecraft:bamboo":13,"minecraft:diamond_boots":1,"minecraft:bow":1,"hearth_and_home:cobblestone_bricks":4,"philipsruins:bone_chunk_block":3,"exposure:aged_photograph":1,"deeperdarker:cobbled_sculk_stone":9},"minecraft:broken":{"minecraft:iron_shovel":1,"minecraft:diamond_helmet":1,"minecraft:iron_boots":3,"minecraft:iron_chestplate":1,"minecraft:iron_leggings":1,"minecraft:stone_pickaxe":12,"minecraft:stone_axe":1,"minecraft:wooden_axe":1,"minecraft:iron_hoe":1,"minecraft:wooden_pickaxe":1,"minecraft:shield":6,"minecraft:iron_axe":1,"minecraft:iron_pickaxe":18,"minecraft:iron_helmet":2},"minecraft:killed_by":{"minecraft:creeper":1,"graveyard:skeleton_creeper":2,"minecraft:zombie":2,"naturalist:hippo":1,"minecraft:player":2,"minecraft:spider":2,"minecraft:enderman":1,"minecraft:warden":19,"minecraft:skeleton":5},"minecraft:picked_up":{"regions_unexplored:small_oak_log":54,"minecraft:iron_chestplate":2,"candlelight:gold_ring":1,"regions_unexplored:magnolia_log":86,"minecraft:lead":8,"minecraft:enchanted_book":5,"minecraft:stone_brick_stairs":3,"minecraft:brewing_stand":1,"minecraft:amethyst_block":8,"minecraft:polished_deepslate":17,"minecraft:string":236,"regions_unexplored:prismarite_cluster":3,"minecraft:raw_copper":66,"regions_unexplored:magnolia_door":1,"minecraft:iron_leggings":1,"minecraft:diamond_leggings":3,"minecraft:deepslate_tiles":1,"regions_unexplored:bamboo_sapling":6,"minecraft:gold_nugget":42,"minecraft:cobbled_deepslate":3329,"comforts:sleeping_bag_white":12,"minecraft:spruce_planks":74,"minecraft:enchanted_golden_apple":1,"minecraft:coal_block":2,"minecraft:furnace":7,"minecraft:tipped_arrow":2,"minecraft:stick":389,"minecraft:torch":186,"deeperdarker:heart_of_the_deep":1,"minecraft:porkchop":7,"minecraft:cherry_log":388,"minecraft:diorite":97,"regions_unexplored:daisy":14,"regions_unexplored:pink_magnolia_sapling":5,"deeperdarker:soul_dust":2,"minecraft:rotten_flesh":168,"supplementaries:antique_ink":2,"minecraft:carved_pumpkin":2,"minecraft:end_rod":1,"supplementaries:quiver":1,"supplementaries:ash":21,"minecraft:obsidian":21,"minecraft:cod":1,"minecraft:cobblestone":1232,"minecraft:enchanting_table":1,"deeperdarker:cobbled_sculk_stone":9,"minecraft:feather":19,"minecraft:cherry_planks":124,"minecraft:water_bucket":2,"minecraft:andesite":125,"minecraft:brown_wool":3,"minecraft:potato":30,"exposure:aged_photograph":1,"minecraft:flint":25,"minecraft:tuff":242,"supplementaries:flax_seeds":1,"minecraft:lapis_lazuli":167,"minecraft:dirt":284,"minecraft:name_tag":1,"minecraft:leather_boots":1,"minecraft:bone":85,"minecraft:bow":3,"minecraft:wheat_seeds":20,"regions_unexplored:magnolia_planks":105,"minecraft:raw_gold":154,"minecraft:mossy_stone_bricks":4,"minecraft:diamond_helmet":1,"minecraft:bamboo":95,"naturalist:snail_shell":1,"minecraft:oak_planks":4,"minecraft:mossy_stone_brick_stairs":4,"regions_unexplored:bamboo_log":2,"minecraft:sand":83,"deeperdarker:soul_crystal":3,"minecraft:chiseled_sandstone":1,"minecraft:dark_oak_log":48,"naturalist:duck_egg":2,"minecraft:mossy_cobblestone":39,"graveyard:oak_coffin":1,"regions_unexplored:hyssop":21,"minecraft:blue_terracotta":1,"minecraft:diamond":74,"minecraft:soul_lantern":2,"minecraft:granite":45,"minecraft:bone_meal":7,"minecraft:golden_apple":13,"minecraft:emerald":36,"minecraft:bread":41,"minecraft:oak_sapling":121,"minecraft:diamond_pickaxe":1,"philipsruins:bone_chunk_block":5,"minecraft:fishing_rod":5,"minecraft:crafting_table":25,"minecraft:chicken":5,"naturalist:venison":1,"minecraft:gold_block":1,"minecraft:diamond_horse_armor":3,"minecraft:shield":3,"minecraft:oak_trapdoor":4,"minecraft:red_bed":6,"minecraft:moss_carpet":5,"minecraft:iron_axe":1,"minecraft:iron_shovel":2,"deeperdarker:warden_carapace":2,"philipsruins:bone_bricks":3,"minecraft:observer":1,"minecraft:iron_nugget":27,"minecraft:sugar_cane":11,"minecraft:chest":9,"minecraft:phantom_membrane":3,"minecraft:egg":1,"minecraft:dark_oak_sapling":1,"minecraft:raw_iron":400,"philipsruins:cracked_bone":3,"naturalist:duck":2,"minecraft:stone":7,"minecraft:glow_item_frame":1,"regions_unexplored:blue_lupine":1,"supplementaries:key":1,"minecraft:redstone":396,"meadow:inky_wool":1,"philipsruins:bone_bricks_stairs":2,"inmis:frayed_backpack":1,"minecraft:arrow":42,"minecraft:diamond_chestplate":3,"medievalweapons:iron_healing_staff":1,"minecraft:diamond_boots":2,"minecraft:gold_ingot":43,"minecraft:saddle":2,"philipsruins:bone_bricks_slab":2,"minecraft:mutton":4,"inmis:bejeweled_backpack":1,"minecraft:bone_block":1,"minecraft:white_wool":23,"minecraft:salmon":2,"minecraft:leather":1,"minecraft:oak_log":199,"minecraft:lily_pad":12,"minecraft:cobblestone_wall":1,"minecraft:gunpowder":14,"regions_unexplored:small_oak_sapling":2,"minecraft:cooked_mutton":1,"naturalist:bass":5,"regions_unexplored:large_prismarite_cluster":1,"horseexpert:monocle":1,"minecraft:apple":41,"minecraft:stone_bricks":3,"minecraft:cobweb":14,"minecraft:iron_ingot":2,"philipsruins:broken_bone":40,"minecraft:cherry_sign":2,"minecraft:iron_sword":1,"minecraft:sculk_catalyst":1,"minecraft:book":87,"minecraft:scaffolding":3,"minecraft:sculk":2,"minecraft:smooth_basalt":7,"minecraft:black_candle":4,"regions_unexplored:white_magnolia_sapling":11,"minecraft:stone_brick_slab":1,"minecraft:gravel":253,"minecraft:lava_bucket":1,"minecraft:amethyst_shard":24,"medievalweapons:diamond_small_axe":2,"minecraft:spruce_sapling":81,"minecraft:blast_furnace":3,"minecraft:spruce_log":256,"minecraft:mossy_stone_brick_slab":1,"minecraft:spider_eye":51,"regions_unexplored:fireweed":9,"minecraft:iron_helmet":1,"minecraft:birch_sign":19,"minecraft:cherry_sapling":181,"minecraft:baked_potato":64,"minecraft:coal":330,"minecraft:ender_pearl":4},"minecraft:custom":{"minecraft:interact_with_crafting_table":385,"minecraft:open_barrel":31,"minecraft:bell_ring":1,"minecraft:eat_cake_slice":2,"minecraft:leave_game":27,"minecraft:time_since_death":6124,"minecraft:damage_resisted":69,"minecraft:sprint_one_cm":2340045,"minecraft:damage_blocked_by_shield":19610,"minecraft:drop":404,"minecraft:talked_to_villager":42,"minecraft:play_time":1422833,"minecraft:deaths":39,"minecraft:interact_with_brewingstand":7,"minecraft:jump":16675,"minecraft:walk_on_water_one_cm":233665,"minecraft:enchant_item":2,"minecraft:interact_with_furnace":222,"minecraft:interact_with_cartography_table":1,"minecraft:interact_with_loom":2,"minecraft:sleep_in_bed":32,"minecraft:damage_dealt":66236,"minecraft:player_kills":2,"minecraft:crouch_one_cm":327953,"minecraft:interact_with_smoker":44,"minecraft:horse_one_cm":666824,"minecraft:interact_with_anvil":73,"minecraft:mob_kills":443,"minecraft:climb_one_cm":36409,"minecraft:walk_one_cm":4528093,"minecraft:target_hit":4,"minecraft:sneak_time":79911,"minecraft:walk_under_water_one_cm":168360,"minecraft:boat_one_cm":178413,"minecraft:interact_with_blast_furnace":127,"minecraft:total_world_time":1422833,"minecraft:interact_with_stonecutter":25,"minecraft:time_since_rest":6159,"minecraft:damage_absorbed":10145,"minecraft:damage_taken":28467,"minecraft:trigger_trapped_chest":1,"minecraft:swim_one_cm":17090,"minecraft:fly_one_cm":1241771,"minecraft:open_chest":546,"minecraft:fish_caught":2,"minecraft:fall_one_cm":316947}},"DataVersion":3465}