{"stats":{"minecraft:crafted":{"naturalist:cooked_duck":1,"minecraft:wooden_sword":1,"candlelight:cooking_pan":1,"minecraft:oak_planks":14,"minecraft:stone_shovel":1,"naturalist:cooked_venison":1,"comforts:sleeping_bag_white":1,"minecraft:cooked_chicken":5,"minecraft:furnace":6,"minecraft:stone":3,"minecraft:cooked_mutton":2,"minecraft:iron_boots":1,"minecraft:leather":6,"minecraft:stone_pickaxe":8,"minecraft:chest":6,"minecraft:dark_oak_planks":84,"regions_unexplored:magnolia_planks":120,"minecraft:wooden_shovel":1,"minecraft:cooked_porkchop":5,"minecraft:crafting_table":4,"minecraft:wooden_pickaxe":1,"regions_unexplored:magnolia_door":3,"minecraft:iron_helmet":1,"minecraft:iron_sword":1,"minecraft:copper_ingot":64,"minecraft:stone_axe":1,"minecraft:air":0,"minecraft:iron_chestplate":1,"inmis:plated_backpack":1,"minecraft:stick":60,"minecraft:iron_ingot":47,"minecraft:iron_pickaxe":1,"minecraft:wooden_axe":2,"minecraft:stone_sword":1,"minecraft:iron_leggings":1,"minecraft:torch":96},"minecraft:killed":{"minecraft:spider":5,"naturalist:duck":1,"naturalist:boar":2,"minecraft:skeleton":2,"naturalist:deer":1,"minecraft:chicken":6,"minecraft:pig":1,"minecraft:creeper":1,"minecraft:sheep":3,"minecraft:donkey":1,"minecraft:zombie":10},"minecraft:mined":{"regions_unexplored:magnolia_log":3,"minecraft:dark_oak_log":49,"minecraft:brewing_stand":1,"minecraft:carved_pumpkin":2,"minecraft:granite":12,"minecraft:grass_block":23,"regions_unexplored:large_prismarite_cluster":1,"minecraft:redstone_ore":3,"minecraft:furnace":3,"minecraft:iron_ore":42,"regions_unexplored:mossy_stone":39,"minecraft:andesite":15,"minecraft:moss_carpet":1,"minecraft:deepslate_iron_ore":23,"minecraft:dirt_path":1,"regions_unexplored:medium_grass":4,"minecraft:bamboo":1,"minecraft:stone":729,"regions_unexplored:white_magnolia_sapling":1,"minecraft:red_bed":5,"regions_unexplored:white_magnolia_leaves":1,"minecraft:soul_lantern":2,"minecraft:crafting_table":5,"minecraft:torch":8,"regions_unexplored:pink_magnolia_sapling":1,"minecraft:copper_ore":21,"minecraft:cobblestone":5,"minecraft:deepslate_gold_ore":15,"regions_unexplored:daisy":7,"minecraft:diorite":54,"minecraft:wall_torch":10,"supplementaries:urn":7,"regions_unexplored:hyssop":20,"minecraft:stone_brick_stairs":1,"minecraft:grass":45,"minecraft:coal_ore":96,"minecraft:gravel":8,"minecraft:dirt":26,"minecraft:stone_bricks":1,"regions_unexplored:prismoss_sprout":1,"regions_unexplored:magnolia_planks":58,"minecraft:deepslate":5,"minecraft:fern":1,"regions_unexplored:fireweed":14},"minecraft:used":{"minecraft:stone_sword":30,"minecraft:stone_shovel":34,"minecraft:chest":6,"minecraft:iron_sword":39,"minecraft:cooked_chicken":1,"minecraft:wooden_shovel":14,"minecraft:torch":97,"minecraft:dirt":4,"regions_unexplored:hyssop":6,"minecraft:wooden_axe":64,"regions_unexplored:magnolia_door":2,"minecraft:bamboo":4,"minecraft:furnace":9,"comforts:sleeping_bag_white":2,"minecraft:egg":1,"minecraft:dark_oak_sapling":1,"minecraft:stone_pickaxe":1000,"minecraft:baked_potato":19,"minecraft:wooden_pickaxe":61,"regions_unexplored:pink_magnolia_sapling":3,"minecraft:crafting_table":9,"minecraft:red_bed":5,"candlelight:cooking_pan":2,"regions_unexplored:magnolia_planks":168,"regions_unexplored:fireweed":3,"regions_unexplored:white_magnolia_sapling":7,"minecraft:bread":20,"minecraft:iron_pickaxe":21,"minecraft:soul_lantern":1,"minecraft:stone_axe":50,"minecraft:wooden_sword":36,"minecraft:cobblestone":100,"minecraft:cooked_porkchop":1,"minecraft:bone_meal":13},"minecraft:dropped":{"minecraft:wheat_seeds":1,"minecraft:mossy_cobblestone":36,"minecraft:crafting_table":1,"minecraft:cobblestone":162,"minecraft:granite":12,"regions_unexplored:daisy":1,"minecraft:dirt":46,"minecraft:cobweb":1,"minecraft:torch":1,"minecraft:brown_wool":1,"minecraft:bone_meal":6,"regions_unexplored:prismarite_cluster":2,"minecraft:string":1,"minecraft:bone":5,"minecraft:gravel":8,"minecraft:moss_carpet":4,"regions_unexplored:hyssop":3,"supplementaries:flax_seeds":1,"minecraft:gunpowder":1,"minecraft:andesite":30,"minecraft:oak_sapling":3,"minecraft:spider_eye":1,"minecraft:bamboo":4},"minecraft:broken":{"minecraft:wooden_pickaxe":1,"minecraft:stone_pickaxe":7,"minecraft:wooden_axe":1},"minecraft:killed_by":{"minecraft:creeper":1,"minecraft:spider":2,"graveyard:skeleton_creeper":1,"minecraft:skeleton":3,"minecraft:zombie":2},"minecraft:picked_up":{"minecraft:crafting_table":6,"minecraft:chicken":5,"naturalist:venison":1,"regions_unexplored:magnolia_log":31,"minecraft:brewing_stand":1,"regions_unexplored:prismarite_cluster":3,"minecraft:string":4,"minecraft:red_bed":5,"minecraft:moss_carpet":4,"minecraft:raw_copper":66,"minecraft:cobbled_deepslate":5,"minecraft:gold_nugget":8,"comforts:sleeping_bag_white":2,"minecraft:egg":1,"minecraft:furnace":3,"minecraft:dark_oak_sapling":1,"minecraft:stick":4,"minecraft:raw_iron":65,"naturalist:duck":1,"minecraft:torch":36,"minecraft:porkchop":5,"minecraft:diorite":54,"minecraft:redstone":13,"meadow:inky_wool":1,"regions_unexplored:daisy":7,"regions_unexplored:pink_magnolia_sapling":3,"inmis:frayed_backpack":1,"minecraft:rotten_flesh":6,"minecraft:carved_pumpkin":2,"minecraft:mutton":4,"minecraft:white_wool":4,"minecraft:cobblestone":808,"minecraft:feather":8,"minecraft:andesite":30,"minecraft:leather":1,"minecraft:brown_wool":2,"minecraft:oak_log":4,"supplementaries:flax_seeds":1,"minecraft:gunpowder":1,"minecraft:dirt":96,"regions_unexplored:large_prismarite_cluster":1,"minecraft:bone":11,"minecraft:wheat_seeds":7,"regions_unexplored:magnolia_planks":58,"minecraft:raw_gold":14,"minecraft:bamboo":12,"regions_unexplored:white_magnolia_sapling":7,"minecraft:gravel":8,"minecraft:dark_oak_log":48,"minecraft:spider_eye":1,"minecraft:mossy_cobblestone":36,"regions_unexplored:hyssop":9,"regions_unexplored:fireweed":3,"minecraft:soul_lantern":2,"minecraft:granite":24,"minecraft:bone_meal":6,"minecraft:baked_potato":64,"minecraft:oak_sapling":6,"minecraft:coal":96},"minecraft:custom":{"minecraft:mob_kills":33,"minecraft:open_barrel":2,"minecraft:interact_with_crafting_table":47,"minecraft:bell_ring":1,"minecraft:time_since_death":16283,"minecraft:climb_one_cm":1717,"minecraft:sprint_one_cm":386998,"minecraft:walk_one_cm":681181,"minecraft:drop":57,"minecraft:play_time":176754,"minecraft:deaths":9,"minecraft:sneak_time":1508,"minecraft:walk_under_water_one_cm":24678,"minecraft:jump":1884,"minecraft:walk_on_water_one_cm":27837,"minecraft:total_world_time":176754,"minecraft:interact_with_furnace":69,"minecraft:interact_with_loom":1,"minecraft:sleep_in_bed":9,"minecraft:time_since_rest":12225,"minecraft:damage_taken":4032,"minecraft:damage_dealt":4449,"minecraft:fly_one_cm":129907,"minecraft:open_chest":47,"minecraft:crouch_one_cm":2569,"minecraft:fall_one_cm":31957}},"DataVersion":3465}