{"stats":{"minecraft:crafted":{"minecraft:brick":12,"minecraft:smooth_stone":3,"minecraft:barrel":4,"minecraft:dark_oak_pressure_plate":4,"minecraft:cooked_chicken":2,"minecraft:stone":8,"minecraft:bookshelf":45,"minecraft:cooked_mutton":13,"bakery:drawer":2,"minecraft:flower_pot":3,"minecraft:crafting_table":2,"beautify:bookstack":1,"minecraft:baked_potato":134,"minecraft:campfire":2,"regions_unexplored:magnolia_button":3,"minecraft:dark_oak_slab":12,"minecraft:stick":32,"minecraft:iron_pickaxe":1,"minecraft:smooth_stone_slab":6,"minecraft:stone_button":5,"minecraft:dark_oak_sign":3,"regions_unexplored:magnolia_slab":36,"minecraft:glass_pane":16,"regions_unexplored:mauve_planks":16,"minecraft:iron_axe":1,"regions_unexplored:magnolia_pressure_plate":3,"minecraft:ladder":6,"minecraft:dark_oak_planks":112,"regions_unexplored:magnolia_planks":492,"minecraft:dark_oak_stairs":68,"bakery:cabinet":3,"minecraft:air":0,"minecraft:wooden_axe":1,"minecraft:writable_book":1,"minecraft:iron_shovel":5,"minecraft:armor_stand":2,"minecraft:white_bed":1},"minecraft:killed":{"minecraft:spider":4,"minecraft:skeleton":2,"minecraft:bee":1,"minecraft:chicken":1,"naturalist:firefly":1,"minecraft:zombie":8,"minecraft:squid":3,"minecraft:enderman":1},"minecraft:mined":{"regions_unexplored:blue_lupine":26,"regions_unexplored:pink_bioshroom_block":6,"regions_unexplored:magnolia_log":8,"minecraft:carved_pumpkin":3,"regions_unexplored:pink_magnolia_shrub":1,"minecraft:grass_block":411,"minecraft:composter":1,"regions_unexplored:blue_bioshroom":2,"regions_unexplored:blue_bioshroom_block":6,"regions_unexplored:magnolia_sapling":9,"regions_unexplored:magnolia_stairs":44,"regions_unexplored:magnolia_trapdoor":8,"minecraft:barrel":39,"regions_unexplored:purple_lupine":24,"minecraft:potted_red_mushroom":2,"minecraft:pumpkin":6,"minecraft:dark_oak_stairs":36,"minecraft:brown_bed":6,"minecraft:skeleton_wall_skull":1,"minecraft:water_cauldron":4,"amendments:wall_lantern":1,"bakery:cabinet":1,"regions_unexplored:mauve_sapling":1,"bountiful:bountyboard":1,"regions_unexplored:white_magnolia_sapling":4,"minecraft:red_bed":15,"regions_unexplored:red_lupine":5,"regions_unexplored:yellow_lupine":3,"regions_unexplored:magnolia_fence":4,"regions_unexplored:white_magnolia_leaves":22,"minecraft:clay":9,"minecraft:torch":14,"beautify:hanging_pot":29,"regions_unexplored:magnolia_pressure_plate":8,"minecraft:chest":22,"regions_unexplored:magnolia_button":5,"regions_unexplored:pink_magnolia_sapling":8,"minecraft:mushroom_stem":7,"minecraft:cobblestone":1,"minecraft:grindstone":3,"minecraft:wall_torch":12,"regions_unexplored:tsubaki":2,"regions_unexplored:hyssop":20,"minecraft:dark_oak_slab":10,"minecraft:wheat":28,"minecraft:jukebox":1,"regions_unexplored:mauve_planks":1,"minecraft:cherry_door":2,"minecraft:orange_tulip":2,"minecraft:grass":31,"regions_unexplored:cherry_shrub":6,"regions_unexplored:oak_shrub":3,"minecraft:beetroots":10,"minecraft:dirt":371,"regions_unexplored:clover":98,"minecraft:red_mushroom_block":5,"minecraft:stonecutter":3,"minecraft:oak_leaves":1,"regions_unexplored:fireweed":12,"beautify:botanist_workbench":3,"regions_unexplored:potted_hyssop":1,"regions_unexplored:pink_lupine":31,"herbalbrews:hibiscus":4,"minecraft:jack_o_lantern":2,"minecraft:ladder":6,"minecraft:dark_oak_pressure_plate":1,"minecraft:dark_oak_fence":3,"regions_unexplored:magnolia_leaves":94,"regions_unexplored:magnolia_slab":41,"minecraft:moss_block":1,"minecraft:hay_block":4,"minecraft:potted_dark_oak_sapling":2,"minecraft:carrots":14,"regions_unexplored:white_magnolia_shrub":1,"minecraft:peony":4,"minecraft:bell":2,"minecraft:bookshelf":73,"minecraft:potatoes":12,"regions_unexplored:potted_day_lily":1,"minecraft:shroomlight":4,"minecraft:lantern":11,"regions_unexplored:medium_grass":61,"minecraft:bamboo":1,"regions_unexplored:small_oak_log":5,"minecraft:stone":139,"regions_unexplored:day_lily":2,"regions_unexplored:windswept_grass":1,"minecraft:smithing_table":1,"supplementaries:book_pile_horizontal":1,"minecraft:glass_pane":5,"regions_unexplored:pink_bioshroom":2,"minecraft:stripped_dark_oak_log":3,"minecraft:red_banner":3,"minecraft:crafting_table":7,"bakery:wild_strawberries":12,"regions_unexplored:pink_magnolia_leaves":17,"minecraft:lectern":3,"candlelight:wild_tomatoes":3,"minecraft:campfire":1,"minecraft:potted_oxeye_daisy":1,"minecraft:tall_grass":2,"regions_unexplored:mauve_log":1,"regions_unexplored:daisy":3,"minecraft:coarse_dirt":4,"minecraft:red_wall_banner":3,"regions_unexplored:tall_blue_bioshroom":2,"minecraft:coal_ore":3,"regions_unexplored:magnolia_shrub":1,"minecraft:end_rod":4,"minecraft:flower_pot":4,"beautify:lamp_light_bulb":3,"regions_unexplored:magnolia_planks":71,"minecraft:fern":2,"minecraft:dark_oak_planks":63},"minecraft:used":{"minecraft:peony":2,"minecraft:moss_block":1,"minecraft:writable_book":7,"minecraft:iron_shovel":901,"minecraft:ladder":12,"minecraft:chest":1,"minecraft:shield":79,"minecraft:iron_sword":125,"minecraft:rotten_flesh":2,"minecraft:iron_chestplate":1,"regions_unexplored:red_lupine":2,"minecraft:lily_of_the_valley":2,"minecraft:carrot":1,"regions_unexplored:mauve_sapling":2,"regions_unexplored:magnolia_fence":4,"regions_unexplored:purple_lupine":13,"minecraft:lantern":14,"minecraft:iron_helmet":1,"minecraft:dark_oak_slab":31,"minecraft:item_frame":8,"minecraft:hay_block":4,"minecraft:furnace":1,"regions_unexplored:magnolia_button":5,"minecraft:skeleton_skull":2,"minecraft:egg":1,"minecraft:dark_oak_stairs":142,"minecraft:end_rod":2,"minecraft:dark_oak_sign":1,"minecraft:orange_tulip":2,"beautify:botanist_workbench":3,"minecraft:composter":1,"beautify:hanging_pot":12,"bakery:drawer":2,"regions_unexplored:mauve_planks":1,"regions_unexplored:pink_bioshroom":4,"regions_unexplored:fireweed":5,"regions_unexplored:magnolia_slab":72,"minecraft:bread":11,"minecraft:stone_button":5,"minecraft:lectern":1,"minecraft:dark_oak_fence":2,"minecraft:grindstone":2,"minecraft:coarse_dirt":3,"regions_unexplored:magnolia_pressure_plate":8,"minecraft:carved_pumpkin":2,"minecraft:armor_stand":4,"minecraft:torch":11,"regions_unexplored:small_oak_log":1,"minecraft:dirt":692,"regions_unexplored:clover":4,"bakery:cabinet":4,"regions_unexplored:hyssop":1,"regions_unexplored:oak_shrub":1,"minecraft:shroomlight":1,"beautify:lamp_light_bulb":1,"minecraft:dark_oak_planks":167,"minecraft:wooden_axe":19,"regions_unexplored:daisy":3,"minecraft:bookshelf":21,"minecraft:iron_axe":378,"regions_unexplored:day_lily":1,"minecraft:iron_boots":1,"minecraft:barrel":49,"minecraft:dark_oak_pressure_plate":4,"regions_unexplored:blue_lupine":3,"minecraft:pumpkin":1,"regions_unexplored:tall_blue_bioshroom":2,"minecraft:iron_leggings":1,"minecraft:brown_bed":5,"minecraft:baked_potato":20,"minecraft:cauldron":1,"minecraft:stonecutter":3,"regions_unexplored:tsubaki":1,"regions_unexplored:pink_magnolia_leaves":2,"minecraft:white_bed":1,"minecraft:red_bed":11,"minecraft:crafting_table":6,"minecraft:red_mushroom":3,"minecraft:campfire":2,"bakery:strawberry":1,"regions_unexplored:magnolia_shrub":1,"regions_unexplored:magnolia_planks":217,"minecraft:flower_pot":12,"minecraft:cherry_door":6,"minecraft:iron_pickaxe":171,"beautify:bookstack":1,"regions_unexplored:magnolia_trapdoor":10,"bountiful:bountyboard":1,"regions_unexplored:magnolia_stairs":89,"minecraft:red_banner":3,"regions_unexplored:pink_magnolia_shrub":1,"minecraft:glass_pane":15,"minecraft:jukebox":1,"regions_unexplored:pink_lupine":20},"minecraft:dropped":{"minecraft:baked_potato":26,"minecraft:crafting_table":1,"minecraft:crossbow":1,"minecraft:birch_slab":1,"minecraft:emerald":14,"minecraft:dirt":1,"minecraft:red_bed":1,"minecraft:jack_o_lantern":4,"minecraft:iron_pickaxe":2,"minecraft:dark_oak_planks":65,"minecraft:cherry_door":1,"minecraft:bone":12,"bountiful:bounty":5,"minecraft:iron_nugget":4,"regions_unexplored:pink_bioshroom":4,"minecraft:rotten_flesh":18,"minecraft:grindstone":1,"minecraft:cooked_mutton":13,"beautify:hanging_pot":5,"minecraft:carrot":53,"regions_unexplored:magnolia_slab":1,"minecraft:arrow":4,"minecraft:glass":11,"minecraft:lectern":1,"minecraft:egg":1,"regions_unexplored:magnolia_planks":1,"minecraft:bookshelf":24,"minecraft:iron_helmet":1,"minecraft:book":2,"naturalist:glow_goop":1,"minecraft:golden_apple":1,"regions_unexplored:daisy":1,"minecraft:stick":5,"minecraft:torch":6,"candlelight:tomato":3,"minecraft:iron_leggings":3,"regions_unexplored:magnolia_button":2,"minecraft:iron_axe":1,"minecraft:iron_shovel":2,"minecraft:string":5,"minecraft:sweet_berries":2,"regions_unexplored:clover":19,"minecraft:iron_boots":1,"regions_unexplored:hyssop":19,"regions_unexplored:cherry_shrub":1,"regions_unexplored:pink_lupine":1,"minecraft:glass_pane":7,"minecraft:shroomlight":3,"minecraft:stone":1,"minecraft:carved_pumpkin":1,"minecraft:barrel":14,"beautify:lamp_light_bulb":2,"minecraft:spider_eye":2,"minecraft:bell":2},"minecraft:broken":{"minecraft:iron_shovel":3,"minecraft:wooden_axe":1,"minecraft:shield":1,"minecraft:iron_axe":3},"minecraft:killed_by":{"minecraft:creeper":2,"graveyard:skeleton_creeper":1,"minecraft:witch":1,"minecraft:zombie":2,"graveyard:ghoul":1,"minecraft:spider":2,"minecraft:enderman":1,"minecraft:skeleton":5},"minecraft:picked_up":{"regions_unexplored:small_oak_log":25,"minecraft:iron_chestplate":3,"minecraft:wheat":20,"minecraft:flower_pot":14,"regions_unexplored:magnolia_log":350,"minecraft:smithing_table":1,"minecraft:brown_bed":6,"bakery:strawberry_seeds":3,"regions_unexplored:magnolia_shrub":1,"minecraft:dark_oak_pressure_plate":1,"minecraft:string":11,"minecraft:iron_leggings":6,"minecraft:armor_stand":2,"minecraft:shroomlight":7,"minecraft:beetroot":20,"comforts:sleeping_bag_white":1,"minecraft:white_tulip":2,"minecraft:rose_bush":2,"minecraft:iron_pickaxe":3,"minecraft:iron_boots":4,"minecraft:stick":95,"minecraft:jukebox":1,"minecraft:composter":1,"minecraft:torch":35,"regions_unexplored:pink_magnolia_shrub":1,"beautify:lamp_light_bulb":6,"minecraft:cauldron":4,"regions_unexplored:daisy":5,"regions_unexplored:pink_magnolia_sapling":15,"regions_unexplored:magnolia_stairs":47,"regions_unexplored:magnolia_pressure_plate":8,"minecraft:honey_bottle":2,"minecraft:rotten_flesh":54,"regions_unexplored:tsubaki":2,"regions_unexplored:mauve_log":12,"minecraft:red_tulip":5,"minecraft:carved_pumpkin":5,"minecraft:end_rod":5,"regions_unexplored:magnolia_sapling":65,"minecraft:cobblestone":134,"minecraft:feather":1,"minecraft:lilac":2,"minecraft:birch_slab":1,"bakery:cabinet":1,"regions_unexplored:cherry_shrub":5,"regions_unexplored:white_magnolia_shrub":1,"minecraft:potato":41,"minecraft:cherry_door":4,"minecraft:dirt":841,"minecraft:lantern":14,"minecraft:glass":33,"minecraft:bone":24,"regions_unexplored:magnolia_planks":102,"minecraft:orange_tulip":6,"minecraft:stonecutter":4,"minecraft:wheat_seeds":95,"minecraft:bell":6,"regions_unexplored:mauve_leaves":36,"minecraft:grindstone":4,"regions_unexplored:pink_bioshroom":16,"minecraft:bamboo":8,"minecraft:moss_block":1,"minecraft:honeycomb":5,"beautify:hanging_pot":35,"regions_unexplored:tall_blue_bioshroom":3,"herbalbrews:hibiscus":4,"minecraft:ink_sac":7,"minecraft:lily_of_the_valley":4,"regions_unexplored:pink_lupine":37,"minecraft:barrel":56,"regions_unexplored:mauve_planks":1,"regions_unexplored:hyssop":58,"minecraft:writable_book":1,"regions_unexplored:clover":360,"minecraft:crossbow":1,"regions_unexplored:magnolia_trapdoor":44,"minecraft:golden_apple":2,"minecraft:bread":25,"minecraft:emerald":25,"minecraft:jack_o_lantern":8,"minecraft:dark_oak_fence":6,"minecraft:charcoal":2,"minecraft:crafting_table":9,"minecraft:coarse_dirt":3,"minecraft:allium":2,"minecraft:azure_bluet":5,"minecraft:chicken":1,"minecraft:ladder":6,"minecraft:clay_ball":32,"regions_unexplored:blue_bioshroom":7,"minecraft:shield":1,"minecraft:cornflower":2,"minecraft:red_bed":16,"minecraft:iron_axe":4,"minecraft:item_frame":11,"minecraft:iron_shovel":3,"minecraft:blue_orchid":2,"minecraft:iron_nugget":4,"minecraft:poppy":2,"minecraft:lectern":3,"minecraft:chest":43,"minecraft:cherry_trapdoor":5,"minecraft:egg":3,"minecraft:dark_oak_sapling":2,"regions_unexplored:day_lily":2,"exposure:photograph":3,"regions_unexplored:blue_lupine":38,"minecraft:carrot":251,"minecraft:dark_oak_planks":173,"inmis:gilded_backpack":1,"minecraft:arrow":7,"regions_unexplored:mauve_sapling":2,"minecraft:beetroot_seeds":27,"minecraft:peony":6,"beautify:botanist_workbench":3,"minecraft:hay_block":4,"minecraft:pink_tulip":2,"minecraft:gold_ingot":29,"regions_unexplored:purple_lupine":34,"bountiful:bountyboard":1,"minecraft:skeleton_skull":2,"minecraft:oxeye_daisy":3,"regions_unexplored:peat_dirt":1,"minecraft:red_mushroom":3,"regions_unexplored:red_lupine":10,"naturalist:glow_goop":4,"bountiful:bounty":2,"regions_unexplored:magnolia_slab":86,"minecraft:iron_ingot":28,"candlelight:tomato":3,"minecraft:iron_sword":3,"regions_unexplored:yellow_lupine":4,"minecraft:dark_oak_stairs":26,"minecraft:book":221,"regions_unexplored:magnolia_button":6,"bakery:strawberry":11,"beautify:bookstack":1,"minecraft:dark_oak_slab":12,"regions_unexplored:white_magnolia_sapling":20,"minecraft:pumpkin":6,"minecraft:sweet_berries":8,"minecraft:dandelion":2,"regions_unexplored:oak_shrub":3,"minecraft:red_banner":6,"minecraft:spider_eye":4,"regions_unexplored:fireweed":23,"minecraft:iron_helmet":5,"regions_unexplored:magnolia_fence":30,"minecraft:baked_potato":14,"minecraft:stripped_dark_oak_log":4,"minecraft:coal":8},"minecraft:custom":{"minecraft:animals_bred":2,"minecraft:interact_with_crafting_table":59,"minecraft:open_barrel":250,"minecraft:bell_ring":24,"minecraft:leave_game":10,"minecraft:time_since_death":182030,"minecraft:sprint_one_cm":642986,"minecraft:damage_blocked_by_shield":1455,"minecraft:drop":123,"minecraft:play_time":435458,"minecraft:deaths":16,"minecraft:jump":2204,"minecraft:walk_on_water_one_cm":9504,"minecraft:interact_with_furnace":40,"minecraft:interact_with_loom":1,"minecraft:sleep_in_bed":22,"minecraft:damage_dealt":4977,"minecraft:crouch_one_cm":49099,"minecraft:interact_with_smoker":1,"minecraft:mob_kills":23,"minecraft:climb_one_cm":7578,"minecraft:walk_one_cm":1596129,"minecraft:sneak_time":27675,"minecraft:walk_under_water_one_cm":7286,"minecraft:interact_with_lectern":4,"minecraft:total_world_time":435458,"minecraft:pot_flower":19,"minecraft:interact_with_stonecutter":2,"minecraft:time_since_rest":1815,"minecraft:damage_absorbed":185,"minecraft:damage_taken":5554,"minecraft:swim_one_cm":29476,"minecraft:fly_one_cm":294936,"minecraft:open_chest":85,"minecraft:fall_one_cm":54019}},"DataVersion":3465}