{"stats":{"minecraft:killed":{"minecraft:zombie":5,"naturalist:firefly":1,"minecraft:spider":2},"minecraft:mined":{"regions_unexplored:blue_lupine":4,"minecraft:red_bed":1,"regions_unexplored:yellow_lupine":1,"regions_unexplored:pink_lupine":3,"regions_unexplored:pink_bioshroom":1,"regions_unexplored:pink_bioshroom_block":4,"regions_unexplored:purple_lupine":4,"minecraft:jack_o_lantern":2,"minecraft:grass_block":17,"minecraft:carved_pumpkin":1,"minecraft:grass":2,"regions_unexplored:tall_blue_bioshroom":1,"regions_unexplored:magnolia_shrub":1,"minecraft:shroomlight":3,"minecraft:dirt":1,"minecraft:mushroom_stem":6,"regions_unexplored:clover":3,"regions_unexplored:medium_grass":1,"minecraft:red_mushroom_block":5,"regions_unexplored:tsubaki":2},"minecraft:used":{"minecraft:bread":3,"minecraft:iron_helmet":1,"minecraft:shield":79,"minecraft:iron_sword":67,"minecraft:dirt":13,"minecraft:iron_boots":1,"minecraft:iron_chestplate":1,"minecraft:red_bed":1,"regions_unexplored:magnolia_shrub":1,"minecraft:iron_leggings":1},"minecraft:broken":{"minecraft:shield":1},"minecraft:killed_by":{"minecraft:skeleton":3,"minecraft:zombie":1},"minecraft:picked_up":{"minecraft:iron_chestplate":1,"regions_unexplored:tall_blue_bioshroom":1,"minecraft:red_mushroom":1,"regions_unexplored:blue_lupine":3,"regions_unexplored:magnolia_shrub":1,"minecraft:shield":1,"minecraft:dirt":18,"minecraft:spider_eye":1,"regions_unexplored:pink_lupine":3,"minecraft:string":1,"minecraft:red_bed":1,"naturalist:glow_goop":1,"minecraft:iron_leggings":1,"minecraft:iron_shovel":1,"minecraft:arrow":1,"minecraft:bone":3,"minecraft:shroomlight":3,"minecraft:rotten_flesh":14,"regions_unexplored:tsubaki":2,"minecraft:iron_helmet":1,"regions_unexplored:clover":3,"regions_unexplored:pink_bioshroom":4,"minecraft:carved_pumpkin":1,"minecraft:bread":3,"regions_unexplored:purple_lupine":4,"minecraft:baked_potato":14,"minecraft:jack_o_lantern":2,"minecraft:iron_sword":2,"regions_unexplored:yellow_lupine":1,"minecraft:iron_boots":1},"minecraft:custom":{"minecraft:time_since_rest":7313,"minecraft:damage_absorbed":185,"minecraft:interact_with_furnace":2,"minecraft:sprint_one_cm":49302,"minecraft:damage_taken":1346,"minecraft:walk_one_cm":183933,"minecraft:damage_blocked_by_shield":1455,"minecraft:mob_kills":8,"minecraft:damage_dealt":2406,"minecraft:fly_one_cm":33334,"minecraft:bell_ring":24,"minecraft:play_time":31977,"minecraft:open_chest":6,"minecraft:crouch_one_cm":1263,"minecraft:sneak_time":299,"minecraft:deaths":4,"minecraft:jump":228,"minecraft:leave_game":1,"minecraft:time_since_death":7290,"minecraft:total_world_time":31977,"minecraft:sleep_in_bed":3,"minecraft:interact_with_smoker":1,"minecraft:fall_one_cm":5595}},"DataVersion":3465}