{"stats":{"minecraft:mined":{"regions_unexplored:tall_blue_bioshroom":1,"minecraft:grass":1,"minecraft:mushroom_stem":2,"regions_unexplored:pink_bioshroom_block":1,"minecraft:red_mushroom_block":1},"minecraft:used":{"minecraft:iron_chestplate":1,"minecraft:iron_helmet":1,"minecraft:iron_sword":3,"minecraft:iron_boots":1,"minecraft:iron_leggings":1},"minecraft:picked_up":{"minecraft:iron_chestplate":1,"minecraft:iron_leggings":1,"regions_unexplored:tall_blue_bioshroom":1,"minecraft:iron_helmet":1,"minecraft:shield":1,"minecraft:iron_sword":1,"minecraft:iron_boots":1},"minecraft:custom":{"minecraft:time_since_rest":6446,"minecraft:play_time":6446,"minecraft:sprint_one_cm":71,"minecraft:damage_taken":20,"minecraft:walk_one_cm":28109,"minecraft:sneak_time":3,"minecraft:jump":25,"minecraft:time_since_death":6446,"minecraft:total_world_time":6446,"minecraft:fall_one_cm":484}},"DataVersion":3465}