{"stats":{"minecraft:crafted":{"minecraft:stick":4,"minecraft:wooden_axe":1,"minecraft:white_bed":1,"regions_unexplored:magnolia_planks":160},"minecraft:killed":{"naturalist:firefly":1,"minecraft:spider":3,"minecraft:skeleton":1,"minecraft:zombie":6,"minecraft:bee":1},"minecraft:mined":{"minecraft:dark_oak_planks":17,"regions_unexplored:blue_lupine":10,"minecraft:red_bed":2,"regions_unexplored:yellow_lupine":1,"regions_unexplored:pink_lupine":14,"regions_unexplored:white_magnolia_leaves":22,"regions_unexplored:pink_bioshroom":1,"regions_unexplored:pink_bioshroom_block":4,"regions_unexplored:magnolia_log":1,"minecraft:jack_o_lantern":2,"minecraft:carved_pumpkin":1,"minecraft:torch":1,"regions_unexplored:pink_magnolia_leaves":6,"bakery:wild_strawberries":12,"minecraft:grass_block":54,"minecraft:mushroom_stem":6,"regions_unexplored:magnolia_leaves":44,"regions_unexplored:tsubaki":2,"regions_unexplored:magnolia_sapling":2,"regions_unexplored:magnolia_stairs":10,"regions_unexplored:purple_lupine":13,"minecraft:peony":4,"minecraft:dark_oak_stairs":10,"minecraft:grass":10,"regions_unexplored:tall_blue_bioshroom":1,"regions_unexplored:magnolia_shrub":1,"minecraft:shroomlight":3,"minecraft:dirt":6,"regions_unexplored:clover":6,"regions_unexplored:medium_grass":13,"minecraft:red_mushroom_block":5,"regions_unexplored:magnolia_planks":12,"minecraft:oak_leaves":1},"minecraft:used":{"regions_unexplored:pink_lupine":11,"minecraft:dark_oak_stairs":25,"minecraft:iron_shovel":13,"minecraft:shield":79,"minecraft:iron_sword":75,"minecraft:iron_chestplate":1,"minecraft:torch":1,"minecraft:dirt":95,"minecraft:red_bed":2,"bakery:strawberry":1,"regions_unexplored:magnolia_shrub":1,"minecraft:white_bed":1,"regions_unexplored:magnolia_planks":145,"regions_unexplored:purple_lupine":8,"minecraft:wooden_axe":19,"minecraft:dark_oak_planks":43,"minecraft:bread":3,"minecraft:iron_helmet":1,"minecraft:iron_boots":1,"regions_unexplored:magnolia_stairs":16,"minecraft:iron_leggings":1},"minecraft:dropped":{"regions_unexplored:pink_lupine":1},"minecraft:broken":{"minecraft:shield":1,"minecraft:wooden_axe":1},"minecraft:killed_by":{"minecraft:skeleton":4,"minecraft:creeper":1,"minecraft:spider":2,"minecraft:zombie":2},"minecraft:picked_up":{"minecraft:iron_chestplate":1,"regions_unexplored:magnolia_log":41,"minecraft:red_mushroom":1,"bakery:strawberry_seeds":1,"regions_unexplored:magnolia_shrub":1,"minecraft:shield":1,"minecraft:red_bed":2,"minecraft:string":3,"minecraft:dirt":95,"naturalist:glow_goop":1,"minecraft:iron_leggings":1,"minecraft:iron_shovel":1,"minecraft:shroomlight":3,"minecraft:bone":4,"regions_unexplored:magnolia_planks":11,"minecraft:wheat_seeds":5,"regions_unexplored:pink_bioshroom":4,"minecraft:iron_sword":2,"regions_unexplored:yellow_lupine":1,"minecraft:dark_oak_stairs":6,"minecraft:iron_boots":1,"minecraft:stick":19,"bakery:strawberry":11,"regions_unexplored:tall_blue_bioshroom":1,"regions_unexplored:white_magnolia_sapling":3,"minecraft:torch":3,"regions_unexplored:blue_lupine":9,"regions_unexplored:pink_lupine":15,"minecraft:spider_eye":1,"minecraft:dark_oak_planks":18,"regions_unexplored:magnolia_stairs":10,"minecraft:arrow":1,"minecraft:rotten_flesh":16,"regions_unexplored:tsubaki":2,"minecraft:peony":4,"regions_unexplored:clover":13,"minecraft:iron_helmet":1,"minecraft:carved_pumpkin":1,"minecraft:bread":3,"minecraft:jack_o_lantern":2,"minecraft:baked_potato":14,"regions_unexplored:purple_lupine":13,"regions_unexplored:magnolia_sapling":7},"minecraft:custom":{"minecraft:interact_with_furnace":2,"minecraft:mob_kills":12,"minecraft:interact_with_crafting_table":3,"minecraft:bell_ring":24,"minecraft:leave_game":2,"minecraft:time_since_death":6843,"minecraft:sleep_in_bed":9,"minecraft:time_since_rest":6878,"minecraft:walk_one_cm":360855,"minecraft:sprint_one_cm":122231,"minecraft:damage_taken":2923,"minecraft:damage_absorbed":185,"minecraft:damage_blocked_by_shield":1455,"minecraft:drop":1,"minecraft:damage_dealt":3120,"minecraft:fly_one_cm":68737,"minecraft:open_chest":18,"minecraft:crouch_one_cm":11685,"minecraft:play_time":79855,"minecraft:deaths":10,"minecraft:sneak_time":6636,"minecraft:jump":606,"minecraft:interact_with_smoker":1,"minecraft:total_world_time":79855,"minecraft:fall_one_cm":16190}},"DataVersion":3465}