{"stats":{"minecraft:crafted":{"supplementaries:pulley_block":1,"inmis:baby_backpack":1,"regions_unexplored:maple_planks":8,"minecraft:birch_boat":2,"minecraft:birch_slab":6,"minecraft:glass":128,"minecraft:iron_boots":1,"minecraft:chest":5,"minecraft:crafting_table":5,"minecraft:spruce_planks":4,"minecraft:wooden_pickaxe":1,"minecraft:baked_potato":15,"minecraft:iron_helmet":1,"minecraft:birch_planks":248,"minecraft:iron_chestplate":1,"inmis:plated_backpack":1,"minecraft:shield":2,"minecraft:stick":16,"minecraft:iron_ingot":90,"regions_unexplored:redwood_door":3,"minecraft:iron_pickaxe":3,"minecraft:stone_sword":1,"minecraft:gold_ingot":26,"inmis:frayed_backpack":1,"minecraft:shears":1,"minecraft:wooden_sword":1,"minecraft:iron_nugget":81,"regions_unexplored:redwood_slab":18,"minecraft:furnace":3,"minecraft:lantern":8,"minecraft:iron_axe":1,"minecraft:stone_pickaxe":1,"minecraft:wheat":36,"minecraft:coal_block":3,"minecraft:diamond_sword":1,"minecraft:stone_axe":1,"minecraft:bread":13,"minecraft:air":0,"regions_unexplored:redwood_planks":160,"minecraft:iron_shovel":2,"minecraft:iron_leggings":1,"minecraft:torch":52},"minecraft:killed":{"minecraft:cave_spider":12,"minecraft:spider":6,"minecraft:skeleton":10,"minecraft:sheep":8,"minecraft:pillager":1,"minecraft:zombie":35,"meadow:wooly_cow":3,"minecraft:vindicator":2,"graveyard:ghoul":2},"minecraft:mined":{"minecraft:dark_oak_planks":2,"supplementaries:pulley_block":4,"minecraft:spruce_planks":1,"regions_unexplored:maple_log":2,"regions_unexplored:magnolia_log":19,"meadow:patched_wool":1,"minecraft:grass_block":77,"minecraft:spawner":1,"regions_unexplored:blue_bioshroom_block":3,"minecraft:magma_block":14,"minecraft:iron_ore":63,"regions_unexplored:redwood_planks":58,"graveyard:upper_bone_staff":1,"minecraft:deepslate_lapis_ore":4,"regions_unexplored:silt_grass_block":1,"minecraft:deepslate_redstone_ore":27,"regions_unexplored:corpse_flower":1,"minecraft:clay":1,"minecraft:torch":7,"minecraft:light_gray_terracotta":8,"regions_unexplored:bladed_tall_grass":1,"regions_unexplored:peat_grass_block":3,"minecraft:calcite":2,"minecraft:poppy":1,"minecraft:chest":1,"minecraft:mushroom_stem":2,"minecraft:cobblestone":18,"minecraft:sugar_cane":4,"minecraft:wall_torch":1,"regions_unexplored:sandy_tall_grass":1,"minecraft:birch_log":8,"minecraft:wheat":5,"minecraft:grass":9,"minecraft:sand":219,"minecraft:dirt":22,"regions_unexplored:clover":5,"minecraft:red_mushroom_block":1,"minecraft:netherrack":69,"minecraft:oak_leaves":2,"minecraft:deepslate":78,"minecraft:tuff":3,"minecraft:mossy_cobblestone":4,"minecraft:deepslate_diamond_ore":7,"regions_unexplored:redwood_slab":7,"regions_unexplored:dusktrap":6,"minecraft:decorated_pot":1,"minecraft:large_fern":1,"minecraft:hay_block":5,"regions_unexplored:argillite":1,"minecraft:furnace":4,"minecraft:carrots":3,"minecraft:andesite":20,"meadow:eriophorum":1,"minecraft:potatoes":5,"minecraft:deepslate_iron_ore":27,"minecraft:shroomlight":1,"regions_unexplored:red_maple_leaves":2,"regions_unexplored:medium_grass":1,"minecraft:stone":199,"regions_unexplored:redwood_log":10,"regions_unexplored:windswept_grass":2,"regions_unexplored:bladed_grass":1,"regions_unexplored:redstone_bulb":3,"minecraft:podzol":1,"regions_unexplored:blackwood_planks":1,"minecraft:stone_brick_slab":1,"minecraft:crafting_table":7,"minecraft:deepslate_gold_ore":15,"minecraft:diorite":4,"supplementaries:urn":35,"minecraft:birch_planks":10,"regions_unexplored:redstone_bud":1,"minecraft:spruce_log":1,"regions_unexplored:sandy_grass":8,"minecraft:coal_ore":93,"regions_unexplored:dark_oak_shrub":1,"regions_unexplored:silver_birch_log":1,"minecraft:gravel":1,"minecraft:cobweb":4,"minecraft:cracked_stone_bricks":3,"regions_unexplored:blackwood_leaves":1,"minecraft:stone_bricks":2,"minecraft:mossy_stone_bricks":1},"minecraft:used":{"minecraft:iron_shovel":303,"minecraft:poppy":1,"minecraft:decorated_pot":1,"minecraft:chest":4,"minecraft:shield":12,"minecraft:rotten_flesh":11,"minecraft:iron_chestplate":2,"minecraft:carrot":11,"minecraft:tuff":3,"minecraft:glass":80,"minecraft:brown_carpet":1,"regions_unexplored:redwood_slab":21,"minecraft:sweet_berries":3,"minecraft:furnace":6,"minecraft:egg":1,"minecraft:potato":8,"minecraft:stone_pickaxe":85,"minecraft:wooden_pickaxe":17,"minecraft:golden_apple":4,"minecraft:glow_berries":12,"minecraft:sand":6,"regions_unexplored:redwood_planks":195,"regions_unexplored:redwood_door":2,"regions_unexplored:redwood_log":74,"minecraft:bread":103,"regions_unexplored:blackwood_planks":1,"minecraft:diamond_sword":191,"minecraft:wooden_sword":56,"graveyard:upper_bone_staff":1,"minecraft:stone_sword":17,"minecraft:torch":60,"minecraft:dirt":26,"regions_unexplored:clover":2,"minecraft:golden_chestplate":2,"minecraft:dark_oak_planks":2,"minecraft:iron_axe":83,"chipped:dark_blue_paper_lantern":6,"minecraft:cobbled_deepslate":67,"minecraft:iron_leggings":1,"minecraft:wheat_seeds":1,"minecraft:birch_planks":102,"minecraft:baked_potato":10,"regions_unexplored:peat_dirt":2,"minecraft:birch_boat":2,"supplementaries:pulley_block":4,"minecraft:crafting_table":12,"minecraft:white_bed":1,"minecraft:apple":2,"minecraft:iron_pickaxe":615,"supplementaries:rope":10,"minecraft:stone_axe":35,"minecraft:cobblestone":77,"minecraft:pumpkin_pie":1,"minecraft:chainmail_leggings":1},"minecraft:dropped":{"minecraft:golden_pickaxe":2,"minecraft:crafting_table":1,"minecraft:cracked_stone_bricks":3,"regions_unexplored:redwood_sapling":19,"regions_unexplored:blue_bioshroom":6,"minecraft:rail":2,"graveyard:corruption":1,"regions_unexplored:magnolia_sapling":1,"minecraft:light_weighted_pressure_plate":2,"minecraft:flint":1,"minecraft:dirt":196,"minecraft:crimson_roots":3,"minecraft:gold_nugget":2,"meadow:highland_wool":2,"regions_unexplored:redstone_bulb":3,"minecraft:golden_chestplate":2,"minecraft:cobbled_deepslate":14,"minecraft:birch_sapling":45,"minecraft:rotten_flesh":22,"minecraft:prismarine":4,"regions_unexplored:redwood_planks":2,"supplementaries:flax_seeds":8,"supplementaries:ash":54,"regions_unexplored:peat_dirt":1,"minecraft:melon_seeds":15,"minecraft:arrow":8,"minecraft:prismarine_bricks":1,"exposure:photograph":2,"minecraft:egg":2,"minecraft:wheat_seeds":16,"minecraft:golden_helmet":2,"minecraft:mossy_cobblestone":3,"minecraft:poisonous_potato":1,"minecraft:prismarine_shard":8,"minecraft:mangrove_propagule":1,"minecraft:cobblestone":42,"inmis:baby_backpack":1,"regions_unexplored:argillite":1,"minecraft:diorite":7,"minecraft:torch":83,"regions_unexplored:dusktrap":8,"regions_unexplored:pink_magnolia_sapling":1,"minecraft:fire_charge":1,"minecraft:iron_axe":1,"regions_unexplored:dark_oak_shrub":1,"minecraft:chainmail_leggings":1,"minecraft:string":19,"minecraft:redstone":22,"minecraft:furnace":1,"minecraft:dark_prismarine_stairs":1,"minecraft:stone_sword":2,"minecraft:orange_concrete":1,"regions_unexplored:clover":7,"minecraft:clay_ball":4,"regions_unexplored:silver_birch_log":1,"minecraft:diamond_sword":1,"minecraft:spruce_planks":4,"minecraft:andesite":20,"regions_unexplored:blackwood_sapling":12,"minecraft:mossy_stone_bricks":1,"minecraft:golden_leggings":2,"minecraft:stone_bricks":1,"minecraft:spider_eye":8,"minecraft:bow":1,"minecraft:stone_pickaxe":1,"minecraft:wooden_pickaxe":4,"minecraft:calcite":2,"regions_unexplored:silt_dirt":1,"minecraft:dark_prismarine":7,"exposure:aged_photograph":4},"minecraft:broken":{"minecraft:iron_shovel":1,"minecraft:wooden_sword":1,"minecraft:stone_axe":1,"minecraft:iron_pickaxe":2},"minecraft:killed_by":{"graveyard:skeleton_creeper":1,"minecraft:vindicator":1,"minecraft:zombie":1,"minecraft:skeleton":1},"minecraft:picked_up":{"minecraft:wheat":5,"minecraft:prismarine_shard":4,"regions_unexplored:magnolia_log":19,"minecraft:diamond_sword":1,"minecraft:lead":1,"regions_unexplored:silt_dirt":1,"minecraft:string":22,"minecraft:shroomlight":1,"minecraft:cobbled_deepslate":81,"minecraft:tnt_minecart":1,"minecraft:gold_nugget":92,"minecraft:spruce_planks":4,"minecraft:light_weighted_pressure_plate":1,"minecraft:calcite":2,"regions_unexplored:blackwood_log":29,"regions_unexplored:redwood_log":238,"minecraft:furnace":4,"minecraft:golden_helmet":1,"regions_unexplored:blackwood_planks":1,"minecraft:stick":44,"meadow:highland_wool":2,"minecraft:torch":131,"minecraft:diorite":7,"minecraft:golden_chestplate":1,"minecraft:brown_carpet":1,"regions_unexplored:pink_magnolia_sapling":1,"regions_unexplored:argillite":1,"minecraft:stone_sword":1,"minecraft:rotten_flesh":34,"supplementaries:ash":54,"more_armor_trims:nihility_armor_trim_smithing_template":1,"regions_unexplored:magnolia_sapling":1,"meadow:rocky_wool":1,"minecraft:cobblestone":224,"minecraft:birch_log":62,"minecraft:magma_block":14,"minecraft:andesite":20,"minecraft:golden_leggings":1,"minecraft:potato":15,"exposure:aged_photograph":2,"minecraft:flint":2,"minecraft:tuff":3,"supplementaries:flax_seeds":8,"minecraft:dirt":222,"minecraft:lapis_lazuli":26,"minecraft:bone":26,"minecraft:bow":1,"minecraft:wheat_seeds":17,"minecraft:raw_gold":15,"minecraft:mossy_stone_bricks":1,"minecraft:prismarine":2,"meadow:umbra_wool":3,"minecraft:poisonous_potato":1,"minecraft:sand":214,"minecraft:mossy_cobblestone":3,"graveyard:upper_bone_staff":1,"minecraft:light_gray_terracotta":1,"minecraft:diamond":13,"regions_unexplored:clover":9,"minecraft:emerald":4,"regions_unexplored:dark_oak_shrub":1,"minecraft:netherrack":69,"minecraft:crimson_roots":4,"minecraft:crafting_table":7,"minecraft:clay_ball":4,"minecraft:golden_pickaxe":1,"minecraft:wooden_pickaxe":2,"regions_unexplored:blue_bioshroom":9,"minecraft:iron_axe":1,"graveyard:corruption":1,"minecraft:cracked_stone_bricks":3,"minecraft:beef":8,"minecraft:poppy":1,"regions_unexplored:redwood_planks":58,"minecraft:sugar_cane":14,"regions_unexplored:redwood_slab":7,"minecraft:chest":1,"minecraft:birch_sapling":39,"minecraft:egg":3,"minecraft:raw_iron":94,"exposure:photograph":1,"minecraft:redstone":138,"minecraft:carrot":11,"meadow:inky_wool":2,"minecraft:dark_oak_planks":2,"regions_unexplored:dusktrap":8,"minecraft:weeping_vines":6,"minecraft:arrow":8,"regions_unexplored:redstone_bulb":3,"minecraft:decorated_pot":1,"minecraft:hay_block":4,"minecraft:saddle":1,"minecraft:mutton":11,"minecraft:rail":2,"minecraft:white_wool":2,"regions_unexplored:peat_dirt":3,"minecraft:crimson_stem":5,"minecraft:leather":14,"minecraft:birch_planks":29,"minecraft:nether_wart_block":44,"minecraft:stone_bricks":1,"minecraft:iron_ingot":10,"regions_unexplored:redwood_sapling":19,"meadow:patched_wool":3,"minecraft:stone_brick_slab":1,"minecraft:white_bed":1,"minecraft:spruce_log":1,"minecraft:spider_eye":8,"supplementaries:pulley_block":4,"regions_unexplored:blackwood_sapling":18,"minecraft:chainmail_leggings":1,"regions_unexplored:silver_birch_log":1,"regions_unexplored:maple_log":2,"minecraft:melon_seeds":5,"minecraft:coal":100,"minecraft:mangrove_propagule":1},"minecraft:custom":{"minecraft:interact_with_crafting_table":48,"minecraft:open_barrel":5,"minecraft:leave_game":12,"minecraft:time_since_death":125367,"minecraft:sprint_one_cm":965277,"minecraft:damage_blocked_by_shield":390,"minecraft:drop":150,"minecraft:talked_to_villager":1,"minecraft:play_time":295034,"minecraft:deaths":5,"minecraft:jump":6270,"minecraft:walk_on_water_one_cm":27964,"minecraft:interact_with_furnace":45,"minecraft:sleep_in_bed":7,"minecraft:damage_dealt":14026,"minecraft:crouch_one_cm":76308,"minecraft:horse_one_cm":145584,"minecraft:mob_kills":79,"minecraft:climb_one_cm":4527,"minecraft:walk_one_cm":554458,"minecraft:sneak_time":22459,"minecraft:walk_under_water_one_cm":25643,"minecraft:boat_one_cm":45883,"minecraft:total_world_time":295034,"minecraft:time_since_rest":26725,"minecraft:damage_taken":6257,"minecraft:damage_absorbed":1292,"minecraft:swim_one_cm":221453,"minecraft:fly_one_cm":1442984,"minecraft:open_chest":117,"minecraft:fall_one_cm":176754}},"DataVersion":3465}