{"stats":{"minecraft:crafted":{"supplementaries:pulley_block":1,"inmis:baby_backpack":1,"medievalweapons:diamond_long_sword":1,"regions_unexplored:maple_planks":8,"minecraft:birch_boat":2,"minecraft:birch_slab":6,"minecraft:stone":87,"minecraft:lever":1,"minecraft:cooked_mutton":11,"minecraft:glass":192,"minecraft:hopper":1,"minecraft:repeater":7,"minecraft:iron_boots":1,"minecraft:chest":6,"minecraft:smoker":3,"minecraft:crafting_table":7,"minecraft:spruce_planks":4,"minecraft:iron_helmet":1,"minecraft:wooden_pickaxe":1,"minecraft:baked_potato":265,"minecraft:birch_planks":248,"minecraft:iron_chestplate":1,"inmis:plated_backpack":1,"minecraft:shield":2,"minecraft:stick":68,"minecraft:iron_ingot":90,"minecraft:iron_pickaxe":7,"regions_unexplored:redwood_door":3,"minecraft:stone_sword":1,"minecraft:gold_ingot":48,"inmis:frayed_backpack":1,"minecraft:redstone_torch":15,"naturalist:cooked_egg":13,"minecraft:shears":1,"minecraft:wooden_sword":1,"minecraft:iron_nugget":81,"inmis:gilded_backpack":1,"regions_unexplored:redwood_slab":18,"minecraft:furnace":6,"minecraft:piston":7,"inmis:bejeweled_backpack":1,"minecraft:lantern":8,"minecraft:iron_axe":1,"minecraft:ladder":12,"minecraft:iron_hoe":2,"minecraft:stone_pickaxe":1,"minecraft:wheat":36,"minecraft:cooked_beef":8,"minecraft:coal_block":9,"minecraft:diamond_sword":1,"minecraft:bucket":7,"minecraft:stone_axe":1,"minecraft:bread":13,"minecraft:air":0,"regions_unexplored:redwood_planks":172,"minecraft:golden_apple":2,"minecraft:iron_shovel":2,"minecraft:iron_leggings":1,"regions_unexplored:redwood_boat":1,"minecraft:torch":56},"minecraft:killed":{"minecraft:cave_spider":12,"minecraft:spider":8,"minecraft:skeleton":10,"minecraft:sheep":8,"minecraft:pillager":4,"minecraft:zombie":38,"meadow:wooly_cow":3,"minecraft:vindicator":2,"minecraft:drowned":4,"graveyard:ghoul":2,"creeperoverhaul:ocean_creeper":1},"minecraft:mined":{"minecraft:dark_oak_planks":2,"supplementaries:pulley_block":4,"minecraft:spruce_planks":1,"minecraft:prismarine_wall":1,"minecraft:farmland":5,"regions_unexplored:maple_log":2,"regions_unexplored:magnolia_log":19,"meadow:patched_wool":1,"minecraft:grass_block":94,"regions_unexplored:blue_bioshroom_block":3,"minecraft:spawner":2,"minecraft:magma_block":14,"minecraft:iron_ore":63,"minecraft:fire":1,"regions_unexplored:redwood_planks":60,"graveyard:upper_bone_staff":1,"minecraft:deepslate_lapis_ore":4,"supplementaries:stick":1,"regions_unexplored:silt_grass_block":1,"minecraft:deepslate_redstone_ore":27,"regions_unexplored:corpse_flower":1,"minecraft:clay":1,"minecraft:torch":7,"minecraft:light_gray_terracotta":8,"regions_unexplored:bladed_tall_grass":1,"regions_unexplored:peat_grass_block":3,"minecraft:calcite":2,"minecraft:poppy":1,"minecraft:chest":1,"minecraft:mushroom_stem":2,"minecraft:cobblestone":52,"minecraft:sugar_cane":4,"minecraft:iron_door":2,"minecraft:wall_torch":7,"regions_unexplored:sandy_tall_grass":1,"minecraft:birch_log":8,"minecraft:wheat":5,"regions_unexplored:magnolia_door":1,"minecraft:grass":16,"graveyard:creeper_skeleton":1,"minecraft:oak_log":4,"regions_unexplored:peat_dirt":1,"minecraft:dirt":158,"minecraft:loom":1,"minecraft:sand":233,"regions_unexplored:clover":5,"minecraft:red_mushroom_block":1,"minecraft:netherrack":69,"minecraft:piston":7,"minecraft:oak_leaves":7,"minecraft:deepslate":78,"minecraft:tuff":3,"minecraft:mossy_cobblestone":4,"minecraft:deepslate_diamond_ore":7,"minecraft:candle":1,"regions_unexplored:redwood_slab":7,"regions_unexplored:dusktrap":6,"minecraft:decorated_pot":1,"minecraft:redstone_wire":3,"minecraft:spruce_leaves":1,"minecraft:large_fern":2,"minecraft:hay_block":5,"regions_unexplored:argillite":1,"minecraft:furnace":4,"minecraft:carrots":3,"minecraft:andesite":26,"meadow:eriophorum":1,"minecraft:bookshelf":5,"minecraft:potatoes":7,"minecraft:deepslate_iron_ore":27,"minecraft:shroomlight":1,"regions_unexplored:red_maple_leaves":2,"regions_unexplored:medium_grass":2,"minecraft:stone":565,"regions_unexplored:redwood_log":13,"regions_unexplored:windswept_grass":4,"regions_unexplored:bladed_grass":1,"regions_unexplored:redstone_bulb":3,"minecraft:podzol":1,"minecraft:glass_pane":4,"regions_unexplored:blackwood_planks":1,"minecraft:stone_brick_slab":1,"graveyard:small_light_gray_urn":1,"minecraft:crafting_table":9,"minecraft:tall_grass":1,"minecraft:deepslate_gold_ore":15,"minecraft:diorite":7,"supplementaries:urn":35,"minecraft:birch_planks":10,"graveyard:vase_block":1,"graveyard:skull_with_rib_cage":1,"regions_unexplored:redstone_bud":1,"minecraft:spruce_log":1,"regions_unexplored:sandy_grass":8,"minecraft:coal_ore":184,"regions_unexplored:dark_oak_shrub":1,"regions_unexplored:silver_birch_log":1,"minecraft:gravel":1,"minecraft:cobweb":4,"minecraft:cracked_stone_bricks":3,"regions_unexplored:blackwood_leaves":2,"minecraft:stone_bricks":2,"minecraft:mossy_stone_bricks":1},"minecraft:used":{"minecraft:iron_shovel":443,"minecraft:ladder":10,"minecraft:poppy":1,"minecraft:chest":4,"minecraft:shield":12,"minecraft:decorated_pot":1,"minecraft:rotten_flesh":11,"minecraft:iron_chestplate":2,"minecraft:carrot":12,"minecraft:tuff":3,"minecraft:glass":80,"regions_unexplored:redwood_boat":2,"minecraft:repeater":7,"minecraft:brown_carpet":1,"regions_unexplored:redwood_slab":21,"minecraft:sweet_berries":3,"minecraft:furnace":6,"minecraft:egg":1,"minecraft:potato":160,"naturalist:cooked_egg":1,"minecraft:stone_pickaxe":85,"minecraft:wooden_pickaxe":17,"medievalweapons:diamond_long_sword":24,"minecraft:golden_apple":4,"minecraft:glow_berries":12,"minecraft:sand":27,"regions_unexplored:redwood_planks":195,"regions_unexplored:redwood_door":2,"minecraft:redstone_torch":1,"minecraft:lever":1,"regions_unexplored:redwood_log":74,"minecraft:firework_rocket":10,"minecraft:bread":103,"regions_unexplored:blackwood_planks":1,"minecraft:soul_lantern":1,"minecraft:diamond_sword":212,"minecraft:fire_charge":2,"minecraft:wooden_sword":56,"graveyard:upper_bone_staff":1,"minecraft:stone_sword":17,"minecraft:redstone":25,"minecraft:stick":1,"minecraft:torch":82,"minecraft:dirt":120,"regions_unexplored:clover":2,"minecraft:golden_chestplate":2,"minecraft:iron_hoe":68,"minecraft:dark_oak_planks":2,"minecraft:iron_axe":85,"chipped:dark_blue_paper_lantern":6,"minecraft:cobbled_deepslate":67,"minecraft:iron_leggings":1,"minecraft:wheat_seeds":5,"minecraft:cooked_mutton":10,"minecraft:water_bucket":32,"minecraft:birch_planks":102,"minecraft:baked_potato":46,"regions_unexplored:peat_dirt":3,"minecraft:birch_boat":2,"supplementaries:pulley_block":4,"minecraft:crafting_table":14,"minecraft:white_bed":1,"minecraft:smoker":3,"minecraft:oak_log":5,"minecraft:piston":14,"minecraft:apple":11,"minecraft:iron_pickaxe":1135,"supplementaries:rope":10,"minecraft:stone_axe":35,"minecraft:cobblestone":228,"minecraft:white_banner":1,"minecraft:bucket":31,"minecraft:pumpkin_pie":1,"minecraft:chainmail_leggings":1},"minecraft:dropped":{"minecraft:moss_block":1,"minecraft:golden_pickaxe":2,"minecraft:loom":1,"minecraft:crafting_table":1,"minecraft:weeping_vines":6,"minecraft:cracked_stone_bricks":3,"regions_unexplored:redwood_sapling":19,"regions_unexplored:blue_bioshroom":6,"minecraft:rail":2,"graveyard:corruption":1,"regions_unexplored:magnolia_sapling":1,"minecraft:light_weighted_pressure_plate":2,"minecraft:flint":1,"minecraft:dirt":211,"minecraft:dark_oak_trapdoor":2,"minecraft:crimson_roots":4,"minecraft:seagrass":2,"minecraft:gold_nugget":2,"meadow:highland_wool":2,"regions_unexplored:redstone_bulb":3,"minecraft:gold_ingot":22,"naturalist:cooked_egg":12,"minecraft:golden_chestplate":2,"minecraft:cobbled_deepslate":14,"minecraft:wheat":6,"minecraft:birch_sapling":45,"minecraft:soul_lantern":1,"minecraft:rotten_flesh":29,"minecraft:white_candle":4,"minecraft:prismarine":4,"regions_unexplored:redwood_planks":2,"regions_unexplored:duckweed":2,"supplementaries:flax_seeds":8,"supplementaries:ash":54,"regions_unexplored:peat_dirt":1,"minecraft:melon_seeds":15,"minecraft:arrow":8,"minecraft:prismarine_bricks":1,"exposure:photograph":2,"minecraft:prismarine_wall":1,"minecraft:egg":2,"minecraft:enchanted_book":2,"minecraft:wheat_seeds":24,"minecraft:golden_helmet":2,"minecraft:mossy_cobblestone":3,"minecraft:poisonous_potato":3,"minecraft:prismarine_shard":8,"minecraft:mangrove_propagule":1,"minecraft:cobblestone":52,"inmis:baby_backpack":1,"minecraft:tropical_fish":3,"regions_unexplored:argillite":1,"minecraft:cobweb":4,"minecraft:diorite":11,"bakery:strawberry_seeds":1,"minecraft:torch":83,"regions_unexplored:dusktrap":8,"regions_unexplored:pink_magnolia_sapling":1,"minecraft:zombie_head":1,"minecraft:fire_charge":5,"minecraft:iron_axe":1,"regions_unexplored:dark_oak_shrub":1,"minecraft:chainmail_leggings":1,"minecraft:string":19,"minecraft:lily_pad":2,"minecraft:stone_brick_slab":1,"minecraft:redstone":22,"minecraft:furnace":1,"minecraft:dark_prismarine_stairs":1,"minecraft:stone_sword":2,"minecraft:orange_concrete":1,"regions_unexplored:clover":79,"minecraft:clay_ball":4,"regions_unexplored:silver_birch_log":1,"minecraft:diamond_sword":1,"minecraft:potato":1,"graveyard:small_light_gray_urn":2,"minecraft:brain_coral_block":8,"minecraft:spruce_planks":4,"minecraft:andesite":26,"minecraft:mossy_stone_bricks":1,"regions_unexplored:blackwood_sapling":12,"minecraft:golden_leggings":2,"minecraft:spider_eye":8,"minecraft:stone_bricks":1,"minecraft:bow":3,"minecraft:stone_pickaxe":1,"minecraft:wooden_pickaxe":4,"minecraft:calcite":2,"regions_unexplored:silt_dirt":1,"minecraft:dark_prismarine":7,"exposure:aged_photograph":4},"minecraft:broken":{"minecraft:iron_shovel":1,"minecraft:wooden_sword":1,"minecraft:stone_axe":1,"minecraft:iron_pickaxe":4},"minecraft:killed_by":{"minecraft:creeper":1,"graveyard:acolyte":2,"graveyard:skeleton_creeper":1,"minecraft:vindicator":1,"minecraft:zombie":1,"minecraft:player":2,"minecraft:skeleton":2},"minecraft:picked_up":{"minecraft:wheat":11,"minecraft:prismarine_shard":4,"regions_unexplored:magnolia_log":19,"minecraft:lead":1,"minecraft:diamond_sword":1,"regions_unexplored:silt_dirt":1,"bakery:strawberry_seeds":1,"minecraft:string":22,"minecraft:dark_oak_trapdoor":1,"minecraft:armor_stand":1,"minecraft:zombie_head":1,"minecraft:shroomlight":1,"minecraft:cobbled_deepslate":81,"minecraft:tnt_minecart":1,"minecraft:gold_nugget":92,"comforts:sleeping_bag_white":1,"minecraft:spruce_planks":4,"minecraft:light_weighted_pressure_plate":1,"minecraft:calcite":2,"regions_unexplored:blackwood_log":29,"minecraft:furnace":4,"regions_unexplored:redwood_log":241,"minecraft:golden_helmet":1,"regions_unexplored:blackwood_planks":1,"minecraft:stick":45,"meadow:highland_wool":2,"minecraft:torch":145,"minecraft:diorite":11,"minecraft:golden_chestplate":1,"minecraft:brown_carpet":1,"regions_unexplored:pink_magnolia_sapling":1,"regions_unexplored:argillite":1,"minecraft:stone_sword":1,"minecraft:rotten_flesh":45,"minecraft:tropical_fish":4,"more_armor_trims:nihility_armor_trim_smithing_template":1,"supplementaries:ash":54,"meadow:rocky_wool":1,"regions_unexplored:magnolia_sapling":1,"minecraft:cobblestone":646,"minecraft:birch_log":62,"minecraft:magma_block":14,"minecraft:leather_chestplate":1,"minecraft:iron_door":2,"minecraft:water_bucket":1,"minecraft:andesite":26,"minecraft:golden_leggings":1,"minecraft:potato":421,"exposure:aged_photograph":2,"minecraft:flint":2,"minecraft:tuff":3,"supplementaries:flax_seeds":8,"minecraft:wither_skeleton_skull":1,"minecraft:lapis_lazuli":26,"minecraft:dirt":394,"minecraft:leather_boots":2,"minecraft:bone":41,"minecraft:bow":2,"minecraft:wheat_seeds":30,"minecraft:raw_gold":18,"minecraft:mossy_stone_bricks":1,"minecraft:moss_block":1,"minecraft:prismarine":2,"meadow:umbra_wool":3,"minecraft:poisonous_potato":4,"minecraft:sand":228,"minecraft:loom":1,"minecraft:mossy_cobblestone":3,"graveyard:upper_bone_staff":1,"minecraft:light_gray_terracotta":1,"minecraft:white_candle":4,"minecraft:diamond":13,"minecraft:soul_lantern":3,"regions_unexplored:clover":81,"minecraft:emerald":4,"regions_unexplored:dark_oak_shrub":1,"minecraft:netherrack":69,"minecraft:crimson_roots":4,"minecraft:crafting_table":9,"minecraft:clay_ball":4,"minecraft:golden_pickaxe":1,"minecraft:leather_leggings":1,"minecraft:wooden_pickaxe":2,"regions_unexplored:blue_bioshroom":9,"minecraft:iron_axe":1,"graveyard:corruption":1,"minecraft:cracked_stone_bricks":3,"minecraft:candle":4,"minecraft:beef":8,"minecraft:poppy":1,"regions_unexplored:redwood_planks":60,"regions_unexplored:redwood_slab":7,"minecraft:sugar_cane":14,"minecraft:chest":1,"minecraft:birch_sapling":39,"minecraft:piston":7,"minecraft:egg":3,"regions_unexplored:duckweed":2,"minecraft:raw_iron":94,"regions_unexplored:redwood_boat":1,"exposure:photograph":1,"minecraft:fire_charge":3,"minecraft:redstone":147,"minecraft:carrot":14,"meadow:inky_wool":2,"minecraft:dark_oak_planks":2,"regions_unexplored:dusktrap":8,"minecraft:weeping_vines":6,"minecraft:arrow":8,"regions_unexplored:redstone_bulb":3,"minecraft:decorated_pot":1,"minecraft:hay_block":4,"minecraft:saddle":3,"minecraft:gold_ingot":4,"minecraft:mutton":11,"minecraft:rail":2,"minecraft:white_wool":2,"regions_unexplored:peat_dirt":4,"minecraft:crimson_stem":5,"minecraft:leather":16,"minecraft:birch_planks":29,"graveyard:small_light_gray_urn":2,"minecraft:oak_log":7,"minecraft:lily_pad":2,"minecraft:nether_wart_block":44,"minecraft:gunpowder":7,"minecraft:white_banner":1,"minecraft:stone_bricks":1,"minecraft:iron_ingot":10,"regions_unexplored:redwood_sapling":19,"meadow:patched_wool":3,"minecraft:cobweb":4,"minecraft:book":15,"minecraft:stone_brick_slab":2,"minecraft:white_bed":1,"minecraft:spruce_log":1,"minecraft:spider_eye":8,"supplementaries:pulley_block":4,"minecraft:prismarine_wall":1,"regions_unexplored:blackwood_sapling":18,"minecraft:chainmail_leggings":1,"regions_unexplored:silver_birch_log":1,"regions_unexplored:maple_log":2,"minecraft:baked_potato":5,"minecraft:melon_seeds":5,"minecraft:mangrove_propagule":1,"minecraft:coal":191},"minecraft:custom":{"minecraft:interact_with_crafting_table":74,"minecraft:open_barrel":35,"minecraft:leave_game":18,"minecraft:time_since_death":40118,"minecraft:sprint_one_cm":1526436,"minecraft:damage_blocked_by_shield":390,"minecraft:drop":200,"minecraft:talked_to_villager":1,"minecraft:play_time":579291,"minecraft:deaths":11,"minecraft:jump":10450,"minecraft:walk_on_water_one_cm":77804,"minecraft:interact_with_furnace":88,"minecraft:interact_with_loom":2,"minecraft:sleep_in_bed":19,"minecraft:damage_dealt":16845,"minecraft:crouch_one_cm":130515,"minecraft:interact_with_smoker":24,"minecraft:horse_one_cm":658931,"minecraft:mob_kills":92,"minecraft:climb_one_cm":29344,"minecraft:walk_one_cm":1309399,"minecraft:sneak_time":35525,"minecraft:walk_under_water_one_cm":66004,"minecraft:boat_one_cm":251079,"minecraft:interact_with_blast_furnace":3,"minecraft:total_world_time":579291,"minecraft:tune_noteblock":1,"minecraft:interact_with_stonecutter":1,"minecraft:time_since_rest":13908,"minecraft:damage_absorbed":1357,"minecraft:damage_taken":9243,"minecraft:swim_one_cm":299892,"minecraft:fly_one_cm":2446519,"minecraft:open_chest":288,"minecraft:fall_one_cm":277034}},"DataVersion":3465}