{"stats":{"minecraft:crafted":{"minecraft:wooden_sword":1,"inmis:baby_backpack":1,"minecraft:birch_boat":1,"minecraft:furnace":2,"minecraft:glass":64,"minecraft:iron_boots":1,"minecraft:stone_pickaxe":1,"minecraft:chest":3,"minecraft:wheat":36,"minecraft:coal_block":1,"minecraft:diamond_sword":1,"minecraft:crafting_table":3,"minecraft:spruce_planks":4,"minecraft:wooden_pickaxe":1,"minecraft:iron_helmet":1,"minecraft:birch_planks":176,"minecraft:stone_axe":1,"minecraft:air":0,"minecraft:iron_chestplate":1,"inmis:plated_backpack":1,"minecraft:shield":1,"minecraft:stick":12,"minecraft:iron_ingot":31,"minecraft:iron_pickaxe":1,"minecraft:stone_sword":1,"minecraft:iron_leggings":1,"minecraft:iron_shovel":1,"minecraft:gold_ingot":10,"inmis:frayed_backpack":1,"minecraft:torch":8},"minecraft:killed":{"minecraft:spider":3,"minecraft:vindicator":2,"graveyard:ghoul":2,"minecraft:sheep":4,"minecraft:pillager":1,"minecraft:zombie":19},"minecraft:mined":{"minecraft:dark_oak_planks":2,"minecraft:tuff":1,"minecraft:deepslate_diamond_ore":2,"regions_unexplored:magnolia_log":19,"regions_unexplored:dusktrap":6,"meadow:patched_wool":1,"minecraft:grass_block":4,"minecraft:decorated_pot":1,"minecraft:hay_block":5,"regions_unexplored:argillite":1,"minecraft:furnace":1,"minecraft:carrots":3,"minecraft:iron_ore":18,"minecraft:andesite":15,"graveyard:upper_bone_staff":1,"minecraft:deepslate_lapis_ore":4,"minecraft:potatoes":5,"minecraft:deepslate_iron_ore":13,"regions_unexplored:medium_grass":1,"minecraft:stone":129,"regions_unexplored:windswept_grass":2,"regions_unexplored:bladed_grass":1,"regions_unexplored:redstone_bulb":3,"minecraft:deepslate_redstone_ore":15,"regions_unexplored:corpse_flower":1,"minecraft:clay":1,"minecraft:crafting_table":4,"minecraft:torch":7,"regions_unexplored:bladed_tall_grass":1,"regions_unexplored:peat_grass_block":2,"minecraft:calcite":2,"minecraft:poppy":1,"minecraft:chest":1,"minecraft:cobblestone":9,"minecraft:deepslate_gold_ore":2,"minecraft:sugar_cane":4,"minecraft:diorite":3,"minecraft:wall_torch":1,"supplementaries:urn":33,"minecraft:birch_planks":8,"regions_unexplored:sandy_tall_grass":1,"regions_unexplored:redstone_bud":1,"minecraft:birch_log":8,"minecraft:wheat":5,"minecraft:spruce_log":1,"regions_unexplored:sandy_grass":8,"minecraft:grass":6,"minecraft:coal_ore":39,"regions_unexplored:dark_oak_shrub":1,"minecraft:gravel":1,"minecraft:sand":191,"minecraft:dirt":15,"regions_unexplored:clover":3,"regions_unexplored:blackwood_leaves":1,"minecraft:red_mushroom_block":1,"minecraft:deepslate":59},"minecraft:used":{"minecraft:stone_sword":17,"minecraft:iron_shovel":198,"minecraft:poppy":1,"minecraft:decorated_pot":1,"minecraft:chest":2,"minecraft:rotten_flesh":2,"minecraft:torch":22,"minecraft:dirt":22,"minecraft:carrot":11,"regions_unexplored:clover":2,"minecraft:tuff":1,"minecraft:glass":64,"minecraft:dark_oak_planks":2,"minecraft:furnace":2,"minecraft:egg":1,"minecraft:potato":8,"minecraft:cobbled_deepslate":48,"minecraft:iron_leggings":1,"minecraft:wheat_seeds":1,"minecraft:birch_planks":94,"regions_unexplored:peat_dirt":2,"minecraft:stone_pickaxe":85,"minecraft:wooden_pickaxe":17,"minecraft:birch_boat":1,"minecraft:crafting_table":7,"minecraft:white_bed":1,"minecraft:apple":2,"minecraft:bread":71,"minecraft:iron_pickaxe":257,"minecraft:stone_axe":32,"minecraft:diamond_sword":54,"minecraft:wooden_sword":56,"graveyard:upper_bone_staff":1,"minecraft:cobblestone":68},"minecraft:dropped":{"minecraft:wheat_seeds":16,"minecraft:crafting_table":1,"minecraft:poisonous_potato":1,"minecraft:prismarine_shard":8,"minecraft:mangrove_propagule":1,"minecraft:cobblestone":32,"inmis:baby_backpack":1,"regions_unexplored:argillite":1,"regions_unexplored:magnolia_sapling":1,"minecraft:flint":1,"minecraft:dirt":114,"minecraft:diorite":6,"regions_unexplored:dusktrap":8,"minecraft:fire_charge":1,"minecraft:gold_nugget":2,"minecraft:iron_axe":1,"regions_unexplored:dark_oak_shrub":1,"minecraft:string":4,"regions_unexplored:redstone_bulb":3,"minecraft:redstone":22,"minecraft:furnace":1,"minecraft:dark_prismarine_stairs":1,"minecraft:stone_sword":2,"minecraft:cobbled_deepslate":10,"minecraft:birch_sapling":11,"minecraft:rotten_flesh":6,"minecraft:clay_ball":4,"minecraft:prismarine":4,"minecraft:diamond_sword":1,"supplementaries:flax_seeds":8,"supplementaries:ash":54,"minecraft:andesite":15,"minecraft:golden_leggings":2,"minecraft:spider_eye":1,"minecraft:wooden_pickaxe":4,"minecraft:stone_pickaxe":1,"minecraft:prismarine_bricks":1,"minecraft:calcite":2,"minecraft:dark_prismarine":7},"minecraft:broken":{"minecraft:wooden_sword":1,"minecraft:iron_pickaxe":1},"minecraft:killed_by":{"graveyard:skeleton_creeper":1,"minecraft:vindicator":1,"minecraft:skeleton":1,"minecraft:zombie":1},"minecraft:picked_up":{"minecraft:crafting_table":4,"minecraft:wheat":5,"minecraft:clay_ball":4,"minecraft:prismarine_shard":4,"regions_unexplored:magnolia_log":19,"minecraft:lead":1,"minecraft:diamond_sword":1,"minecraft:wooden_pickaxe":2,"minecraft:string":7,"minecraft:iron_axe":1,"graveyard:corruption":1,"minecraft:gold_nugget":92,"minecraft:cobbled_deepslate":58,"minecraft:calcite":2,"minecraft:poppy":1,"minecraft:sugar_cane":14,"minecraft:chest":1,"minecraft:birch_sapling":22,"minecraft:furnace":1,"minecraft:egg":2,"minecraft:stick":15,"minecraft:raw_iron":31,"meadow:highland_wool":1,"minecraft:torch":61,"minecraft:diorite":6,"minecraft:carrot":11,"minecraft:redstone":86,"minecraft:dark_oak_planks":2,"regions_unexplored:pink_magnolia_sapling":1,"regions_unexplored:argillite":1,"regions_unexplored:dusktrap":8,"minecraft:stone_sword":1,"minecraft:rotten_flesh":14,"regions_unexplored:redstone_bulb":3,"minecraft:decorated_pot":1,"minecraft:hay_block":4,"minecraft:saddle":1,"supplementaries:ash":54,"minecraft:mutton":6,"regions_unexplored:magnolia_sapling":1,"meadow:rocky_wool":1,"minecraft:white_wool":2,"minecraft:cobblestone":137,"minecraft:birch_log":62,"regions_unexplored:peat_dirt":2,"minecraft:andesite":15,"minecraft:leather":12,"minecraft:golden_leggings":1,"minecraft:potato":15,"minecraft:birch_planks":7,"minecraft:flint":2,"minecraft:tuff":1,"supplementaries:flax_seeds":8,"minecraft:lapis_lazuli":26,"minecraft:dirt":138,"minecraft:bone":17,"minecraft:wheat_seeds":17,"minecraft:raw_gold":2,"minecraft:iron_ingot":10,"meadow:patched_wool":1,"minecraft:prismarine":2,"minecraft:poisonous_potato":1,"minecraft:sand":187,"minecraft:white_bed":1,"minecraft:spruce_log":1,"minecraft:spider_eye":1,"graveyard:upper_bone_staff":1,"minecraft:diamond":4,"regions_unexplored:clover":7,"minecraft:emerald":4,"regions_unexplored:dark_oak_shrub":1,"minecraft:mangrove_propagule":1,"minecraft:coal":46},"minecraft:custom":{"minecraft:mob_kills":31,"minecraft:interact_with_crafting_table":27,"minecraft:open_barrel":4,"minecraft:leave_game":10,"minecraft:time_since_death":92519,"minecraft:climb_one_cm":3342,"minecraft:sprint_one_cm":558605,"minecraft:walk_one_cm":262534,"minecraft:drop":68,"minecraft:talked_to_villager":1,"minecraft:play_time":146883,"minecraft:deaths":4,"minecraft:sneak_time":9102,"minecraft:walk_under_water_one_cm":15164,"minecraft:boat_one_cm":10162,"minecraft:jump":3703,"minecraft:walk_on_water_one_cm":16814,"minecraft:total_world_time":146883,"minecraft:interact_with_furnace":24,"minecraft:sleep_in_bed":2,"minecraft:time_since_rest":14858,"minecraft:damage_taken":3888,"minecraft:damage_absorbed":214,"minecraft:damage_dealt":6350,"minecraft:swim_one_cm":98688,"minecraft:fly_one_cm":867652,"minecraft:open_chest":79,"minecraft:crouch_one_cm":27587,"minecraft:fall_one_cm":102812,"minecraft:horse_one_cm":85685}},"DataVersion":3465}