{"stats":{"minecraft:crafted":{"minecraft:oak_planks":1596,"minecraft:cooked_chicken":16,"minecraft:lightning_rod":1,"minecraft:stone":128,"medievalweapons:recurve_bow":1,"candlelight:gold_ring":1,"minecraft:cooked_mutton":5,"minecraft:spruce_pressure_plate":16,"minecraft:glass":176,"minecraft:iron_boots":3,"minecraft:birch_fence_gate":6,"minecraft:chest":69,"minecraft:stone_bricks":116,"minecraft:oak_fence":144,"minecraft:smoker":1,"minecraft:oak_slab":186,"minecraft:crafting_table":4,"minecraft:spruce_planks":104,"minecraft:iron_helmet":2,"minecraft:wooden_pickaxe":1,"minecraft:baked_potato":360,"minecraft:spruce_door":3,"minecraft:copper_ingot":7,"minecraft:birch_planks":1468,"comforts:sleeping_bag_black":1,"minecraft:spruce_trapdoor":20,"comforts:sleeping_bag_gray":1,"minecraft:iron_chestplate":3,"minecraft:diamond_pickaxe":1,"inmis:plated_backpack":1,"minecraft:birch_fence":144,"minecraft:stick":160,"minecraft:iron_ingot":295,"minecraft:iron_pickaxe":5,"minecraft:stone_sword":2,"minecraft:gold_ingot":34,"inmis:frayed_backpack":3,"naturalist:cooked_egg":73,"minecraft:shears":1,"regions_unexplored:blackwood_planks":4,"minecraft:cookie":8,"minecraft:iron_nugget":243,"medievalweapons:iron_long_sword":3,"inmis:gilded_backpack":1,"minecraft:furnace":4,"graveyard:dark_iron_ingot":2,"inmis:bejeweled_backpack":1,"minecraft:glass_pane":368,"minecraft:lantern":24,"minecraft:leather":25,"minecraft:iron_axe":14,"minecraft:iron_hoe":2,"minecraft:stone_pickaxe":3,"minecraft:birch_sign":30,"minecraft:cooked_beef":38,"minecraft:iron_sword":1,"graveyard:ossuary":1,"minecraft:bucket":1,"minecraft:stone_axe":1,"minecraft:jungle_planks":48,"minecraft:air":0,"minecraft:bread":125,"medievalweapons:long_bow":1,"regions_unexplored:redwood_planks":4,"minecraft:golden_apple":1,"minecraft:oak_stairs":148,"minecraft:iron_shovel":6,"minecraft:iron_leggings":3,"minecraft:torch":28},"minecraft:killed":{"minecraft:cave_spider":13,"minecraft:witch":2,"graveyard:skeleton_creeper":3,"minecraft:spider":33,"endermanoverhaul:dark_oak_enderman":1,"minecraft:zombie_horse":1,"minecraft:skeleton":39,"minecraft:bee":1,"minecraft:chicken":16,"minecraft:skeleton_horse":3,"minecraft:zombie_villager":1,"minecraft:creeper":2,"minecraft:sheep":3,"minecraft:pillager":4,"minecraft:zombie":124,"minecraft:cow":19,"graveyard:nightmare":3,"minecraft:vindicator":1,"minecraft:phantom":2,"minecraft:drowned":1,"minecraft:player":1,"minecraft:enderman":3},"minecraft:mined":{"minecraft:oak_sapling":12,"minecraft:farmland":82,"regions_unexplored:blue_lupine":12,"minecraft:black_terracotta":1,"minecraft:spruce_trapdoor":2,"minecraft:granite":30,"minecraft:grass_block":626,"minecraft:jungle_log":1,"minecraft:spawner":7,"minecraft:iron_ore":216,"minecraft:cobbled_deepslate":15,"minecraft:fire":3,"regions_unexplored:purple_lupine":11,"regions_unexplored:redwood_planks":4,"graveyard:ossuary":1,"supplementaries:stick":1,"minecraft:cave_vines":1,"minecraft:dirt_path":9,"amendments:wall_lantern":1,"minecraft:oak_stairs":13,"minecraft:birch_wall_sign":2,"minecraft:spruce_wood":117,"minecraft:azalea_leaves":1,"minecraft:red_bed":13,"minecraft:cyan_terracotta":1,"regions_unexplored:yellow_lupine":2,"minecraft:smoker":2,"minecraft:clay":10,"minecraft:torch":43,"minecraft:blast_furnace":3,"minecraft:chest":32,"minecraft:cobblestone":63,"minecraft:oak_planks":132,"minecraft:wall_torch":37,"regions_unexplored:pine_log":2,"minecraft:birch_sapling":33,"minecraft:birch_log":19,"minecraft:wheat":60,"minecraft:grass":163,"minecraft:oak_log":202,"minecraft:dark_oak_sapling":1,"minecraft:sand":272,"minecraft:dirt":104,"regions_unexplored:clover":76,"minecraft:oak_leaves":3,"minecraft:deepslate":96,"minecraft:diamond_ore":1,"minecraft:deepslate_diamond_ore":11,"regions_unexplored:pink_lupine":9,"minecraft:dark_oak_log":2,"minecraft:birch_fence_gate":6,"minecraft:jungle_planks":48,"minecraft:redstone_ore":22,"minecraft:furnace":3,"minecraft:carrots":1,"minecraft:andesite":9,"minecraft:potatoes":5,"minecraft:deepslate_iron_ore":69,"minecraft:vine":2,"minecraft:rail":1,"minecraft:lantern":3,"minecraft:stripped_oak_log":36,"regions_unexplored:medium_grass":31,"minecraft:stone":788,"regions_unexplored:redwood_log":1,"regions_unexplored:windswept_grass":2,"minecraft:podzol":1,"regions_unexplored:redwood_shrub":2,"minecraft:oak_slab":15,"minecraft:glass_pane":4,"minecraft:brown_carpet":1,"regions_unexplored:pink_bioshroom":1,"minecraft:spruce_door":2,"minecraft:oak_fence":12,"minecraft:crafting_table":11,"minecraft:emerald_ore":2,"bakery:wild_strawberries":1,"regions_unexplored:blackwood_log":1,"minecraft:tall_grass":2,"minecraft:copper_ore":7,"minecraft:lapis_ore":15,"minecraft:deepslate_gold_ore":7,"minecraft:diorite":56,"supplementaries:urn":44,"minecraft:birch_planks":57,"minecraft:birch_leaves":96,"minecraft:bee_nest":1,"minecraft:white_wall_banner":1,"regions_unexplored:sandy_grass":2,"minecraft:coal_ore":295,"minecraft:cocoa":2,"minecraft:cobweb":73,"beautify:lamp_light_bulb":1,"minecraft:stone_bricks":1,"minecraft:gold_ore":22,"minecraft:birch_fence":61,"minecraft:fern":26},"minecraft:used":{"minecraft:iron_shovel":1362,"minecraft:chest":96,"minecraft:iron_sword":106,"minecraft:cocoa_beans":1,"minecraft:jungle_planks":60,"minecraft:carrot":59,"minecraft:glass":20,"minecraft:lava_bucket":2,"minecraft:lantern":3,"minecraft:stone_bricks":114,"minecraft:furnace":6,"minecraft:egg":7,"minecraft:potato":63,"minecraft:diorite":4,"minecraft:spruce_door":3,"naturalist:cooked_egg":23,"minecraft:birch_leaves":67,"minecraft:stone_pickaxe":303,"minecraft:oak_planks":790,"minecraft:wooden_pickaxe":37,"minecraft:sugar_cane":7,"minecraft:cookie":7,"minecraft:blast_furnace":3,"minecraft:shears":93,"minecraft:lightning_rod":1,"minecraft:birch_fence":171,"minecraft:birch_fence_gate":8,"minecraft:dark_oak_log":1,"minecraft:bread":199,"regions_unexplored:blackwood_planks":4,"minecraft:chest_minecart":1,"minecraft:oak_fence":132,"minecraft:stone_sword":121,"chipped:iron_bowl_lantern":25,"minecraft:cooked_chicken":7,"minecraft:stick":1,"minecraft:torch":94,"minecraft:dirt":692,"minecraft:granite":1,"minecraft:iron_hoe":200,"beautify:lamp_light_bulb":1,"minecraft:iron_axe":1145,"minecraft:oak_stairs":160,"minecraft:cooked_beef":15,"minecraft:cobbled_deepslate":17,"minecraft:cooked_mutton":1,"minecraft:wheat_seeds":120,"minecraft:water_bucket":188,"minecraft:birch_planks":933,"comforts:sleeping_bag_black":21,"minecraft:baked_potato":151,"graveyard:ossuary":1,"minecraft:rail":1,"minecraft:birch_sign":13,"minecraft:oak_slab":152,"minecraft:crafting_table":14,"minecraft:red_bed":13,"supplementaries:bomb":2,"regions_unexplored:redwood_shrub":1,"minecraft:smoker":3,"minecraft:oak_log":1164,"minecraft:diamond_pickaxe":451,"minecraft:apple":3,"minecraft:iron_pickaxe":1003,"minecraft:spruce_trapdoor":15,"minecraft:stone_axe":20,"minecraft:cobblestone":520,"medievalweapons:recurve_bow":31,"medievalweapons:long_bow":4,"medievalweapons:iron_long_sword":598,"minecraft:bucket":189,"minecraft:glass_pane":259,"minecraft:pumpkin_pie":2,"minecraft:stripped_oak_log":36},"minecraft:dropped":{"minecraft:iron_sword":2,"inmis:frayed_backpack":2,"minecraft:cooked_beef":8,"minecraft:oak_log":34,"minecraft:baked_potato":156,"minecraft:crafting_table":1,"bakery:strawberry":1,"minecraft:dirt":22,"minecraft:dark_oak_log":35,"minecraft:gold_nugget":4,"minecraft:iron_pickaxe":3,"meadow:inky_wool":1,"minecraft:white_wool":3,"regions_unexplored:mauve_sapling":1,"naturalist:cooked_egg":43,"minecraft:gold_ingot":8,"minecraft:bone":65,"minecraft:birch_sapling":81,"regions_unexplored:pink_bioshroom":2,"minecraft:rotten_flesh":18,"regions_unexplored:redwood_planks":8,"minecraft:white_bed":1,"minecraft:carrot":121,"minecraft:poppy":8,"supplementaries:flax_seeds":4,"minecraft:leather_chestplate":1,"supplementaries:ash":2,"minecraft:spruce_pressure_plate":16,"minecraft:leather_boots":1,"minecraft:azalea":1,"minecraft:arrow":5,"minecraft:egg":4,"minecraft:iron_ingot":3,"minecraft:bread":37,"minecraft:wheat_seeds":482,"minecraft:poisonous_potato":4,"minecraft:oak_fence":5,"minecraft:iron_helmet":1,"minecraft:cobblestone":3,"regions_unexplored:yellow_lupine":2,"minecraft:apple":21,"medievalweapons:long_bow":2,"minecraft:tropical_fish":1,"minecraft:grass_block":1,"minecraft:golden_apple":1,"minecraft:stick":3,"minecraft:diorite":6,"minecraft:torch":7,"endrem:corrupted_eye":1,"regions_unexplored:purple_lupine":11,"minecraft:iron_leggings":1,"minecraft:oak_stairs":1,"minecraft:iron_axe":1,"minecraft:string":14,"minecraft:lily_pad":1,"minecraft:dandelion":6,"minecraft:moss_carpet":2,"regions_unexplored:pine_log":2,"minecraft:stone_sword":1,"regions_unexplored:clover":710,"regions_unexplored:pink_lupine":8,"minecraft:andesite":4,"minecraft:oak_sapling":108,"minecraft:spider_eye":4,"minecraft:bamboo":1,"minecraft:brown_carpet":1,"minecraft:stone_pickaxe":1,"comforts:sleeping_bag_gray":1,"regions_unexplored:blue_lupine":12},"minecraft:broken":{"minecraft:iron_shovel":5,"minecraft:iron_boots":1,"minecraft:iron_chestplate":1,"minecraft:iron_leggings":1,"minecraft:stone_pickaxe":1,"medievalweapons:iron_long_sword":2,"minecraft:iron_hoe":2,"minecraft:stone_sword":1,"minecraft:iron_axe":12,"minecraft:iron_pickaxe":4,"minecraft:iron_helmet":2},"minecraft:killed_by":{"endermanoverhaul:cave_enderman":2,"minecraft:creeper":4,"graveyard:skeleton_creeper":2,"minecraft:vindicator":2,"creeperoverhaul:cave_creeper":1,"minecraft:cave_spider":3,"minecraft:zombie":2,"naturalist:hippo":1,"minecraft:player":1,"minecraft:spider":3,"minecraft:skeleton":2},"minecraft:picked_up":{"minecraft:wheat":410,"regions_unexplored:magnolia_log":2,"endrem:corrupted_eye":1,"minecraft:lead":11,"minecraft:oak_stairs":14,"minecraft:string":120,"minecraft:raw_copper":25,"minecraft:beetroot":23,"comforts:sleeping_bag_black":21,"minecraft:cobbled_deepslate":116,"regions_unexplored:pine_log":2,"minecraft:gold_nugget":29,"minecraft:azalea":2,"minecraft:iron_pickaxe":2,"regions_unexplored:blackwood_log":1,"minecraft:furnace":3,"regions_unexplored:redwood_log":1,"minecraft:iron_boots":1,"minecraft:stick":411,"minecraft:oak_fence":11,"minecraft:torch":97,"regions_unexplored:pink_magnolia_shrub":1,"minecraft:diorite":64,"beautify:lamp_light_bulb":1,"minecraft:brown_carpet":1,"regions_unexplored:pink_magnolia_sapling":1,"minecraft:rotten_flesh":111,"minecraft:tropical_fish":1,"supplementaries:antique_ink":4,"minecraft:cyan_terracotta":1,"more_armor_trims:nihility_armor_trim_smithing_template":1,"supplementaries:ash":48,"regions_unexplored:magnolia_sapling":2,"minecraft:cobblestone":844,"minecraft:birch_log":622,"minecraft:leather_chestplate":1,"minecraft:feather":16,"minecraft:andesite":8,"minecraft:jungle_log":12,"minecraft:smoker":2,"minecraft:potato":465,"supplementaries:flute":1,"supplementaries:flax_seeds":5,"minecraft:lapis_lazuli":86,"minecraft:dirt":946,"minecraft:lantern":3,"minecraft:leather_boots":1,"minecraft:bone":71,"minecraft:bow":1,"minecraft:wheat_seeds":837,"minecraft:raw_gold":34,"regions_unexplored:pink_bioshroom":2,"minecraft:bamboo":1,"minecraft:oak_planks":128,"minecraft:black_terracotta":1,"minecraft:poisonous_potato":4,"minecraft:birch_fence_gate":6,"minecraft:sand":261,"minecraft:jungle_planks":48,"minecraft:grass_block":2,"minecraft:dark_oak_log":36,"regions_unexplored:pink_lupine":8,"minecraft:diamond":13,"regions_unexplored:clover":826,"regions_unexplored:redwood_shrub":2,"minecraft:granite":30,"minecraft:emerald":30,"minecraft:bread":68,"minecraft:oak_sapling":414,"minecraft:cocoa_beans":4,"minecraft:crafting_table":12,"minecraft:chicken":16,"minecraft:clay_ball":40,"minecraft:chest_minecart":1,"minecraft:red_bed":13,"minecraft:moss_carpet":2,"minecraft:birch_fence":61,"minecraft:iron_shovel":2,"supplementaries:bomb":4,"graveyard:corruption":11,"minecraft:detector_rail":3,"minecraft:beef":44,"minecraft:iron_nugget":52,"minecraft:poppy":8,"regions_unexplored:redwood_planks":4,"minecraft:chest":32,"minecraft:birch_sapling":148,"chipped:iron_bowl_lantern":1,"minecraft:spruce_trapdoor":2,"minecraft:phantom_membrane":2,"minecraft:egg":97,"minecraft:dark_oak_sapling":3,"minecraft:raw_iron":283,"regions_unexplored:blue_lupine":12,"minecraft:carrot":429,"minecraft:redstone":103,"meadow:inky_wool":2,"minecraft:arrow":48,"regions_unexplored:mauve_sapling":1,"minecraft:beetroot_seeds":37,"regions_unexplored:purple_lupine":11,"minecraft:mutton":5,"minecraft:rail":7,"minecraft:stripped_oak_log":36,"minecraft:birch_leaves":88,"minecraft:leather":29,"minecraft:birch_planks":56,"minecraft:oak_log":1595,"minecraft:lily_pad":1,"minecraft:golden_boots":1,"naturalist:cooked_egg":13,"minecraft:gunpowder":6,"minecraft:white_banner":1,"horseexpert:monocle":1,"minecraft:apple":50,"minecraft:stone_bricks":1,"minecraft:spruce_wood":115,"minecraft:iron_ingot":2,"meadow:patched_wool":1,"minecraft:glass_bottle":2,"regions_unexplored:yellow_lupine":2,"minecraft:oak_slab":15,"bakery:strawberry":1,"medievalweapons:long_bow":1,"graveyard:ossuary":1,"minecraft:dandelion":6,"minecraft:blast_furnace":3,"minecraft:white_bed":1,"minecraft:spruce_door":2,"minecraft:spider_eye":16,"minecraft:iron_helmet":1,"minecraft:birch_sign":2,"minecraft:melon_seeds":3,"minecraft:coal":348,"minecraft:ender_pearl":3},"minecraft:custom":{"minecraft:animals_bred":36,"minecraft:interact_with_crafting_table":161,"minecraft:open_barrel":7,"minecraft:leave_game":19,"minecraft:time_since_death":123266,"minecraft:sprint_one_cm":3404811,"minecraft:drop":175,"minecraft:talked_to_villager":9,"minecraft:play_time":1136534,"minecraft:deaths":29,"minecraft:jump":18607,"minecraft:walk_on_water_one_cm":96373,"minecraft:interact_with_furnace":125,"minecraft:sleep_in_bed":45,"minecraft:damage_dealt":46267,"minecraft:player_kills":1,"minecraft:crouch_one_cm":187876,"minecraft:interact_with_smoker":62,"minecraft:horse_one_cm":456313,"minecraft:interact_with_smithing_table":1,"minecraft:mob_kills":277,"minecraft:climb_one_cm":32911,"minecraft:walk_one_cm":3038190,"minecraft:sneak_time":54063,"minecraft:walk_under_water_one_cm":80245,"minecraft:boat_one_cm":34687,"minecraft:interact_with_blast_furnace":30,"minecraft:total_world_time":1136534,"minecraft:time_since_rest":13815,"minecraft:damage_taken":23924,"minecraft:swim_one_cm":248952,"minecraft:fly_one_cm":4238042,"minecraft:open_chest":957,"minecraft:fall_one_cm":503327}},"DataVersion":3465}