{"stats":{"minecraft:crafted":{"minecraft:oak_planks":20,"minecraft:crafting_table":2,"minecraft:wooden_pickaxe":1,"minecraft:iron_sword":1,"minecraft:furnace":1,"minecraft:stone_axe":1,"minecraft:air":0,"minecraft:stick":12,"minecraft:iron_ingot":2,"minecraft:iron_pickaxe":1,"minecraft:stone_pickaxe":1,"minecraft:stone_sword":2,"minecraft:torch":4,"naturalist:cooked_egg":1},"minecraft:killed":{"minecraft:cave_spider":11,"minecraft:spider":4,"minecraft:zombie":12},"minecraft:mined":{"minecraft:red_bed":9,"minecraft:crafting_table":2,"minecraft:torch":4,"minecraft:granite":1,"minecraft:grass_block":5,"minecraft:cobblestone":4,"minecraft:lapis_ore":4,"minecraft:diorite":25,"minecraft:spawner":5,"minecraft:furnace":1,"minecraft:iron_ore":2,"minecraft:birch_leaves":1,"minecraft:andesite":1,"minecraft:oak_log":5,"minecraft:coal_ore":74,"minecraft:dirt":11,"minecraft:cobweb":56,"minecraft:stone":93,"minecraft:oak_leaves":1,"minecraft:fern":1},"minecraft:used":{"minecraft:stone_sword":121,"minecraft:stone_pickaxe":114,"minecraft:wooden_pickaxe":37,"minecraft:iron_sword":32,"minecraft:torch":4,"minecraft:dirt":11,"minecraft:crafting_table":3,"minecraft:red_bed":9,"minecraft:bread":26,"minecraft:iron_pickaxe":61,"minecraft:stone_axe":5,"minecraft:cobblestone":24,"minecraft:furnace":1},"minecraft:dropped":{"minecraft:bread":11,"minecraft:stone_sword":1,"minecraft:rotten_flesh":7,"minecraft:stone_pickaxe":1},"minecraft:broken":{"minecraft:stone_sword":1},"minecraft:killed_by":{"creeperoverhaul:cave_creeper":1,"minecraft:cave_spider":3},"minecraft:picked_up":{"minecraft:crafting_table":2,"minecraft:andesite":1,"minecraft:chest_minecart":1,"minecraft:oak_log":5,"minecraft:dirt":11,"minecraft:lapis_lazuli":20,"minecraft:red_bed":9,"minecraft:string":72,"minecraft:apple":1,"minecraft:detector_rail":3,"minecraft:furnace":1,"minecraft:egg":1,"minecraft:stick":1,"minecraft:raw_iron":2,"minecraft:torch":4,"minecraft:diorite":25,"minecraft:spider_eye":7,"minecraft:rotten_flesh":7,"minecraft:granite":1,"minecraft:bread":41,"minecraft:oak_sapling":2,"minecraft:melon_seeds":3,"minecraft:coal":72,"minecraft:rail":5,"minecraft:cobblestone":96},"minecraft:custom":{"minecraft:interact_with_furnace":4,"minecraft:mob_kills":27,"minecraft:interact_with_crafting_table":6,"minecraft:leave_game":3,"minecraft:time_since_death":12738,"minecraft:sleep_in_bed":4,"minecraft:climb_one_cm":13182,"minecraft:time_since_rest":10866,"minecraft:sprint_one_cm":114532,"minecraft:damage_taken":2326,"minecraft:walk_one_cm":107704,"minecraft:drop":15,"minecraft:damage_dealt":4235,"minecraft:fly_one_cm":67744,"minecraft:open_chest":16,"minecraft:crouch_one_cm":9457,"minecraft:play_time":53734,"minecraft:deaths":4,"minecraft:sneak_time":4072,"minecraft:jump":552,"minecraft:total_world_time":53734,"minecraft:fall_one_cm":6037}},"DataVersion":3465}