{"stats":{"minecraft:mined":{"regions_unexplored:blue_lupine":3,"minecraft:oak_sapling":5,"minecraft:farmland":2,"minecraft:black_terracotta":1,"regions_unexplored:pink_lupine":1,"minecraft:dark_oak_log":2,"minecraft:granite":22,"minecraft:grass_block":22,"minecraft:jungle_log":1,"minecraft:spawner":5,"minecraft:furnace":1,"minecraft:iron_ore":105,"minecraft:fire":3,"regions_unexplored:purple_lupine":1,"minecraft:andesite":4,"minecraft:vine":1,"minecraft:rail":1,"regions_unexplored:medium_grass":21,"minecraft:spruce_wood":117,"minecraft:azalea_leaves":1,"minecraft:stone":628,"regions_unexplored:redwood_log":1,"regions_unexplored:windswept_grass":1,"minecraft:podzol":1,"regions_unexplored:redwood_shrub":2,"minecraft:red_bed":11,"minecraft:cyan_terracotta":1,"minecraft:brown_carpet":1,"regions_unexplored:pink_bioshroom":1,"minecraft:oak_fence":6,"minecraft:clay":10,"minecraft:crafting_table":6,"minecraft:torch":14,"minecraft:blast_furnace":1,"minecraft:chest":3,"minecraft:copper_ore":1,"regions_unexplored:blackwood_log":1,"minecraft:tall_grass":1,"minecraft:cobblestone":18,"minecraft:lapis_ore":11,"minecraft:deepslate_gold_ore":2,"minecraft:oak_planks":1,"minecraft:diorite":40,"minecraft:wall_torch":3,"regions_unexplored:pine_log":2,"minecraft:birch_sapling":1,"supplementaries:urn":5,"minecraft:birch_planks":10,"minecraft:birch_log":10,"minecraft:wheat":53,"minecraft:birch_leaves":1,"minecraft:grass":125,"minecraft:oak_log":7,"minecraft:coal_ore":130,"minecraft:cocoa":2,"minecraft:dark_oak_sapling":1,"minecraft:dirt":36,"regions_unexplored:clover":25,"minecraft:cobweb":56,"minecraft:gold_ore":16,"minecraft:oak_leaves":3,"minecraft:birch_fence":13,"minecraft:deepslate":6,"minecraft:fern":23},"minecraft:custom":{"minecraft:interact_with_smithing_table":1,"minecraft:mob_kills":96,"minecraft:animals_bred":16,"minecraft:interact_with_crafting_table":55,"minecraft:open_barrel":5,"minecraft:leave_game":6,"minecraft:time_since_death":4384,"minecraft:climb_one_cm":16922,"minecraft:sprint_one_cm":1081047,"minecraft:walk_one_cm":786744,"minecraft:drop":60,"minecraft:talked_to_villager":8,"minecraft:play_time":371091,"minecraft:deaths":13,"minecraft:sneak_time":20253,"minecraft:walk_under_water_one_cm":8506,"minecraft:jump":7008,"minecraft:interact_with_blast_furnace":7,"minecraft:walk_on_water_one_cm":22616,"minecraft:total_world_time":371091,"minecraft:interact_with_furnace":52,"minecraft:sleep_in_bed":25,"minecraft:time_since_rest":4413,"minecraft:damage_taken":9014,"minecraft:damage_dealt":16078,"minecraft:swim_one_cm":70862,"minecraft:fly_one_cm":1539709,"minecraft:open_chest":228,"minecraft:crouch_one_cm":60304,"minecraft:interact_with_smoker":16,"minecraft:fall_one_cm":185057,"minecraft:horse_one_cm":43651},"minecraft:killed_by":{"minecraft:creeper":2,"minecraft:spider":2,"graveyard:skeleton_creeper":1,"creeperoverhaul:cave_creeper":1,"minecraft:cave_spider":3,"minecraft:skeleton":1,"minecraft:zombie":1},"minecraft:broken":{"minecraft:stone_sword":1,"minecraft:stone_pickaxe":1,"minecraft:iron_axe":5,"minecraft:iron_pickaxe":3},"minecraft:crafted":{"regions_unexplored:blackwood_planks":4,"minecraft:cookie":8,"minecraft:oak_planks":560,"medievalweapons:iron_long_sword":1,"inmis:gilded_backpack":1,"minecraft:furnace":2,"medievalweapons:recurve_bow":1,"minecraft:cooked_mutton":1,"minecraft:iron_boots":1,"minecraft:iron_axe":6,"minecraft:birch_fence_gate":6,"minecraft:stone_pickaxe":2,"minecraft:chest":7,"minecraft:smoker":1,"minecraft:cooked_beef":7,"minecraft:crafting_table":3,"minecraft:iron_helmet":1,"minecraft:wooden_pickaxe":1,"minecraft:baked_potato":170,"minecraft:iron_sword":1,"minecraft:bucket":1,"minecraft:birch_planks":972,"comforts:sleeping_bag_black":1,"minecraft:stone_axe":1,"minecraft:bread":57,"minecraft:air":0,"medievalweapons:long_bow":1,"regions_unexplored:redwood_planks":4,"minecraft:iron_chestplate":1,"inmis:plated_backpack":1,"minecraft:birch_fence":48,"minecraft:stick":72,"minecraft:iron_ingot":104,"minecraft:iron_pickaxe":4,"minecraft:iron_shovel":1,"minecraft:stone_sword":2,"minecraft:iron_leggings":1,"minecraft:gold_ingot":16,"inmis:frayed_backpack":1,"minecraft:torch":4,"naturalist:cooked_egg":10},"minecraft:killed":{"minecraft:cave_spider":11,"minecraft:spider":12,"endermanoverhaul:dark_oak_enderman":1,"minecraft:skeleton":15,"minecraft:creeper":1,"minecraft:sheep":3,"minecraft:pillager":2,"minecraft:zombie":45,"minecraft:enderman":1,"minecraft:cow":4},"minecraft:used":{"minecraft:stone_sword":121,"minecraft:iron_shovel":18,"minecraft:chest":9,"minecraft:iron_sword":106,"minecraft:torch":23,"minecraft:cocoa_beans":1,"minecraft:dirt":16,"minecraft:carrot":20,"minecraft:iron_hoe":112,"minecraft:lava_bucket":2,"minecraft:iron_axe":183,"minecraft:furnace":2,"minecraft:cooked_beef":7,"minecraft:egg":1,"minecraft:potato":18,"minecraft:cooked_mutton":1,"minecraft:wheat_seeds":95,"minecraft:water_bucket":8,"minecraft:diorite":4,"minecraft:birch_planks":16,"naturalist:cooked_egg":1,"comforts:sleeping_bag_black":9,"minecraft:stone_pickaxe":245,"minecraft:baked_potato":10,"minecraft:wooden_pickaxe":37,"minecraft:cookie":7,"minecraft:rail":1,"minecraft:blast_furnace":1,"minecraft:crafting_table":8,"minecraft:red_bed":11,"regions_unexplored:redwood_shrub":1,"minecraft:smoker":1,"minecraft:birch_fence":59,"minecraft:oak_log":1,"minecraft:apple":3,"minecraft:birch_fence_gate":6,"minecraft:dark_oak_log":1,"minecraft:bread":113,"minecraft:iron_pickaxe":719,"regions_unexplored:blackwood_planks":4,"minecraft:stone_axe":20,"minecraft:cobblestone":152,"medievalweapons:recurve_bow":11,"medievalweapons:long_bow":4,"medievalweapons:iron_long_sword":119,"minecraft:bucket":10,"minecraft:chest_minecart":1},"minecraft:picked_up":{"minecraft:cocoa_beans":4,"minecraft:crafting_table":6,"minecraft:wheat":185,"minecraft:clay_ball":40,"minecraft:chest_minecart":1,"minecraft:raw_copper":2,"minecraft:string":75,"minecraft:red_bed":11,"minecraft:iron_shovel":2,"minecraft:birch_fence":13,"minecraft:beetroot":23,"minecraft:cobbled_deepslate":11,"regions_unexplored:pine_log":2,"comforts:sleeping_bag_black":9,"minecraft:detector_rail":3,"minecraft:beef":9,"minecraft:azalea":1,"minecraft:poppy":1,"minecraft:iron_pickaxe":1,"minecraft:chest":3,"minecraft:birch_sapling":34,"regions_unexplored:blackwood_log":1,"minecraft:furnace":1,"regions_unexplored:redwood_log":1,"minecraft:egg":20,"minecraft:dark_oak_sapling":3,"minecraft:stick":230,"minecraft:raw_iron":104,"minecraft:oak_fence":5,"minecraft:torch":17,"regions_unexplored:blue_lupine":3,"minecraft:diorite":43,"minecraft:carrot":120,"meadow:inky_wool":2,"minecraft:brown_carpet":1,"minecraft:arrow":22,"minecraft:rotten_flesh":38,"minecraft:beetroot_seeds":37,"supplementaries:antique_ink":1,"minecraft:cyan_terracotta":1,"supplementaries:ash":5,"regions_unexplored:purple_lupine":1,"minecraft:mutton":5,"minecraft:rail":6,"minecraft:cobblestone":637,"minecraft:birch_log":243,"minecraft:leather_chestplate":1,"minecraft:andesite":4,"minecraft:jungle_log":12,"minecraft:leather":13,"minecraft:potato":98,"minecraft:birch_planks":10,"minecraft:oak_log":863,"minecraft:lapis_lazuli":59,"minecraft:dirt":53,"minecraft:bone":13,"minecraft:apple":39,"minecraft:wheat_seeds":392,"minecraft:raw_gold":16,"minecraft:spruce_wood":115,"regions_unexplored:pink_bioshroom":1,"meadow:patched_wool":1,"minecraft:bamboo":1,"minecraft:oak_planks":1,"minecraft:black_terracotta":1,"medievalweapons:long_bow":1,"minecraft:poisonous_potato":1,"minecraft:blast_furnace":1,"minecraft:grass_block":2,"regions_unexplored:pink_lupine":1,"minecraft:dark_oak_log":36,"minecraft:spider_eye":10,"regions_unexplored:clover":330,"regions_unexplored:redwood_shrub":2,"minecraft:granite":22,"minecraft:bread":68,"minecraft:oak_sapling":265,"minecraft:melon_seeds":3,"minecraft:coal":128,"minecraft:ender_pearl":1},"minecraft:dropped":{"minecraft:iron_ingot":3,"minecraft:bread":18,"minecraft:wheat_seeds":279,"minecraft:poisonous_potato":1,"minecraft:oak_fence":5,"medievalweapons:long_bow":1,"minecraft:grass_block":1,"minecraft:dirt":2,"regions_unexplored:purple_lupine":1,"minecraft:iron_pickaxe":1,"meadow:inky_wool":1,"minecraft:string":12,"regions_unexplored:pine_log":2,"minecraft:stone_sword":1,"minecraft:birch_sapling":24,"regions_unexplored:pink_bioshroom":1,"minecraft:rotten_flesh":7,"regions_unexplored:clover":330,"regions_unexplored:redwood_planks":4,"regions_unexplored:pink_lupine":1,"minecraft:poppy":1,"minecraft:oak_sapling":107,"minecraft:brown_carpet":1,"minecraft:spider_eye":3,"minecraft:bamboo":1,"minecraft:arrow":5,"minecraft:stone_pickaxe":1}},"DataVersion":3465}