{"stats":{"minecraft:crafted":{"minecraft:cooked_beef":7,"minecraft:oak_planks":20,"minecraft:crafting_table":2,"minecraft:iron_helmet":1,"medievalweapons:iron_long_sword":1,"minecraft:wooden_pickaxe":1,"minecraft:iron_sword":1,"minecraft:furnace":1,"medievalweapons:recurve_bow":1,"minecraft:bucket":1,"minecraft:birch_planks":84,"minecraft:stone_axe":1,"minecraft:air":0,"medievalweapons:long_bow":1,"minecraft:iron_boots":1,"minecraft:iron_chestplate":1,"minecraft:iron_axe":1,"minecraft:stick":24,"minecraft:iron_ingot":60,"minecraft:iron_pickaxe":2,"minecraft:stone_pickaxe":2,"minecraft:stone_sword":2,"minecraft:chest":3,"minecraft:iron_leggings":1,"inmis:frayed_backpack":1,"minecraft:torch":4,"naturalist:cooked_egg":1},"minecraft:killed":{"minecraft:cave_spider":11,"minecraft:spider":9,"minecraft:creeper":1,"minecraft:sheep":1,"minecraft:skeleton":4,"minecraft:zombie":27,"minecraft:cow":3},"minecraft:mined":{"minecraft:farmland":1,"minecraft:red_bed":11,"minecraft:clay":6,"minecraft:crafting_table":3,"minecraft:torch":13,"minecraft:granite":22,"minecraft:grass_block":8,"minecraft:chest":2,"minecraft:cobblestone":9,"minecraft:deepslate_gold_ore":2,"minecraft:lapis_ore":4,"minecraft:diorite":31,"minecraft:wall_torch":2,"minecraft:spawner":5,"supplementaries:urn":2,"minecraft:furnace":1,"minecraft:birch_log":9,"minecraft:iron_ore":60,"minecraft:birch_leaves":1,"minecraft:andesite":4,"minecraft:grass":101,"minecraft:oak_log":5,"minecraft:coal_ore":115,"minecraft:rail":1,"minecraft:dirt":35,"regions_unexplored:clover":19,"minecraft:cobweb":56,"regions_unexplored:medium_grass":12,"minecraft:azalea_leaves":1,"minecraft:stone":230,"minecraft:gold_ore":6,"minecraft:oak_leaves":1,"minecraft:deepslate":6,"minecraft:fern":19},"minecraft:used":{"minecraft:wheat_seeds":14,"minecraft:water_bucket":1,"minecraft:diorite":4,"minecraft:stone_sword":121,"minecraft:iron_shovel":7,"naturalist:cooked_egg":1,"minecraft:stone_pickaxe":245,"minecraft:chest":4,"minecraft:wooden_pickaxe":37,"minecraft:iron_sword":106,"minecraft:torch":20,"minecraft:dirt":12,"minecraft:rail":1,"minecraft:crafting_table":5,"minecraft:red_bed":11,"minecraft:iron_hoe":101,"minecraft:bread":55,"minecraft:iron_pickaxe":219,"minecraft:stone_axe":20,"minecraft:cobblestone":133,"medievalweapons:iron_long_sword":8,"medievalweapons:recurve_bow":4,"minecraft:furnace":2,"medievalweapons:long_bow":4,"minecraft:bucket":2,"minecraft:chest_minecart":1,"minecraft:cooked_beef":1},"minecraft:dropped":{"minecraft:iron_ingot":3,"minecraft:bread":18,"minecraft:stone_sword":1,"minecraft:rotten_flesh":7,"regions_unexplored:clover":32,"medievalweapons:long_bow":1,"minecraft:stone_pickaxe":1,"minecraft:iron_pickaxe":1,"minecraft:string":12},"minecraft:broken":{"minecraft:stone_pickaxe":1,"minecraft:stone_sword":1,"minecraft:iron_pickaxe":1},"minecraft:killed_by":{"creeperoverhaul:cave_creeper":1,"minecraft:cave_spider":3,"minecraft:skeleton":1,"minecraft:creeper":1,"minecraft:spider":2,"minecraft:zombie":1,"graveyard:skeleton_creeper":1},"minecraft:picked_up":{"minecraft:birch_log":26,"minecraft:crafting_table":3,"minecraft:leather_chestplate":1,"minecraft:clay_ball":24,"minecraft:andesite":4,"minecraft:chest_minecart":1,"minecraft:leather":11,"minecraft:oak_log":5,"minecraft:dirt":37,"minecraft:lapis_lazuli":20,"minecraft:red_bed":11,"minecraft:string":74,"minecraft:iron_shovel":2,"minecraft:bone":5,"minecraft:apple":1,"minecraft:wheat_seeds":14,"minecraft:raw_gold":6,"minecraft:cobbled_deepslate":11,"minecraft:detector_rail":3,"minecraft:beef":7,"minecraft:azalea":1,"minecraft:poppy":1,"minecraft:iron_pickaxe":1,"minecraft:chest":2,"minecraft:birch_sapling":3,"minecraft:furnace":1,"minecraft:egg":1,"minecraft:stick":5,"minecraft:raw_iron":60,"medievalweapons:long_bow":1,"minecraft:torch":15,"minecraft:diorite":34,"meadow:inky_wool":1,"minecraft:spider_eye":9,"minecraft:arrow":3,"minecraft:rotten_flesh":24,"regions_unexplored:clover":39,"minecraft:granite":22,"minecraft:bread":68,"supplementaries:ash":5,"minecraft:oak_sapling":2,"minecraft:mutton":1,"minecraft:melon_seeds":3,"minecraft:coal":113,"minecraft:rail":6,"minecraft:cobblestone":237},"minecraft:custom":{"minecraft:interact_with_furnace":26,"minecraft:mob_kills":57,"minecraft:interact_with_crafting_table":22,"minecraft:leave_game":3,"minecraft:time_since_death":806,"minecraft:sleep_in_bed":9,"minecraft:climb_one_cm":13325,"minecraft:time_since_rest":844,"minecraft:sprint_one_cm":359484,"minecraft:damage_taken":5452,"minecraft:walk_one_cm":296286,"minecraft:drop":24,"minecraft:damage_dealt":8569,"minecraft:swim_one_cm":4145,"minecraft:fly_one_cm":424422,"minecraft:open_chest":62,"minecraft:crouch_one_cm":21686,"minecraft:play_time":143734,"minecraft:deaths":10,"minecraft:sneak_time":8370,"minecraft:walk_under_water_one_cm":527,"minecraft:jump":2149,"minecraft:walk_on_water_one_cm":1473,"minecraft:total_world_time":143734,"minecraft:fall_one_cm":44329}},"DataVersion":3465}