{"stats":{"minecraft:mined":{"minecraft:birch_leaves":1,"minecraft:red_bed":1},"minecraft:used":{"minecraft:bread":2},"minecraft:picked_up":{"minecraft:bread":41,"minecraft:red_bed":2},"minecraft:custom":{"minecraft:jump":140,"minecraft:open_chest":9,"minecraft:time_since_rest":17734,"minecraft:crouch_one_cm":34,"minecraft:leave_game":3,"minecraft:play_time":17734,"minecraft:sprint_one_cm":38136,"minecraft:damage_taken":20,"minecraft:time_since_death":17734,"minecraft:walk_one_cm":28844,"minecraft:sneak_time":11,"minecraft:total_world_time":17734,"minecraft:climb_one_cm":2446,"minecraft:fall_one_cm":3151,"minecraft:fly_one_cm":29878}},"DataVersion":3465}