{"stats":{"minecraft:crafted":{"minecraft:oak_planks":20,"minecraft:crafting_table":2,"minecraft:stick":8,"minecraft:wooden_pickaxe":1,"minecraft:stone_pickaxe":1,"minecraft:stone_sword":2,"minecraft:torch":4,"minecraft:stone_axe":1},"minecraft:killed":{"minecraft:cave_spider":11,"minecraft:zombie":3,"minecraft:spider":4},"minecraft:mined":{"minecraft:red_bed":6,"minecraft:iron_ore":2,"minecraft:andesite":1,"minecraft:birch_leaves":1,"minecraft:torch":4,"minecraft:crafting_table":1,"minecraft:granite":1,"minecraft:coal_ore":40,"minecraft:grass_block":2,"minecraft:oak_log":5,"minecraft:dirt":10,"minecraft:cobweb":56,"minecraft:cobblestone":4,"minecraft:lapis_ore":4,"minecraft:stone":63,"minecraft:diorite":9,"minecraft:oak_leaves":1,"minecraft:spawner":5},"minecraft:used":{"minecraft:stone_sword":121,"minecraft:bread":17,"minecraft:stone_pickaxe":92,"minecraft:wooden_pickaxe":37,"minecraft:torch":4,"minecraft:stone_axe":1,"minecraft:dirt":11,"minecraft:cobblestone":16,"minecraft:crafting_table":2,"minecraft:red_bed":6},"minecraft:broken":{"minecraft:stone_sword":1},"minecraft:killed_by":{"creeperoverhaul:cave_creeper":1,"minecraft:cave_spider":3},"minecraft:picked_up":{"minecraft:raw_iron":2,"minecraft:stick":1,"minecraft:crafting_table":1,"minecraft:chest_minecart":1,"minecraft:andesite":1,"minecraft:torch":4,"minecraft:oak_log":5,"minecraft:diorite":9,"minecraft:spider_eye":7,"minecraft:string":72,"minecraft:lapis_lazuli":20,"minecraft:red_bed":7,"minecraft:dirt":11,"minecraft:rotten_flesh":2,"minecraft:apple":1,"minecraft:detector_rail":3,"minecraft:granite":1,"minecraft:bread":41,"minecraft:oak_sapling":2,"minecraft:melon_seeds":3,"minecraft:coal":40,"minecraft:rail":5,"minecraft:cobblestone":66,"minecraft:egg":1},"minecraft:custom":{"minecraft:time_since_rest":768,"minecraft:sprint_one_cm":76750,"minecraft:damage_taken":1973,"minecraft:walk_one_cm":86735,"minecraft:mob_kills":18,"minecraft:damage_dealt":2686,"minecraft:interact_with_crafting_table":3,"minecraft:fly_one_cm":45942,"minecraft:open_chest":16,"minecraft:crouch_one_cm":4056,"minecraft:play_time":41734,"minecraft:deaths":4,"minecraft:sneak_time":1998,"minecraft:jump":394,"minecraft:leave_game":3,"minecraft:time_since_death":738,"minecraft:sleep_in_bed":3,"minecraft:total_world_time":41734,"minecraft:climb_one_cm":13051,"minecraft:fall_one_cm":4454}},"DataVersion":3465}