{"stats":{"minecraft:crafted":{"regions_unexplored:blackwood_planks":4,"minecraft:cookie":8,"minecraft:oak_planks":20,"medievalweapons:iron_long_sword":1,"inmis:gilded_backpack":1,"minecraft:furnace":2,"medievalweapons:recurve_bow":1,"minecraft:cooked_mutton":1,"minecraft:iron_boots":1,"minecraft:iron_axe":4,"minecraft:birch_fence_gate":4,"minecraft:stone_pickaxe":2,"minecraft:chest":5,"minecraft:smoker":1,"minecraft:cooked_beef":7,"minecraft:crafting_table":3,"minecraft:baked_potato":70,"minecraft:wooden_pickaxe":1,"minecraft:iron_helmet":1,"minecraft:iron_sword":1,"minecraft:bucket":1,"minecraft:birch_planks":232,"comforts:sleeping_bag_black":1,"minecraft:stone_axe":1,"minecraft:bread":28,"minecraft:air":0,"medievalweapons:long_bow":1,"regions_unexplored:redwood_planks":4,"minecraft:iron_chestplate":1,"inmis:plated_backpack":1,"minecraft:birch_fence":48,"minecraft:stick":72,"minecraft:iron_ingot":93,"minecraft:iron_pickaxe":2,"minecraft:stone_sword":2,"minecraft:iron_leggings":1,"minecraft:gold_ingot":16,"inmis:frayed_backpack":1,"minecraft:torch":4,"naturalist:cooked_egg":5},"minecraft:killed":{"minecraft:cave_spider":11,"minecraft:spider":11,"endermanoverhaul:dark_oak_enderman":1,"minecraft:skeleton":12,"minecraft:creeper":1,"minecraft:sheep":3,"minecraft:zombie":39,"minecraft:cow":4},"minecraft:mined":{"minecraft:oak_sapling":2,"minecraft:farmland":2,"minecraft:black_terracotta":1,"minecraft:dark_oak_log":2,"minecraft:granite":22,"minecraft:grass_block":18,"minecraft:jungle_log":1,"minecraft:spawner":5,"minecraft:furnace":1,"minecraft:iron_ore":93,"minecraft:andesite":4,"minecraft:vine":1,"minecraft:rail":1,"minecraft:spruce_wood":117,"regions_unexplored:medium_grass":19,"minecraft:azalea_leaves":1,"regions_unexplored:redwood_log":1,"minecraft:stone":250,"regions_unexplored:windswept_grass":1,"minecraft:podzol":1,"regions_unexplored:redwood_shrub":2,"minecraft:cyan_terracotta":1,"minecraft:red_bed":11,"regions_unexplored:pink_bioshroom":1,"minecraft:brown_carpet":1,"minecraft:clay":6,"minecraft:crafting_table":6,"minecraft:torch":13,"minecraft:blast_furnace":1,"minecraft:chest":3,"regions_unexplored:blackwood_log":1,"minecraft:tall_grass":1,"minecraft:cobblestone":18,"minecraft:lapis_ore":9,"minecraft:deepslate_gold_ore":2,"minecraft:diorite":31,"minecraft:wall_torch":2,"regions_unexplored:pine_log":1,"minecraft:birch_sapling":1,"supplementaries:urn":5,"minecraft:birch_planks":10,"minecraft:birch_log":10,"minecraft:wheat":53,"minecraft:birch_leaves":1,"minecraft:grass":120,"minecraft:oak_log":7,"minecraft:coal_ore":117,"minecraft:cocoa":2,"minecraft:dark_oak_sapling":1,"minecraft:dirt":36,"regions_unexplored:clover":19,"minecraft:cobweb":56,"minecraft:gold_ore":16,"minecraft:birch_fence":6,"minecraft:oak_leaves":2,"minecraft:deepslate":6,"minecraft:fern":23},"minecraft:used":{"minecraft:stone_sword":121,"minecraft:iron_shovel":18,"minecraft:chest":7,"minecraft:iron_sword":106,"minecraft:torch":20,"minecraft:dirt":14,"minecraft:cocoa_beans":1,"minecraft:carrot":20,"minecraft:iron_hoe":112,"minecraft:iron_axe":161,"minecraft:furnace":2,"minecraft:potato":18,"minecraft:egg":1,"minecraft:cooked_beef":7,"minecraft:wheat_seeds":95,"minecraft:cooked_mutton":1,"minecraft:water_bucket":7,"minecraft:diorite":4,"minecraft:birch_planks":16,"naturalist:cooked_egg":1,"comforts:sleeping_bag_black":6,"minecraft:stone_pickaxe":245,"minecraft:baked_potato":10,"minecraft:wooden_pickaxe":37,"minecraft:cookie":7,"minecraft:rail":1,"minecraft:crafting_table":8,"minecraft:red_bed":11,"minecraft:blast_furnace":1,"regions_unexplored:redwood_shrub":1,"minecraft:smoker":1,"minecraft:birch_fence":40,"minecraft:oak_log":1,"minecraft:apple":2,"minecraft:birch_fence_gate":4,"minecraft:dark_oak_log":1,"minecraft:bread":83,"minecraft:iron_pickaxe":304,"regions_unexplored:blackwood_planks":4,"minecraft:stone_axe":20,"minecraft:cobblestone":147,"medievalweapons:recurve_bow":10,"medievalweapons:long_bow":4,"medievalweapons:iron_long_sword":78,"minecraft:bucket":8,"minecraft:chest_minecart":1},"minecraft:dropped":{"minecraft:iron_ingot":3,"minecraft:bread":18,"minecraft:wheat_seeds":98,"minecraft:poisonous_potato":1,"medievalweapons:long_bow":1,"minecraft:iron_pickaxe":1,"meadow:inky_wool":1,"minecraft:string":12,"minecraft:stone_sword":1,"minecraft:rotten_flesh":7,"regions_unexplored:clover":244,"minecraft:oak_sapling":25,"minecraft:arrow":5,"minecraft:stone_pickaxe":1},"minecraft:broken":{"minecraft:stone_sword":1,"minecraft:stone_pickaxe":1,"minecraft:iron_axe":3,"minecraft:iron_pickaxe":1},"minecraft:killed_by":{"minecraft:creeper":2,"minecraft:spider":2,"graveyard:skeleton_creeper":1,"creeperoverhaul:cave_creeper":1,"minecraft:cave_spider":3,"minecraft:skeleton":1,"minecraft:zombie":1},"minecraft:picked_up":{"minecraft:cocoa_beans":4,"minecraft:crafting_table":6,"minecraft:wheat":151,"minecraft:clay_ball":24,"minecraft:chest_minecart":1,"minecraft:string":75,"minecraft:red_bed":11,"minecraft:iron_shovel":2,"minecraft:birch_fence":6,"regions_unexplored:pine_log":1,"minecraft:beetroot":23,"comforts:sleeping_bag_black":6,"minecraft:cobbled_deepslate":11,"minecraft:detector_rail":3,"minecraft:beef":9,"minecraft:azalea":1,"minecraft:poppy":1,"minecraft:iron_pickaxe":1,"minecraft:chest":3,"minecraft:birch_sapling":10,"regions_unexplored:blackwood_log":1,"regions_unexplored:redwood_log":1,"minecraft:egg":6,"minecraft:furnace":1,"minecraft:dark_oak_sapling":3,"minecraft:stick":179,"minecraft:raw_iron":93,"minecraft:torch":15,"minecraft:diorite":34,"minecraft:carrot":90,"meadow:inky_wool":2,"minecraft:brown_carpet":1,"minecraft:arrow":15,"minecraft:rotten_flesh":35,"minecraft:beetroot_seeds":37,"supplementaries:antique_ink":1,"minecraft:cyan_terracotta":1,"supplementaries:ash":5,"minecraft:mutton":5,"minecraft:rail":6,"minecraft:cobblestone":266,"minecraft:birch_log":58,"minecraft:leather_chestplate":1,"minecraft:jungle_log":12,"minecraft:andesite":4,"minecraft:leather":13,"minecraft:potato":65,"minecraft:birch_planks":10,"minecraft:oak_log":728,"minecraft:lapis_lazuli":48,"minecraft:dirt":49,"minecraft:bone":10,"minecraft:apple":29,"minecraft:wheat_seeds":343,"minecraft:raw_gold":16,"minecraft:spruce_wood":115,"meadow:patched_wool":1,"minecraft:bamboo":1,"minecraft:black_terracotta":1,"medievalweapons:long_bow":1,"minecraft:poisonous_potato":1,"minecraft:blast_furnace":1,"minecraft:grass_block":1,"minecraft:dark_oak_log":36,"minecraft:spider_eye":10,"regions_unexplored:redwood_shrub":2,"minecraft:granite":22,"regions_unexplored:clover":317,"minecraft:bread":68,"minecraft:oak_sapling":221,"minecraft:melon_seeds":3,"minecraft:coal":115,"minecraft:ender_pearl":1},"minecraft:custom":{"minecraft:interact_with_smithing_table":1,"minecraft:mob_kills":83,"minecraft:animals_bred":8,"minecraft:interact_with_crafting_table":45,"minecraft:open_barrel":5,"minecraft:leave_game":5,"minecraft:time_since_death":6776,"minecraft:climb_one_cm":16231,"minecraft:sprint_one_cm":870140,"minecraft:walk_one_cm":632883,"minecraft:drop":37,"minecraft:talked_to_villager":3,"minecraft:play_time":295428,"minecraft:deaths":12,"minecraft:sneak_time":17073,"minecraft:walk_under_water_one_cm":5297,"minecraft:jump":5229,"minecraft:interact_with_blast_furnace":3,"minecraft:walk_on_water_one_cm":13044,"minecraft:total_world_time":295428,"minecraft:interact_with_furnace":49,"minecraft:sleep_in_bed":19,"minecraft:time_since_rest":7348,"minecraft:damage_taken":7793,"minecraft:damage_dealt":13323,"minecraft:swim_one_cm":37267,"minecraft:fly_one_cm":1131835,"minecraft:open_chest":176,"minecraft:crouch_one_cm":47968,"minecraft:interact_with_smoker":6,"minecraft:fall_one_cm":133212}},"DataVersion":3465}