{"stats":{"minecraft:crafted":{"minecraft:oak_planks":20,"medievalweapons:iron_long_sword":1,"inmis:gilded_backpack":1,"minecraft:furnace":1,"medievalweapons:recurve_bow":1,"minecraft:cooked_mutton":1,"minecraft:iron_boots":1,"minecraft:iron_axe":1,"minecraft:stone_pickaxe":2,"minecraft:chest":3,"minecraft:cooked_beef":7,"minecraft:crafting_table":2,"minecraft:wooden_pickaxe":1,"minecraft:iron_helmet":1,"minecraft:iron_sword":1,"minecraft:bucket":1,"minecraft:birch_planks":84,"minecraft:stone_axe":1,"minecraft:air":0,"medievalweapons:long_bow":1,"minecraft:iron_chestplate":1,"inmis:plated_backpack":1,"minecraft:stick":24,"minecraft:iron_ingot":93,"minecraft:iron_pickaxe":2,"minecraft:stone_sword":2,"minecraft:iron_leggings":1,"minecraft:gold_ingot":16,"inmis:frayed_backpack":1,"minecraft:torch":4,"naturalist:cooked_egg":1},"minecraft:killed":{"minecraft:cave_spider":11,"minecraft:spider":11,"endermanoverhaul:dark_oak_enderman":1,"minecraft:skeleton":7,"minecraft:creeper":1,"minecraft:sheep":1,"minecraft:zombie":36,"minecraft:cow":3},"minecraft:mined":{"minecraft:farmland":2,"minecraft:granite":22,"minecraft:grass_block":8,"minecraft:spawner":5,"minecraft:furnace":1,"minecraft:iron_ore":93,"minecraft:andesite":4,"minecraft:rail":1,"regions_unexplored:medium_grass":12,"minecraft:azalea_leaves":1,"minecraft:stone":249,"minecraft:red_bed":11,"minecraft:clay":6,"minecraft:crafting_table":3,"minecraft:torch":13,"minecraft:chest":2,"minecraft:cobblestone":16,"minecraft:lapis_ore":9,"minecraft:deepslate_gold_ore":2,"minecraft:diorite":31,"minecraft:wall_torch":2,"supplementaries:urn":5,"minecraft:birch_log":9,"minecraft:wheat":1,"minecraft:birch_leaves":1,"minecraft:grass":102,"minecraft:coal_ore":117,"minecraft:oak_log":5,"minecraft:dirt":36,"minecraft:cobweb":56,"regions_unexplored:clover":19,"minecraft:gold_ore":16,"minecraft:oak_leaves":1,"minecraft:deepslate":6,"minecraft:fern":19},"minecraft:used":{"minecraft:stone_sword":121,"minecraft:iron_shovel":7,"minecraft:chest":4,"minecraft:iron_sword":106,"minecraft:torch":20,"minecraft:dirt":14,"minecraft:iron_hoe":112,"minecraft:furnace":2,"minecraft:cooked_beef":7,"minecraft:wheat_seeds":15,"minecraft:cooked_mutton":1,"minecraft:water_bucket":1,"minecraft:diorite":4,"naturalist:cooked_egg":1,"minecraft:stone_pickaxe":245,"minecraft:wooden_pickaxe":37,"minecraft:rail":1,"minecraft:crafting_table":5,"minecraft:red_bed":11,"minecraft:apple":1,"minecraft:bread":55,"minecraft:iron_pickaxe":298,"minecraft:stone_axe":20,"minecraft:cobblestone":144,"medievalweapons:recurve_bow":4,"medievalweapons:long_bow":4,"medievalweapons:iron_long_sword":57,"minecraft:bucket":2,"minecraft:chest_minecart":1},"minecraft:dropped":{"minecraft:iron_ingot":3,"minecraft:bread":18,"medievalweapons:long_bow":1,"minecraft:iron_pickaxe":1,"minecraft:string":12,"minecraft:stone_sword":1,"minecraft:rotten_flesh":7,"regions_unexplored:clover":64,"minecraft:stone_pickaxe":1},"minecraft:broken":{"minecraft:stone_sword":1,"minecraft:stone_pickaxe":1,"minecraft:iron_pickaxe":1},"minecraft:killed_by":{"minecraft:creeper":1,"minecraft:spider":2,"graveyard:skeleton_creeper":1,"creeperoverhaul:cave_creeper":1,"minecraft:cave_spider":3,"minecraft:skeleton":1,"minecraft:zombie":1},"minecraft:picked_up":{"minecraft:crafting_table":3,"minecraft:clay_ball":24,"minecraft:chest_minecart":1,"minecraft:string":75,"minecraft:red_bed":11,"minecraft:iron_shovel":2,"minecraft:detector_rail":3,"minecraft:cobbled_deepslate":11,"minecraft:beef":7,"minecraft:azalea":1,"minecraft:poppy":1,"minecraft:iron_pickaxe":1,"minecraft:chest":2,"minecraft:birch_sapling":3,"minecraft:egg":1,"minecraft:furnace":1,"minecraft:raw_iron":93,"minecraft:stick":5,"minecraft:torch":15,"minecraft:diorite":34,"meadow:inky_wool":1,"minecraft:arrow":5,"minecraft:rotten_flesh":31,"supplementaries:antique_ink":1,"supplementaries:ash":5,"minecraft:mutton":1,"minecraft:rail":6,"minecraft:cobblestone":263,"minecraft:birch_log":26,"minecraft:leather_chestplate":1,"minecraft:andesite":4,"minecraft:leather":11,"minecraft:oak_log":5,"minecraft:lapis_lazuli":48,"minecraft:dirt":39,"minecraft:bone":7,"minecraft:apple":1,"minecraft:wheat_seeds":15,"minecraft:raw_gold":16,"medievalweapons:long_bow":1,"minecraft:grass_block":1,"minecraft:spider_eye":10,"minecraft:granite":22,"regions_unexplored:clover":71,"minecraft:bread":68,"minecraft:oak_sapling":2,"minecraft:melon_seeds":3,"minecraft:coal":115,"minecraft:ender_pearl":1},"minecraft:custom":{"minecraft:mob_kills":72,"minecraft:interact_with_crafting_table":26,"minecraft:leave_game":4,"minecraft:time_since_death":24430,"minecraft:climb_one_cm":13416,"minecraft:sprint_one_cm":416915,"minecraft:walk_one_cm":360626,"minecraft:drop":25,"minecraft:play_time":167358,"minecraft:deaths":10,"minecraft:sneak_time":9278,"minecraft:walk_under_water_one_cm":639,"minecraft:jump":2524,"minecraft:walk_on_water_one_cm":2469,"minecraft:total_world_time":167358,"minecraft:interact_with_furnace":41,"minecraft:sleep_in_bed":9,"minecraft:time_since_rest":24468,"minecraft:damage_taken":6282,"minecraft:damage_dealt":11878,"minecraft:swim_one_cm":5840,"minecraft:fly_one_cm":481190,"minecraft:open_chest":86,"minecraft:crouch_one_cm":23488,"minecraft:fall_one_cm":51731}},"DataVersion":3465}