{"stats":{"minecraft:crafted":{"minecraft:cookie":8,"minecraft:oak_planks":20,"medievalweapons:iron_long_sword":1,"inmis:gilded_backpack":1,"minecraft:furnace":1,"medievalweapons:recurve_bow":1,"minecraft:cooked_mutton":1,"minecraft:iron_boots":1,"minecraft:iron_axe":4,"minecraft:birch_fence_gate":4,"minecraft:stone_pickaxe":2,"minecraft:chest":3,"minecraft:cooked_beef":7,"minecraft:crafting_table":3,"minecraft:wooden_pickaxe":1,"minecraft:iron_helmet":1,"minecraft:iron_sword":1,"minecraft:bucket":1,"minecraft:birch_planks":232,"comforts:sleeping_bag_black":1,"minecraft:stone_axe":1,"minecraft:bread":28,"minecraft:air":0,"medievalweapons:long_bow":1,"minecraft:iron_chestplate":1,"inmis:plated_backpack":1,"minecraft:birch_fence":48,"minecraft:stick":72,"minecraft:iron_ingot":93,"minecraft:iron_pickaxe":2,"minecraft:stone_sword":2,"minecraft:iron_leggings":1,"minecraft:gold_ingot":16,"inmis:frayed_backpack":1,"minecraft:torch":4,"naturalist:cooked_egg":1},"minecraft:killed":{"minecraft:cave_spider":11,"minecraft:spider":11,"endermanoverhaul:dark_oak_enderman":1,"minecraft:skeleton":12,"minecraft:creeper":1,"minecraft:sheep":3,"minecraft:zombie":39,"minecraft:cow":4},"minecraft:mined":{"minecraft:oak_sapling":2,"minecraft:farmland":2,"minecraft:black_terracotta":1,"minecraft:dark_oak_log":1,"minecraft:granite":22,"minecraft:grass_block":18,"minecraft:jungle_log":1,"minecraft:spawner":5,"minecraft:furnace":1,"minecraft:iron_ore":93,"minecraft:andesite":4,"minecraft:vine":1,"minecraft:rail":1,"minecraft:spruce_wood":117,"regions_unexplored:medium_grass":19,"minecraft:azalea_leaves":1,"minecraft:stone":250,"regions_unexplored:windswept_grass":1,"minecraft:podzol":1,"regions_unexplored:redwood_shrub":1,"minecraft:cyan_terracotta":1,"minecraft:red_bed":11,"minecraft:brown_carpet":1,"minecraft:clay":6,"minecraft:crafting_table":6,"minecraft:torch":13,"minecraft:blast_furnace":1,"minecraft:chest":2,"minecraft:tall_grass":1,"minecraft:cobblestone":18,"minecraft:lapis_ore":9,"minecraft:deepslate_gold_ore":2,"minecraft:diorite":31,"minecraft:wall_torch":2,"minecraft:birch_sapling":1,"supplementaries:urn":5,"minecraft:birch_planks":10,"minecraft:birch_log":10,"minecraft:wheat":17,"minecraft:birch_leaves":1,"minecraft:grass":119,"minecraft:oak_log":7,"minecraft:coal_ore":117,"minecraft:cocoa":2,"minecraft:dark_oak_sapling":1,"minecraft:dirt":36,"regions_unexplored:clover":19,"minecraft:cobweb":56,"minecraft:gold_ore":16,"minecraft:birch_fence":6,"minecraft:oak_leaves":1,"minecraft:deepslate":6,"minecraft:fern":23},"minecraft:used":{"minecraft:stone_sword":121,"minecraft:iron_shovel":18,"minecraft:chest":4,"minecraft:iron_sword":106,"minecraft:torch":20,"minecraft:dirt":14,"minecraft:cocoa_beans":1,"minecraft:iron_hoe":112,"minecraft:iron_axe":155,"minecraft:furnace":2,"minecraft:egg":1,"minecraft:cooked_beef":7,"minecraft:wheat_seeds":95,"minecraft:cooked_mutton":1,"minecraft:water_bucket":5,"minecraft:diorite":4,"minecraft:birch_planks":16,"naturalist:cooked_egg":1,"comforts:sleeping_bag_black":4,"minecraft:stone_pickaxe":245,"minecraft:wooden_pickaxe":37,"minecraft:cookie":7,"minecraft:rail":1,"minecraft:crafting_table":8,"minecraft:red_bed":11,"minecraft:birch_fence":40,"minecraft:oak_log":1,"minecraft:apple":1,"minecraft:birch_fence_gate":4,"minecraft:bread":73,"minecraft:iron_pickaxe":304,"minecraft:stone_axe":20,"minecraft:cobblestone":147,"medievalweapons:recurve_bow":4,"medievalweapons:long_bow":4,"medievalweapons:iron_long_sword":78,"minecraft:bucket":6,"minecraft:chest_minecart":1},"minecraft:dropped":{"minecraft:iron_ingot":3,"minecraft:bread":18,"minecraft:wheat_seeds":98,"minecraft:poisonous_potato":1,"medievalweapons:long_bow":1,"minecraft:iron_pickaxe":1,"meadow:inky_wool":1,"minecraft:string":12,"minecraft:stone_sword":1,"minecraft:rotten_flesh":7,"regions_unexplored:clover":244,"minecraft:oak_sapling":25,"minecraft:stone_pickaxe":1},"minecraft:broken":{"minecraft:stone_sword":1,"minecraft:stone_pickaxe":1,"minecraft:iron_axe":3,"minecraft:iron_pickaxe":1},"minecraft:killed_by":{"minecraft:creeper":1,"minecraft:spider":2,"graveyard:skeleton_creeper":1,"creeperoverhaul:cave_creeper":1,"minecraft:cave_spider":3,"minecraft:skeleton":1,"minecraft:zombie":1},"minecraft:picked_up":{"minecraft:cocoa_beans":4,"minecraft:crafting_table":6,"minecraft:wheat":150,"minecraft:clay_ball":24,"minecraft:chest_minecart":1,"minecraft:string":75,"minecraft:red_bed":11,"minecraft:iron_shovel":2,"minecraft:birch_fence":6,"minecraft:beetroot":23,"comforts:sleeping_bag_black":4,"minecraft:cobbled_deepslate":11,"minecraft:detector_rail":3,"minecraft:beef":9,"minecraft:azalea":1,"minecraft:poppy":1,"minecraft:iron_pickaxe":1,"minecraft:chest":2,"minecraft:birch_sapling":10,"minecraft:egg":4,"minecraft:furnace":1,"minecraft:dark_oak_sapling":3,"minecraft:stick":177,"minecraft:raw_iron":93,"minecraft:torch":15,"minecraft:diorite":34,"minecraft:carrot":90,"meadow:inky_wool":2,"minecraft:brown_carpet":1,"minecraft:arrow":10,"minecraft:rotten_flesh":35,"minecraft:beetroot_seeds":37,"supplementaries:antique_ink":1,"minecraft:cyan_terracotta":1,"supplementaries:ash":5,"minecraft:mutton":5,"minecraft:rail":6,"minecraft:cobblestone":266,"minecraft:birch_log":58,"minecraft:leather_chestplate":1,"minecraft:jungle_log":12,"minecraft:andesite":4,"minecraft:leather":13,"minecraft:potato":65,"minecraft:birch_planks":10,"minecraft:oak_log":719,"minecraft:lapis_lazuli":48,"minecraft:dirt":49,"minecraft:bone":10,"minecraft:apple":29,"minecraft:wheat_seeds":305,"minecraft:raw_gold":16,"minecraft:spruce_wood":115,"meadow:patched_wool":1,"minecraft:black_terracotta":1,"medievalweapons:long_bow":1,"minecraft:poisonous_potato":1,"minecraft:blast_furnace":1,"minecraft:grass_block":1,"minecraft:dark_oak_log":35,"minecraft:spider_eye":10,"regions_unexplored:redwood_shrub":1,"minecraft:granite":22,"regions_unexplored:clover":317,"minecraft:bread":68,"minecraft:oak_sapling":217,"minecraft:melon_seeds":3,"minecraft:coal":115,"minecraft:ender_pearl":1},"minecraft:custom":{"minecraft:interact_with_smithing_table":1,"minecraft:mob_kills":83,"minecraft:animals_bred":6,"minecraft:interact_with_crafting_table":43,"minecraft:open_barrel":2,"minecraft:leave_game":5,"minecraft:time_since_death":77614,"minecraft:climb_one_cm":14429,"minecraft:sprint_one_cm":669001,"minecraft:walk_one_cm":580184,"minecraft:drop":36,"minecraft:talked_to_villager":3,"minecraft:play_time":247428,"minecraft:deaths":11,"minecraft:sneak_time":16552,"minecraft:walk_under_water_one_cm":3538,"minecraft:jump":3705,"minecraft:interact_with_blast_furnace":1,"minecraft:walk_on_water_one_cm":5403,"minecraft:total_world_time":247428,"minecraft:interact_with_furnace":44,"minecraft:sleep_in_bed":16,"minecraft:time_since_rest":2683,"minecraft:damage_taken":7013,"minecraft:damage_dealt":13323,"minecraft:swim_one_cm":9681,"minecraft:fly_one_cm":738304,"minecraft:open_chest":133,"minecraft:crouch_one_cm":46912,"minecraft:fall_one_cm":82957}},"DataVersion":3465}