{"stats":{"minecraft:crafted":{"minecraft:oak_planks":972,"minecraft:cooked_chicken":9,"minecraft:stone":64,"medievalweapons:recurve_bow":1,"minecraft:cooked_mutton":1,"minecraft:spruce_pressure_plate":16,"minecraft:glass":112,"minecraft:iron_boots":1,"minecraft:birch_fence_gate":6,"minecraft:chest":11,"minecraft:stone_bricks":64,"minecraft:oak_fence":78,"minecraft:smoker":1,"minecraft:oak_slab":168,"minecraft:crafting_table":3,"minecraft:spruce_planks":104,"minecraft:iron_helmet":1,"minecraft:wooden_pickaxe":1,"minecraft:baked_potato":217,"minecraft:spruce_door":3,"minecraft:copper_ingot":2,"minecraft:birch_planks":1040,"comforts:sleeping_bag_black":1,"minecraft:spruce_trapdoor":20,"minecraft:iron_chestplate":1,"inmis:plated_backpack":1,"minecraft:birch_fence":48,"minecraft:stick":72,"minecraft:iron_ingot":111,"minecraft:iron_pickaxe":4,"minecraft:stone_sword":2,"minecraft:gold_ingot":16,"inmis:frayed_backpack":3,"naturalist:cooked_egg":59,"regions_unexplored:blackwood_planks":4,"minecraft:cookie":8,"medievalweapons:iron_long_sword":1,"inmis:gilded_backpack":1,"minecraft:furnace":2,"minecraft:glass_pane":288,"minecraft:leather":25,"minecraft:iron_axe":8,"minecraft:stone_pickaxe":2,"minecraft:cooked_beef":23,"minecraft:iron_sword":1,"minecraft:bucket":1,"minecraft:stone_axe":1,"minecraft:jungle_planks":48,"minecraft:bread":68,"minecraft:air":0,"medievalweapons:long_bow":1,"regions_unexplored:redwood_planks":4,"minecraft:oak_stairs":40,"minecraft:iron_shovel":3,"minecraft:iron_leggings":1,"minecraft:torch":4},"minecraft:killed":{"minecraft:cave_spider":11,"minecraft:witch":1,"minecraft:spider":18,"endermanoverhaul:dark_oak_enderman":1,"minecraft:zombie_horse":1,"minecraft:skeleton":19,"minecraft:chicken":9,"minecraft:zombie_villager":1,"minecraft:creeper":1,"minecraft:sheep":3,"minecraft:pillager":2,"minecraft:zombie":62,"minecraft:cow":12,"graveyard:nightmare":1,"minecraft:enderman":3},"minecraft:mined":{"regions_unexplored:blue_lupine":8,"minecraft:oak_sapling":5,"minecraft:farmland":2,"minecraft:black_terracotta":1,"minecraft:spruce_trapdoor":2,"minecraft:granite":22,"minecraft:grass_block":423,"minecraft:jungle_log":1,"minecraft:spawner":5,"minecraft:iron_ore":113,"minecraft:fire":3,"regions_unexplored:purple_lupine":8,"minecraft:oak_stairs":3,"minecraft:spruce_wood":117,"minecraft:azalea_leaves":1,"minecraft:red_bed":12,"minecraft:cyan_terracotta":1,"minecraft:smoker":1,"regions_unexplored:yellow_lupine":1,"minecraft:clay":10,"minecraft:torch":25,"minecraft:blast_furnace":2,"minecraft:chest":9,"minecraft:cobblestone":22,"minecraft:oak_planks":83,"minecraft:wall_torch":16,"regions_unexplored:pine_log":2,"minecraft:birch_sapling":8,"minecraft:birch_log":10,"minecraft:wheat":53,"minecraft:grass":137,"minecraft:oak_log":65,"minecraft:dark_oak_sapling":1,"minecraft:sand":272,"minecraft:dirt":75,"regions_unexplored:clover":43,"minecraft:oak_leaves":3,"minecraft:deepslate":6,"regions_unexplored:pink_lupine":8,"minecraft:dark_oak_log":2,"minecraft:jungle_planks":48,"minecraft:furnace":2,"minecraft:andesite":4,"minecraft:vine":1,"minecraft:rail":1,"regions_unexplored:medium_grass":30,"minecraft:stone":628,"regions_unexplored:redwood_log":1,"regions_unexplored:windswept_grass":1,"minecraft:podzol":1,"regions_unexplored:redwood_shrub":2,"minecraft:oak_slab":15,"minecraft:glass_pane":1,"minecraft:brown_carpet":1,"regions_unexplored:pink_bioshroom":1,"minecraft:spruce_door":2,"minecraft:oak_fence":7,"minecraft:crafting_table":7,"regions_unexplored:blackwood_log":1,"minecraft:tall_grass":2,"minecraft:copper_ore":1,"minecraft:lapis_ore":11,"minecraft:deepslate_gold_ore":2,"minecraft:diorite":40,"supplementaries:urn":5,"minecraft:birch_planks":31,"minecraft:birch_leaves":1,"regions_unexplored:sandy_grass":2,"minecraft:coal_ore":130,"minecraft:cocoa":2,"minecraft:cobweb":56,"minecraft:gold_ore":16,"minecraft:birch_fence":13,"minecraft:fern":25},"minecraft:used":{"minecraft:iron_shovel":745,"minecraft:chest":17,"minecraft:iron_sword":106,"minecraft:cocoa_beans":1,"minecraft:jungle_planks":60,"minecraft:carrot":20,"minecraft:lava_bucket":2,"minecraft:stone_bricks":48,"minecraft:furnace":3,"minecraft:egg":7,"minecraft:potato":18,"minecraft:diorite":4,"minecraft:spruce_door":3,"naturalist:cooked_egg":1,"minecraft:stone_pickaxe":245,"minecraft:oak_planks":781,"minecraft:wooden_pickaxe":37,"minecraft:cookie":7,"minecraft:blast_furnace":2,"minecraft:birch_fence":59,"minecraft:birch_fence_gate":6,"minecraft:dark_oak_log":1,"minecraft:bread":163,"regions_unexplored:blackwood_planks":4,"minecraft:chest_minecart":1,"minecraft:oak_fence":68,"minecraft:stone_sword":121,"minecraft:torch":53,"minecraft:dirt":346,"minecraft:iron_hoe":113,"minecraft:iron_axe":614,"minecraft:oak_stairs":38,"minecraft:cooked_beef":7,"minecraft:wheat_seeds":95,"minecraft:cooked_mutton":1,"minecraft:water_bucket":79,"minecraft:birch_planks":505,"comforts:sleeping_bag_black":18,"minecraft:baked_potato":34,"minecraft:rail":1,"minecraft:oak_slab":70,"minecraft:crafting_table":9,"minecraft:red_bed":12,"regions_unexplored:redwood_shrub":1,"minecraft:smoker":2,"minecraft:oak_log":678,"minecraft:apple":3,"minecraft:iron_pickaxe":734,"minecraft:spruce_trapdoor":15,"minecraft:stone_axe":20,"minecraft:cobblestone":436,"medievalweapons:recurve_bow":11,"medievalweapons:long_bow":4,"medievalweapons:iron_long_sword":224,"minecraft:bucket":81,"minecraft:glass_pane":186},"minecraft:dropped":{"minecraft:iron_sword":2,"inmis:frayed_backpack":2,"minecraft:baked_potato":156,"minecraft:dirt":2,"minecraft:dark_oak_log":35,"minecraft:iron_pickaxe":2,"meadow:inky_wool":1,"minecraft:white_wool":3,"naturalist:cooked_egg":24,"minecraft:birch_sapling":31,"regions_unexplored:pink_bioshroom":2,"minecraft:rotten_flesh":16,"regions_unexplored:redwood_planks":4,"minecraft:carrot":96,"minecraft:poppy":8,"minecraft:leather_chestplate":1,"minecraft:spruce_pressure_plate":16,"minecraft:arrow":5,"minecraft:egg":4,"minecraft:iron_ingot":3,"minecraft:bread":37,"minecraft:wheat_seeds":361,"minecraft:poisonous_potato":1,"minecraft:oak_fence":5,"minecraft:iron_helmet":1,"regions_unexplored:yellow_lupine":1,"minecraft:apple":21,"medievalweapons:long_bow":2,"minecraft:grass_block":1,"minecraft:stick":3,"minecraft:torch":7,"endrem:corrupted_eye":1,"regions_unexplored:purple_lupine":8,"minecraft:iron_leggings":1,"minecraft:string":14,"minecraft:dandelion":6,"regions_unexplored:pine_log":2,"minecraft:stone_sword":1,"regions_unexplored:clover":670,"regions_unexplored:pink_lupine":8,"minecraft:oak_sapling":107,"minecraft:spider_eye":3,"minecraft:bamboo":1,"minecraft:brown_carpet":1,"minecraft:stone_pickaxe":1,"regions_unexplored:blue_lupine":9},"minecraft:broken":{"minecraft:iron_shovel":3,"minecraft:iron_boots":1,"minecraft:stone_pickaxe":1,"minecraft:stone_sword":1,"minecraft:iron_axe":7,"minecraft:iron_pickaxe":3,"minecraft:iron_helmet":1},"minecraft:killed_by":{"minecraft:creeper":2,"graveyard:skeleton_creeper":2,"creeperoverhaul:cave_creeper":1,"minecraft:cave_spider":3,"minecraft:zombie":2,"minecraft:spider":3,"minecraft:skeleton":1},"minecraft:picked_up":{"minecraft:wheat":227,"regions_unexplored:magnolia_log":2,"endrem:corrupted_eye":1,"minecraft:oak_stairs":3,"minecraft:string":81,"minecraft:raw_copper":2,"minecraft:beetroot":23,"comforts:sleeping_bag_black":18,"minecraft:cobbled_deepslate":11,"regions_unexplored:pine_log":2,"minecraft:azalea":1,"minecraft:iron_pickaxe":1,"regions_unexplored:blackwood_log":1,"minecraft:furnace":2,"regions_unexplored:redwood_log":1,"minecraft:stick":256,"minecraft:oak_fence":6,"minecraft:torch":43,"minecraft:diorite":43,"minecraft:brown_carpet":1,"regions_unexplored:pink_magnolia_sapling":1,"minecraft:rotten_flesh":60,"supplementaries:antique_ink":1,"minecraft:cyan_terracotta":1,"supplementaries:ash":5,"regions_unexplored:magnolia_sapling":2,"minecraft:cobblestone":641,"minecraft:birch_log":408,"minecraft:leather_chestplate":1,"minecraft:feather":7,"minecraft:andesite":4,"minecraft:jungle_log":12,"minecraft:smoker":1,"minecraft:potato":145,"minecraft:lapis_lazuli":59,"minecraft:dirt":496,"minecraft:bone":16,"minecraft:wheat_seeds":488,"minecraft:raw_gold":16,"regions_unexplored:pink_bioshroom":2,"minecraft:bamboo":1,"minecraft:oak_planks":81,"minecraft:black_terracotta":1,"minecraft:poisonous_potato":1,"minecraft:jungle_planks":48,"minecraft:sand":261,"minecraft:grass_block":2,"minecraft:dark_oak_log":36,"regions_unexplored:pink_lupine":8,"regions_unexplored:clover":670,"regions_unexplored:redwood_shrub":2,"minecraft:granite":22,"minecraft:bread":68,"minecraft:oak_sapling":265,"minecraft:cocoa_beans":4,"minecraft:crafting_table":7,"minecraft:chicken":9,"minecraft:clay_ball":40,"minecraft:chest_minecart":1,"minecraft:red_bed":12,"minecraft:iron_shovel":2,"minecraft:birch_fence":13,"graveyard:corruption":3,"minecraft:detector_rail":3,"minecraft:beef":28,"minecraft:poppy":8,"minecraft:chest":9,"minecraft:birch_sapling":71,"minecraft:spruce_trapdoor":2,"minecraft:egg":73,"minecraft:dark_oak_sapling":3,"minecraft:raw_iron":111,"regions_unexplored:blue_lupine":9,"minecraft:carrot":163,"minecraft:redstone":2,"meadow:inky_wool":2,"minecraft:arrow":22,"minecraft:beetroot_seeds":37,"regions_unexplored:purple_lupine":8,"minecraft:mutton":5,"minecraft:rail":6,"minecraft:leather":24,"minecraft:birch_planks":31,"minecraft:oak_log":921,"minecraft:gunpowder":2,"minecraft:apple":39,"minecraft:spruce_wood":115,"meadow:patched_wool":1,"regions_unexplored:yellow_lupine":1,"minecraft:oak_slab":15,"medievalweapons:long_bow":1,"minecraft:dandelion":6,"minecraft:blast_furnace":2,"minecraft:spruce_door":2,"minecraft:spider_eye":11,"minecraft:melon_seeds":3,"minecraft:coal":159,"minecraft:ender_pearl":3},"minecraft:custom":{"minecraft:animals_bred":24,"minecraft:interact_with_crafting_table":85,"minecraft:open_barrel":5,"minecraft:leave_game":10,"minecraft:time_since_death":24837,"minecraft:sprint_one_cm":1715692,"minecraft:drop":117,"minecraft:talked_to_villager":9,"minecraft:play_time":631243,"minecraft:deaths":19,"minecraft:jump":10735,"minecraft:walk_on_water_one_cm":40102,"minecraft:interact_with_furnace":72,"minecraft:sleep_in_bed":35,"minecraft:damage_dealt":23959,"minecraft:crouch_one_cm":100463,"minecraft:interact_with_smoker":34,"minecraft:horse_one_cm":43651,"minecraft:interact_with_smithing_table":1,"minecraft:mob_kills":146,"minecraft:climb_one_cm":18886,"minecraft:walk_one_cm":1539723,"minecraft:sneak_time":29725,"minecraft:walk_under_water_one_cm":32143,"minecraft:interact_with_blast_furnace":14,"minecraft:total_world_time":631243,"minecraft:time_since_rest":24873,"minecraft:damage_taken":13300,"minecraft:swim_one_cm":94464,"minecraft:fly_one_cm":2357036,"minecraft:open_chest":359,"minecraft:fall_one_cm":290900}},"DataVersion":3465}