{"stats":{"minecraft:crafted":{"regions_unexplored:blackwood_planks":4,"minecraft:cookie":8,"minecraft:oak_planks":560,"medievalweapons:iron_long_sword":1,"minecraft:cooked_chicken":9,"inmis:gilded_backpack":1,"minecraft:furnace":2,"medievalweapons:recurve_bow":1,"minecraft:stone":64,"minecraft:cooked_mutton":1,"minecraft:iron_boots":1,"minecraft:leather":8,"minecraft:iron_axe":6,"minecraft:birch_fence_gate":6,"minecraft:stone_pickaxe":2,"minecraft:chest":9,"minecraft:smoker":1,"minecraft:cooked_beef":23,"minecraft:crafting_table":3,"minecraft:iron_helmet":1,"minecraft:wooden_pickaxe":1,"minecraft:baked_potato":217,"minecraft:iron_sword":1,"minecraft:copper_ingot":2,"minecraft:bucket":1,"minecraft:birch_planks":1040,"comforts:sleeping_bag_black":1,"minecraft:stone_axe":1,"minecraft:bread":68,"minecraft:air":0,"medievalweapons:long_bow":1,"minecraft:jungle_planks":48,"regions_unexplored:redwood_planks":4,"minecraft:iron_chestplate":1,"inmis:plated_backpack":1,"minecraft:birch_fence":48,"minecraft:stick":72,"minecraft:iron_ingot":111,"minecraft:iron_pickaxe":4,"minecraft:stone_sword":2,"minecraft:iron_shovel":3,"minecraft:iron_leggings":1,"minecraft:gold_ingot":16,"inmis:frayed_backpack":3,"minecraft:torch":4,"naturalist:cooked_egg":49},"minecraft:killed":{"minecraft:cave_spider":11,"minecraft:witch":1,"graveyard:nightmare":1,"minecraft:spider":15,"endermanoverhaul:dark_oak_enderman":1,"minecraft:skeleton":18,"minecraft:chicken":9,"minecraft:creeper":1,"minecraft:sheep":3,"minecraft:pillager":2,"minecraft:zombie":52,"minecraft:enderman":2,"minecraft:cow":12},"minecraft:mined":{"minecraft:oak_sapling":5,"minecraft:farmland":2,"regions_unexplored:blue_lupine":8,"minecraft:black_terracotta":1,"regions_unexplored:pink_lupine":8,"minecraft:dark_oak_log":2,"minecraft:granite":22,"minecraft:jungle_planks":48,"minecraft:grass_block":419,"minecraft:jungle_log":1,"minecraft:spawner":5,"minecraft:furnace":1,"minecraft:iron_ore":112,"minecraft:fire":3,"regions_unexplored:purple_lupine":8,"minecraft:andesite":4,"minecraft:vine":1,"minecraft:rail":1,"regions_unexplored:medium_grass":30,"minecraft:spruce_wood":117,"minecraft:azalea_leaves":1,"minecraft:stone":628,"regions_unexplored:redwood_log":1,"regions_unexplored:windswept_grass":1,"minecraft:podzol":1,"regions_unexplored:redwood_shrub":2,"minecraft:cyan_terracotta":1,"minecraft:red_bed":11,"regions_unexplored:yellow_lupine":1,"regions_unexplored:pink_bioshroom":1,"minecraft:brown_carpet":1,"minecraft:clay":10,"minecraft:oak_fence":6,"minecraft:crafting_table":6,"minecraft:torch":23,"minecraft:blast_furnace":1,"minecraft:chest":3,"minecraft:copper_ore":1,"regions_unexplored:blackwood_log":1,"minecraft:tall_grass":2,"minecraft:cobblestone":22,"minecraft:deepslate_gold_ore":2,"minecraft:lapis_ore":11,"minecraft:oak_planks":14,"minecraft:diorite":40,"minecraft:wall_torch":3,"regions_unexplored:pine_log":2,"minecraft:birch_sapling":3,"supplementaries:urn":5,"minecraft:birch_planks":20,"minecraft:birch_log":10,"minecraft:wheat":53,"minecraft:birch_leaves":1,"regions_unexplored:sandy_grass":2,"minecraft:grass":135,"minecraft:coal_ore":130,"minecraft:oak_log":12,"minecraft:cocoa":2,"minecraft:dark_oak_sapling":1,"minecraft:sand":272,"minecraft:dirt":71,"minecraft:cobweb":56,"regions_unexplored:clover":42,"minecraft:gold_ore":16,"minecraft:deepslate":6,"minecraft:oak_leaves":3,"minecraft:birch_fence":13,"minecraft:fern":25},"minecraft:used":{"minecraft:iron_shovel":745,"minecraft:stone_sword":121,"minecraft:chest":9,"minecraft:iron_sword":106,"minecraft:cocoa_beans":1,"minecraft:torch":35,"minecraft:dirt":340,"minecraft:jungle_planks":60,"minecraft:carrot":20,"minecraft:iron_hoe":113,"minecraft:lava_bucket":2,"minecraft:iron_axe":279,"minecraft:furnace":2,"minecraft:cooked_beef":7,"minecraft:egg":1,"minecraft:potato":18,"minecraft:cooked_mutton":1,"minecraft:wheat_seeds":95,"minecraft:water_bucket":16,"minecraft:diorite":4,"minecraft:birch_planks":168,"naturalist:cooked_egg":1,"comforts:sleeping_bag_black":16,"minecraft:stone_pickaxe":245,"minecraft:baked_potato":34,"minecraft:oak_planks":363,"minecraft:wooden_pickaxe":37,"minecraft:cookie":7,"minecraft:rail":1,"minecraft:blast_furnace":1,"minecraft:red_bed":11,"minecraft:crafting_table":8,"regions_unexplored:redwood_shrub":1,"minecraft:smoker":1,"minecraft:birch_fence":59,"minecraft:oak_log":119,"minecraft:apple":3,"minecraft:birch_fence_gate":6,"minecraft:dark_oak_log":1,"minecraft:bread":127,"minecraft:iron_pickaxe":730,"regions_unexplored:blackwood_planks":4,"minecraft:stone_axe":20,"minecraft:cobblestone":436,"medievalweapons:recurve_bow":11,"medievalweapons:long_bow":4,"medievalweapons:iron_long_sword":173,"minecraft:bucket":18,"minecraft:chest_minecart":1},"minecraft:dropped":{"minecraft:iron_ingot":3,"minecraft:bread":18,"minecraft:iron_sword":2,"minecraft:wheat_seeds":359,"inmis:frayed_backpack":2,"minecraft:baked_potato":128,"minecraft:poisonous_potato":1,"minecraft:oak_fence":5,"minecraft:iron_helmet":1,"regions_unexplored:yellow_lupine":1,"medievalweapons:long_bow":2,"minecraft:grass_block":1,"minecraft:stick":3,"minecraft:dirt":2,"minecraft:dark_oak_log":35,"minecraft:torch":7,"endrem:corrupted_eye":1,"regions_unexplored:purple_lupine":8,"minecraft:iron_leggings":1,"minecraft:iron_pickaxe":2,"meadow:inky_wool":1,"minecraft:string":14,"minecraft:dandelion":6,"regions_unexplored:pine_log":2,"minecraft:stone_sword":1,"regions_unexplored:pink_bioshroom":2,"minecraft:birch_sapling":31,"minecraft:rotten_flesh":16,"regions_unexplored:clover":538,"regions_unexplored:redwood_planks":4,"regions_unexplored:pink_lupine":8,"minecraft:carrot":64,"minecraft:poppy":8,"minecraft:leather_chestplate":1,"minecraft:oak_sapling":107,"minecraft:spider_eye":3,"minecraft:brown_carpet":1,"minecraft:bamboo":1,"minecraft:arrow":5,"minecraft:stone_pickaxe":1,"regions_unexplored:blue_lupine":9,"minecraft:egg":4},"minecraft:broken":{"minecraft:iron_shovel":3,"minecraft:stone_sword":1,"minecraft:stone_pickaxe":1,"minecraft:iron_axe":5,"minecraft:iron_pickaxe":3},"minecraft:killed_by":{"minecraft:creeper":2,"minecraft:spider":2,"graveyard:skeleton_creeper":1,"creeperoverhaul:cave_creeper":1,"minecraft:cave_spider":3,"minecraft:skeleton":1,"minecraft:zombie":2},"minecraft:picked_up":{"minecraft:cocoa_beans":4,"minecraft:crafting_table":6,"minecraft:wheat":227,"minecraft:chicken":9,"minecraft:clay_ball":40,"minecraft:chest_minecart":1,"regions_unexplored:magnolia_log":2,"endrem:corrupted_eye":1,"minecraft:string":78,"minecraft:red_bed":11,"minecraft:raw_copper":2,"minecraft:iron_shovel":2,"minecraft:birch_fence":13,"minecraft:beetroot":23,"graveyard:corruption":3,"comforts:sleeping_bag_black":16,"regions_unexplored:pine_log":2,"minecraft:cobbled_deepslate":11,"minecraft:detector_rail":3,"minecraft:beef":28,"minecraft:azalea":1,"minecraft:poppy":8,"minecraft:iron_pickaxe":1,"minecraft:chest":3,"minecraft:birch_sapling":41,"regions_unexplored:blackwood_log":1,"minecraft:furnace":1,"regions_unexplored:redwood_log":1,"minecraft:egg":64,"minecraft:dark_oak_sapling":3,"minecraft:stick":238,"minecraft:raw_iron":111,"minecraft:oak_fence":5,"minecraft:torch":27,"regions_unexplored:blue_lupine":9,"minecraft:diorite":43,"minecraft:carrot":163,"minecraft:redstone":2,"meadow:inky_wool":2,"minecraft:brown_carpet":1,"regions_unexplored:pink_magnolia_sapling":1,"minecraft:arrow":22,"minecraft:rotten_flesh":45,"minecraft:beetroot_seeds":37,"supplementaries:antique_ink":1,"minecraft:cyan_terracotta":1,"supplementaries:ash":5,"regions_unexplored:purple_lupine":8,"minecraft:mutton":5,"minecraft:rail":6,"minecraft:cobblestone":641,"minecraft:birch_log":260,"minecraft:leather_chestplate":1,"minecraft:feather":7,"minecraft:andesite":4,"minecraft:jungle_log":12,"minecraft:leather":24,"minecraft:potato":145,"minecraft:birch_planks":20,"minecraft:oak_log":868,"minecraft:gunpowder":2,"minecraft:lapis_lazuli":59,"minecraft:dirt":488,"minecraft:bone":15,"minecraft:apple":39,"minecraft:wheat_seeds":486,"minecraft:raw_gold":16,"minecraft:spruce_wood":115,"regions_unexplored:pink_bioshroom":2,"meadow:patched_wool":1,"regions_unexplored:yellow_lupine":1,"minecraft:bamboo":1,"minecraft:oak_planks":12,"minecraft:black_terracotta":1,"medievalweapons:long_bow":1,"minecraft:dandelion":6,"minecraft:poisonous_potato":1,"minecraft:jungle_planks":48,"minecraft:sand":261,"minecraft:blast_furnace":1,"minecraft:grass_block":2,"regions_unexplored:pink_lupine":8,"minecraft:dark_oak_log":36,"minecraft:spider_eye":10,"regions_unexplored:clover":538,"regions_unexplored:redwood_shrub":2,"minecraft:granite":22,"minecraft:bread":68,"minecraft:oak_sapling":265,"minecraft:melon_seeds":3,"minecraft:coal":128,"minecraft:ender_pearl":2},"minecraft:custom":{"minecraft:interact_with_smithing_table":1,"minecraft:mob_kills":129,"minecraft:animals_bred":24,"minecraft:interact_with_crafting_table":60,"minecraft:open_barrel":5,"minecraft:leave_game":9,"minecraft:time_since_death":88809,"minecraft:climb_one_cm":18886,"minecraft:sprint_one_cm":1425314,"minecraft:walk_one_cm":1144430,"minecraft:drop":100,"minecraft:talked_to_villager":9,"minecraft:play_time":495908,"minecraft:deaths":14,"minecraft:sneak_time":21862,"minecraft:walk_under_water_one_cm":10674,"minecraft:jump":9194,"minecraft:interact_with_blast_furnace":11,"minecraft:walk_on_water_one_cm":23839,"minecraft:total_world_time":495908,"minecraft:interact_with_furnace":60,"minecraft:sleep_in_bed":33,"minecraft:time_since_rest":6707,"minecraft:damage_taken":10415,"minecraft:damage_dealt":20566,"minecraft:swim_one_cm":74683,"minecraft:fly_one_cm":2067118,"minecraft:open_chest":286,"minecraft:crouch_one_cm":67992,"minecraft:fall_one_cm":242438,"minecraft:interact_with_smoker":31,"minecraft:horse_one_cm":43651}},"DataVersion":3465}